"location","date","A (Lineage)","A.28","AE (Lineage)","Alpha (WHO VOC)","B (Lineage)","B.1.640 (WHO FMV)","Beta (WHO VOC)","C (Lineage)","C.16","C.36.3 (WHO FMV)","Delta (WHO VOC)","Delta - AY.1 (WHO VOC)","Delta - AY.100 (WHO VOC)","Delta - AY.102 (WHO VOC)","Delta - AY.103 (WHO VOC)","Delta - AY.104 (WHO VOC)","Delta - AY.106 (WHO VOC)","Delta - AY.107 (WHO VOC)","Delta - AY.108 (WHO VOC)","Delta - AY.109 (WHO VOC)","Delta - AY.11 (WHO VOC)","Delta - AY.110 (WHO VOC)","Delta - AY.111 (WHO VOC)","Delta - AY.112 (WHO VOC)","Delta - AY.112.1 (WHO VOC)","Delta - AY.112.2 (WHO VOC)","Delta - AY.114 (WHO VOC)","Delta - AY.116 (WHO VOC)","Delta - AY.117 (WHO VOC)","Delta - AY.120 (WHO VOC)","Delta - AY.120.1 (WHO VOC)","Delta - AY.120.2.1 (WHO VOC)","Delta - AY.121 (WHO VOC)","Delta - AY.122 (WHO VOC)","Delta - AY.124 (WHO VOC)","Delta - AY.125 (WHO VOC)","Delta - AY.126 (WHO VOC)","Delta - AY.127 (WHO VOC)","Delta - AY.127.1 (WHO VOC)","Delta - AY.129 (WHO VOC)","Delta - AY.13 (WHO VOC)","Delta - AY.131 (WHO VOC)","Delta - AY.16 (WHO VOC)","Delta - AY.20 (WHO VOC)","Delta - AY.23 (WHO VOC)","Delta - AY.24 (WHO VOC)","Delta - AY.25 (WHO VOC)","Delta - AY.25.1 (WHO VOC)","Delta - AY.29.1 (WHO VOC)","Delta - AY.3 (WHO VOC)","Delta - AY.3.4 (WHO VOC)","Delta - AY.32 (WHO VOC)","Delta - AY.33 (WHO VOC)","Delta - AY.34 (WHO VOC)","Delta - AY.34.2 (WHO VOC)","Delta - AY.36 (WHO VOC)","Delta - AY.36.1 (WHO VOC)","Delta - AY.37 (WHO VOC)","Delta - AY.39 (WHO VOC)","Delta - AY.4 (WHO VOC)","Delta - AY.4.13 (WHO VOC)","Delta - AY.4.2 (WHO VOC)","Delta - AY.4.2.3 (WHO VOC)","Delta - AY.4.2.4 (WHO VOC)","Delta - AY.4.4 (WHO VOC)","Delta - AY.4.5 (WHO VOC)","Delta - AY.4.6 (WHO VOC)","Delta - AY.41 (WHO VOC)","Delta - AY.42 (WHO VOC)","Delta - AY.43 (WHO VOC)","Delta - AY.43.8 (WHO VOC)","Delta - AY.44 (WHO VOC)","Delta - AY.45 (WHO VOC)","Delta - AY.46 (WHO VOC)","Delta - AY.46.2 (WHO VOC)","Delta - AY.46.4 (WHO VOC)","Delta - AY.46.5 (WHO VOC)","Delta - AY.46.6 (WHO VOC)","Delta - AY.46.6.1 (WHO VOC)","Delta - AY.5 (WHO VOC)","Delta - AY.61 (WHO VOC)","Delta - AY.62 (WHO VOC)","Delta - AY.64 (WHO VOC)","Delta - AY.65 (WHO VOC)","Delta - AY.67 (WHO VOC)","Delta - AY.7.2 (WHO VOC)","Delta - AY.72 (WHO VOC)","Delta - AY.73 (WHO VOC)","Delta - AY.74 (WHO VOC)","Delta - AY.75 (WHO VOC)","Delta - AY.77 (WHO VOC)","Delta - AY.78 (WHO VOC)","Delta - AY.79 (WHO VOC)","Delta - AY.84 (WHO VOC)","Delta - AY.85 (WHO VOC)","Delta - AY.86 (WHO VOC)","Delta - AY.88 (WHO VOC)","Delta - AY.9 (WHO VOC)","Delta - AY.9.2 (WHO VOC)","Delta - AY.91 (WHO VOC)","Delta - AY.92 (WHO VOC)","Delta - AY.94 (WHO VOC)","Delta - AY.95 (WHO VOC)","Delta - AY.98 (WHO VOC)","Delta - AY.98.1 (WHO VOC)","Delta - AY.99 (WHO VOC)","Eta (WHO VOI)","Gamma - P.1.7 (WHO VOC)","Kappa (WHO VOI)","Omicron - BA.1 (WHO VOC)","Omicron - BA.1.1 (WHO VOC)","Omicron - BA.1.1.1 (WHO VOC)","Omicron - BA.1.1.10 (WHO VOC)","Omicron - BA.1.1.12 (WHO VOC)","Omicron - BA.1.1.7 (WHO VOC)","Omicron - BA.1.13.1 (WHO VOC)","Omicron - BA.1.14 (WHO VOC)","Omicron - BA.1.15 (WHO VOC)","Omicron - BA.1.15.1 (WHO VOC)","Omicron - BA.1.16 (WHO VOC)","Omicron - BA.1.17 (WHO VOC)","Omicron - BA.1.17.2 (WHO VOC)","Omicron - BA.1.18 (WHO VOC)","Omicron - BA.1.19 (WHO VOC)","Omicron - BA.2 (WHO VOC)","Omicron - BA.2.1 (WHO VOC)","Omicron - BA.2.10 (WHO VOC)","Omicron - BA.2.10.1 (WHO VOC)","Omicron - BA.2.10.2 (WHO VOC)","Omicron - BA.2.10.3 (WHO VOC)","Omicron - BA.2.12 (WHO VOC)","Omicron - BA.2.12.1 (WHO VOC)","Omicron - BA.2.21 (WHO VOC)","Omicron - BA.2.23 (WHO VOC)","Omicron - BA.2.3 (WHO VOC)","Omicron - BA.2.3.2 (WHO VOC)","Omicron - BA.2.3.7 (WHO VOC)","Omicron - BA.2.32 (WHO VOC)","Omicron - BA.2.36 (WHO VOC)","Omicron - BA.2.37 (WHO VOC)","Omicron - BA.2.38 (WHO VOC)","Omicron - BA.2.38.1 (WHO VOC)","Omicron - BA.2.39 (WHO VOC)","Omicron - BA.2.4 (WHO VOC)","Omicron - BA.2.40.1 (WHO VOC)","Omicron - BA.2.5 (WHO VOC)","Omicron - BA.2.54 (WHO VOC)","Omicron - BA.2.56 (WHO VOC)","Omicron - BA.2.57 (WHO VOC)","Omicron - BA.2.65 (WHO VOC)","Omicron - BA.2.7 (WHO VOC)","Omicron - BA.2.72 (WHO VOC)","Omicron - BA.2.75 (WHO VOC)","Omicron - BA.2.76 (WHO VOC)","Omicron - BA.2.79 (WHO VOC)","Omicron - BA.2.9 (WHO VOC)","Omicron - BA.3 (WHO VOC)","Omicron - BA.4 (WHO VOC)","Omicron - BA.4.1 (WHO VOC)","Omicron - BA.5 (WHO VOC)","Omicron - BA.5.1 (WHO VOC)","Omicron - BA.5.2 (WHO VOC)","Omicron - BA.5.2.1 (WHO VOC)","Omicron - BA.5.3.1 (WHO VOC)","Omicron - BA.5.6 (WHO VOC)","Omicron - BE.1.1 (WHO VOC)","Omicron - BF.5 (WHO VOC)","Other","Unknown"
"Bahrain","2020-03-08","0","0","0","0","85","0","0","0","0","0","0","0","0","0","0","0","0","0","0","0","0","0","0","0","0","0","0","0","0","0","0","0","0","0","0","0","0","0","0","0","0","0","0","0","0","0","0","0","0","0","0","0","0","0","0","0","0","0","0","0","0","0","0","0","0","0","0","0","0","0","0","0","0","0","0","0","0","0","0","0","0","0","0","0","0","0","0","0","0","0","0","0","0","0","0","0","0","0","0","0","0","0","0","0","0","0","0","0","0","0","0","0","0","0","0","0","0","0","0","0","0","0","0","0","0","0","0","0","0","0","0","0","0","0","0","0","0","0","0","0","0","0","0","0","0","0","0","0","0","0","0","0","0","0","0","0","0","0","0","0","0","0","0","0","0","0","0","0","0"
"Bahrain","2020-03-22","0","0","0","0","249","0","0","0","0","0","0","0","0","0","0","0","0","0","0","0","0","0","0","0","0","0","0","0","0","0","0","0","0","0","0","0","0","0","0","0","0","0","0","0","0","0","0","0","0","0","0","0","0","0","0","0","0","0","0","0","0","0","0","0","0","0","0","0","0","0","0","0","0","0","0","0","0","0","0","0","0","0","0","0","0","0","0","0","0","0","0","0","0","0","0","0","0","0","0","0","0","0","0","0","0","0","0","0","0","0","0","0","0","0","0","0","0","0","0","0","0","0","0","0","0","0","0","0","0","0","0","0","0","0","0","0","0","0","0","0","0","0","0","0","0","0","0","0","0","0","0","0","0","0","0","0","0","0","0","0","0","0","0","0","0","0","0","0","0"
"Bahrain","2020-04-05","61","0","0","0","306","0","0","0","0","0","0","0","0","0","0","0","0","0","0","0","0","0","0","0","0","0","0","0","0","0","0","0","0","0","0","0","0","0","0","0","0","0","0","0","0","0","0","0","0","0","0","0","0","0","0","0","0","0","0","0","0","0","0","0","0","0","0","0","0","0","0","0","0","0","0","0","0","0","0","0","0","0","0","0","0","0","0","0","0","0","0","0","0","0","0","0","0","0","0","0","0","0","0","0","0","0","0","0","0","0","0","0","0","0","0","0","0","0","0","0","0","0","0","0","0","0","0","0","0","0","0","0","0","0","0","0","0","0","0","0","0","0","0","0","0","0","0","0","0","0","0","0","0","0","0","0","0","0","0","0","0","0","0","0","0","0","0","0","0"
"Bahrain","2020-04-19","99","0","0","0","1083","0","0","0","0","0","0","0","0","0","0","0","0","0","0","0","0","0","0","0","0","0","0","0","0","0","0","0","0","0","0","0","0","0","0","0","0","0","0","0","0","0","0","0","0","0","0","0","0","0","0","0","0","0","0","0","0","0","0","0","0","0","0","0","0","0","0","0","0","0","0","0","0","0","0","0","0","0","0","0","0","0","0","0","0","0","0","0","0","0","0","0","0","0","0","0","0","0","0","0","0","0","0","0","0","0","0","0","0","0","0","0","0","0","0","0","0","0","0","0","0","0","0","0","0","0","0","0","0","0","0","0","0","0","0","0","0","0","0","0","0","0","0","0","0","0","0","0","0","0","0","0","0","0","0","0","0","0","0","0","0","0","0","0","0"
"Bahrain","2020-05-03","0","0","0","0","0","0","0","0","0","0","0","0","0","0","0","0","0","0","0","0","0","0","0","0","0","0","0","0","0","0","0","0","0","0","0","0","0","0","0","0","0","0","0","0","0","0","0","0","0","0","0","0","0","0","0","0","0","0","0","0","0","0","0","0","0","0","0","0","0","0","0","0","0","0","0","0","0","0","0","0","0","0","0","0","0","0","0","0","0","0","0","0","0","0","0","0","0","0","0","0","0","0","0","0","0","0","0","0","0","0","0","0","0","0","0","0","0","0","0","0","0","0","0","0","0","0","0","0","0","0","0","0","0","0","0","0","0","0","0","0","0","0","0","0","0","0","0","0","0","0","0","0","0","0","0","0","0","0","0","0","0","0","0","0","0","0","0","0","1502"
"Bahrain","2020-05-17","0","0","0","0","0","0","0","0","0","0","0","0","0","0","0","0","0","0","0","0","0","0","0","0","0","0","0","0","0","0","0","0","0","0","0","0","0","0","0","0","0","0","0","0","0","0","0","0","0","0","0","0","0","0","0","0","0","0","0","0","0","0","0","0","0","0","0","0","0","0","0","0","0","0","0","0","0","0","0","0","0","0","0","0","0","0","0","0","0","0","0","0","0","0","0","0","0","0","0","0","0","0","0","0","0","0","0","0","0","0","0","0","0","0","0","0","0","0","0","0","0","0","0","0","0","0","0","0","0","0","0","0","0","0","0","0","0","0","0","0","0","0","0","0","0","0","0","0","0","0","0","0","0","0","0","0","0","0","0","0","0","0","0","0","0","0","0","0","3573"
"Bahrain","2020-05-31","0","0","0","0","4442","0","0","0","0","0","0","0","0","0","0","0","0","0","0","0","0","0","0","0","0","0","0","0","0","0","0","0","0","0","0","0","0","0","0","0","0","0","0","0","0","0","0","0","0","0","0","0","0","0","0","0","0","0","0","0","0","0","0","0","0","0","0","0","0","0","0","0","0","0","0","0","0","0","0","0","0","0","0","0","0","0","0","0","0","0","0","0","0","0","0","0","0","0","0","0","0","0","0","0","0","0","0","0","0","0","0","0","0","0","0","0","0","0","0","0","0","0","0","0","0","0","0","0","0","0","0","0","0","0","0","0","0","0","0","0","0","0","0","0","0","0","0","0","0","0","0","0","0","0","0","0","0","0","0","0","0","0","0","0","0","0","0","0","0"
"Bahrain","2020-06-14","0","0","0","0","0","0","0","0","0","0","0","0","0","0","0","0","0","0","0","0","0","0","0","0","0","0","0","0","0","0","0","0","0","0","0","0","0","0","0","0","0","0","0","0","0","0","0","0","0","0","0","0","0","0","0","0","0","0","0","0","0","0","0","0","0","0","0","0","0","0","0","0","0","0","0","0","0","0","0","0","0","0","0","0","0","0","0","0","0","0","0","0","0","0","0","0","0","0","0","0","0","0","0","0","0","0","0","0","0","0","0","0","0","0","0","0","0","0","0","0","0","0","0","0","0","0","0","0","0","0","0","0","0","0","0","0","0","0","0","0","0","0","0","0","0","0","0","0","0","0","0","0","0","0","0","0","0","0","0","0","0","0","0","0","0","0","0","0","6829"
"Bahrain","2020-06-28","0","0","1151","0","6328","0","0","0","0","0","0","0","0","0","0","0","0","0","0","0","0","0","0","0","0","0","0","0","0","0","0","0","0","0","0","0","0","0","0","0","0","0","0","0","0","0","0","0","0","0","0","0","0","0","0","0","0","0","0","0","0","0","0","0","0","0","0","0","0","0","0","0","0","0","0","0","0","0","0","0","0","0","0","0","0","0","0","0","0","0","0","0","0","0","0","0","0","0","0","0","0","0","0","0","0","0","0","0","0","0","0","0","0","0","0","0","0","0","0","0","0","0","0","0","0","0","0","0","0","0","0","0","0","0","0","0","0","0","0","0","0","0","0","0","0","0","0","0","0","0","0","0","0","0","0","0","0","0","0","0","0","0","0","0","0","0","0","0","0"
"Bahrain","2020-07-12","0","0","3618","0","3618","0","0","0","0","0","0","0","0","0","0","0","0","0","0","0","0","0","0","0","0","0","0","0","0","0","0","0","0","0","0","0","0","0","0","0","0","0","0","0","0","0","0","0","0","0","0","0","0","0","0","0","0","0","0","0","0","0","0","0","0","0","0","0","0","0","0","0","0","0","0","0","0","0","0","0","0","0","0","0","0","0","0","0","0","0","0","0","0","0","0","0","0","0","0","0","0","0","0","0","0","0","0","0","0","0","0","0","0","0","0","0","0","0","0","0","0","0","0","0","0","0","0","0","0","0","0","0","0","0","0","0","0","0","0","0","0","0","0","0","0","0","0","0","0","0","0","0","0","0","0","0","0","0","0","0","0","0","0","0","0","0","0","0","0"
"Bahrain","2020-07-26","0","0","0","0","6190","0","0","0","0","0","0","0","0","0","0","0","0","0","0","0","0","0","0","0","0","0","0","0","0","0","0","0","0","0","0","0","0","0","0","0","0","0","0","0","0","0","0","0","0","0","0","0","0","0","0","0","0","0","0","0","0","0","0","0","0","0","0","0","0","0","0","0","0","0","0","0","0","0","0","0","0","0","0","0","0","0","0","0","0","0","0","0","0","0","0","0","0","0","0","0","0","0","0","0","0","0","0","0","0","0","0","0","0","0","0","0","0","0","0","0","0","0","0","0","0","0","0","0","0","0","0","0","0","0","0","0","0","0","0","0","0","0","0","0","0","0","0","0","0","0","0","0","0","0","0","0","0","0","0","0","0","0","0","0","0","0","0","0","0"
"Bahrain","2020-08-09","0","0","0","0","0","0","0","0","0","0","0","0","0","0","0","0","0","0","0","0","0","0","0","0","0","0","0","0","0","0","0","0","0","0","0","0","0","0","0","0","0","0","0","0","0","0","0","0","0","0","0","0","0","0","0","0","0","0","0","0","0","0","0","0","0","0","0","0","0","0","0","0","0","0","0","0","0","0","0","0","0","0","0","0","0","0","0","0","0","0","0","0","0","0","0","0","0","0","0","0","0","0","0","0","0","0","0","0","0","0","0","0","0","0","0","0","0","0","0","0","0","0","0","0","0","0","0","0","0","0","0","0","0","0","0","0","0","0","0","0","0","0","0","0","0","0","0","0","0","0","0","0","0","0","0","0","0","0","0","0","0","0","0","0","0","0","0","0","4880"
"Bahrain","2020-08-23","0","0","0","0","5319","0","0","0","0","0","0","0","0","0","0","0","0","0","0","0","0","0","0","0","0","0","0","0","0","0","0","0","0","0","0","0","0","0","0","0","0","0","0","0","0","0","0","0","0","0","0","0","0","0","0","0","0","0","0","0","0","0","0","0","0","0","0","0","0","0","0","0","0","0","0","0","0","0","0","0","0","0","0","0","0","0","0","0","0","0","0","0","0","0","0","0","0","0","0","0","0","0","0","0","0","0","0","0","0","0","0","0","0","0","0","0","0","0","0","0","0","0","0","0","0","0","0","0","0","0","0","0","0","0","0","0","0","0","0","0","0","0","0","0","0","0","0","0","0","0","0","0","0","0","0","0","0","0","0","0","0","0","0","0","0","0","0","0","0"
"Bahrain","2020-09-06","0","0","4057","0","2029","0","0","0","0","0","0","0","0","0","0","0","0","0","0","0","0","0","0","0","0","0","0","0","0","0","0","0","0","0","0","0","0","0","0","0","0","0","0","0","0","0","0","0","0","0","0","0","0","0","0","0","0","0","0","0","0","0","0","0","0","0","0","0","0","0","0","0","0","0","0","0","0","0","0","0","0","0","0","0","0","0","0","0","0","0","0","0","0","0","0","0","0","0","0","0","0","0","0","0","0","0","0","0","0","0","0","0","0","0","0","0","0","0","0","0","0","0","0","0","0","0","0","0","0","0","0","0","0","0","0","0","0","0","0","0","0","0","0","0","0","0","0","0","0","0","0","0","0","0","0","0","0","0","0","0","0","0","0","0","0","0","0","0","0"
"Bahrain","2020-09-20","0","0","4812","0","4812","0","0","0","0","0","0","0","0","0","0","0","0","0","0","0","0","0","0","0","0","0","0","0","0","0","0","0","0","0","0","0","0","0","0","0","0","0","0","0","0","0","0","0","0","0","0","0","0","0","0","0","0","0","0","0","0","0","0","0","0","0","0","0","0","0","0","0","0","0","0","0","0","0","0","0","0","0","0","0","0","0","0","0","0","0","0","0","0","0","0","0","0","0","0","0","0","0","0","0","0","0","0","0","0","0","0","0","0","0","0","0","0","0","0","0","0","0","0","0","0","0","0","0","0","0","0","0","0","0","0","0","0","0","0","0","0","0","0","0","0","0","0","0","0","0","0","0","0","0","0","0","0","0","0","0","0","0","0","0","0","0","0","0","0"
"Bahrain","2020-10-04","0","0","1525","0","6099","0","0","0","0","0","0","0","0","0","0","0","0","0","0","0","0","0","0","0","0","0","0","0","0","0","0","0","0","0","0","0","0","0","0","0","0","0","0","0","0","0","0","0","0","0","0","0","0","0","0","0","0","0","0","0","0","0","0","0","0","0","0","0","0","0","0","0","0","0","0","0","0","0","0","0","0","0","0","0","0","0","0","0","0","0","0","0","0","0","0","0","0","0","0","0","0","0","0","0","0","0","0","0","0","0","0","0","0","0","0","0","0","0","0","0","0","0","0","0","0","0","0","0","0","0","0","0","0","0","0","0","0","0","0","0","0","0","0","0","0","0","0","0","0","0","0","0","0","0","0","0","0","0","0","0","0","0","0","0","0","0","0","0","0"
"Bahrain","2020-10-18","0","0","3362","0","1879","0","0","0","0","0","0","0","0","0","0","0","0","0","0","0","0","0","0","0","0","0","0","0","0","0","0","0","0","0","0","0","0","0","0","0","0","0","0","0","0","0","0","0","0","0","0","0","0","0","0","0","0","0","0","0","0","0","0","0","0","0","0","0","0","0","0","0","0","0","0","0","0","0","0","0","0","0","0","0","0","0","0","0","0","0","0","0","0","0","0","0","0","0","0","0","0","0","0","0","0","0","0","0","0","0","0","0","0","0","0","0","0","0","0","0","0","0","0","0","0","0","0","0","0","0","0","0","0","0","0","0","0","0","0","0","0","0","0","0","0","0","0","0","0","0","0","0","0","0","0","0","0","0","0","0","0","0","0","0","0","0","0","0","0"
"Bahrain","2020-11-01","0","0","2681","0","1341","0","0","0","0","0","0","0","0","0","0","0","0","0","0","0","0","0","0","0","0","0","0","0","0","0","0","0","0","0","0","0","0","0","0","0","0","0","0","0","0","0","0","0","0","0","0","0","0","0","0","0","0","0","0","0","0","0","0","0","0","0","0","0","0","0","0","0","0","0","0","0","0","0","0","0","0","0","0","0","0","0","0","0","0","0","0","0","0","0","0","0","0","0","0","0","0","0","0","0","0","0","0","0","0","0","0","0","0","0","0","0","0","0","0","0","0","0","0","0","0","0","0","0","0","0","0","0","0","0","0","0","0","0","0","0","0","0","0","0","0","0","0","0","0","0","0","0","0","0","0","0","0","0","0","0","0","0","0","0","0","0","0","0","0"
"Bahrain","2020-11-15","0","0","1464","0","1317","0","0","0","0","0","0","0","0","0","0","0","0","0","0","0","0","0","0","0","0","0","0","0","0","0","0","0","0","0","0","0","0","0","0","0","0","0","0","0","0","0","0","0","0","0","0","0","0","0","0","0","0","0","0","0","0","0","0","0","0","0","0","0","0","0","0","0","0","0","0","0","0","0","0","0","0","0","0","0","0","0","0","0","0","0","0","0","0","0","0","0","0","0","0","0","0","0","0","0","0","0","0","0","0","0","0","0","0","0","0","0","0","0","0","0","0","0","0","0","0","0","0","0","0","0","0","0","0","0","0","0","0","0","0","0","0","0","0","0","0","0","0","0","0","0","0","0","0","0","0","0","0","0","0","0","0","0","0","0","0","0","0","0","0"
"Bahrain","2020-11-29","0","0","1207","0","878","0","0","0","0","0","0","0","0","0","0","0","0","0","0","0","0","0","0","0","0","0","0","0","0","0","0","0","0","0","0","0","0","0","0","0","0","0","0","0","0","0","0","0","0","0","0","0","0","0","0","0","0","0","0","0","0","0","0","0","0","0","0","0","0","0","0","0","0","0","0","0","0","0","0","0","0","0","0","0","0","0","0","0","0","0","0","0","0","0","0","0","0","0","0","0","0","0","0","0","0","0","0","0","0","0","0","0","0","0","0","0","0","0","0","0","0","0","0","0","0","0","0","0","0","0","0","0","0","0","0","0","0","0","0","0","0","0","0","0","0","0","0","0","0","0","0","0","0","0","0","0","0","0","0","0","0","0","0","0","0","0","0","0","0"
"Bahrain","2020-12-13","0","0","1178","0","1178","0","0","0","0","0","0","0","0","0","0","0","0","0","0","0","0","0","0","0","0","0","0","0","0","0","0","0","0","0","0","0","0","0","0","0","0","0","0","0","0","0","0","0","0","0","0","0","0","0","0","0","0","0","0","0","0","0","0","0","0","0","0","0","0","0","0","0","0","0","0","0","0","0","0","0","0","0","0","0","0","0","0","0","0","0","0","0","0","0","0","0","0","0","0","0","0","0","0","0","0","0","0","0","0","0","0","0","0","0","0","0","0","0","0","0","0","0","0","0","0","0","0","0","0","0","0","0","0","0","0","0","0","0","0","0","0","0","0","0","0","0","0","0","0","0","0","0","0","0","0","0","0","0","0","0","0","0","0","0","0","0","0","0","0"
"Bahrain","2020-12-27","0","0","1554","0","518","0","0","518","0","0","0","0","0","0","0","0","0","0","0","0","0","0","0","0","0","0","0","0","0","0","0","0","0","0","0","0","0","0","0","0","0","0","0","0","0","0","0","0","0","0","0","0","0","0","0","0","0","0","0","0","0","0","0","0","0","0","0","0","0","0","0","0","0","0","0","0","0","0","0","0","0","0","0","0","0","0","0","0","0","0","0","0","0","0","0","0","0","0","0","0","0","0","0","0","0","0","0","0","0","0","0","0","0","0","0","0","0","0","0","0","0","0","0","0","0","0","0","0","0","0","0","0","0","0","0","0","0","0","0","0","0","0","0","0","0","0","0","0","0","0","0","0","0","0","0","0","0","0","0","0","0","0","0","0","0","0","0","0","0"
"Bahrain","2021-01-10","0","0","1275","0","2550","0","0","0","0","0","0","0","0","0","0","0","0","0","0","0","0","0","0","0","0","0","0","0","0","0","0","0","0","0","0","0","0","0","0","0","0","0","0","0","0","0","0","0","0","0","0","0","0","0","0","0","0","0","0","0","0","0","0","0","0","0","0","0","0","0","0","0","0","0","0","0","0","0","0","0","0","0","0","0","0","0","0","0","0","0","0","0","0","0","0","0","0","0","0","0","0","0","0","0","0","0","0","0","0","0","0","0","0","0","0","0","0","0","0","0","0","0","0","0","0","0","0","0","0","0","0","0","0","0","0","0","0","0","0","0","0","0","0","0","0","0","0","0","0","0","0","0","0","0","0","0","0","0","0","0","0","0","0","0","0","0","0","0","0"
"Bahrain","2021-01-24","0","0","0","1420","1420","0","0","1420","0","0","0","0","0","0","0","0","0","0","0","0","0","0","0","0","0","0","0","0","0","0","0","0","0","0","0","0","0","0","0","0","0","0","0","0","0","0","0","0","0","0","0","0","0","0","0","0","0","0","0","0","0","0","0","0","0","0","0","0","0","0","0","0","0","0","0","0","0","0","0","0","0","0","0","0","0","0","0","0","0","0","0","0","0","0","0","0","0","0","0","0","0","0","0","0","0","0","0","0","0","0","0","0","0","0","0","0","0","0","0","0","0","0","0","0","0","0","0","0","0","0","0","0","0","0","0","0","0","0","0","0","0","0","0","0","0","0","0","0","0","0","0","0","0","0","0","0","0","0","0","0","0","0","0","0","0","0","0","0","0"
"Bahrain","2021-02-07","0","0","0","4452","2504","0","0","0","0","0","0","0","0","0","0","0","0","0","0","0","0","0","0","0","0","0","0","0","0","0","0","0","0","0","0","0","0","0","0","0","0","0","0","0","0","0","0","0","0","0","0","0","0","0","0","0","0","0","0","0","0","0","0","0","0","0","0","0","0","0","0","0","0","0","0","0","0","0","0","0","0","0","0","0","0","0","0","0","0","0","0","0","0","0","0","0","0","0","0","0","0","0","0","0","0","0","279","0","0","0","0","0","0","0","0","0","0","0","0","0","0","0","0","0","0","0","0","0","0","0","0","0","0","0","0","0","0","0","0","0","0","0","0","0","0","0","0","0","0","0","0","0","0","0","0","0","0","0","0","0","0","0","0","0","0","0","0","279","0"
"Bahrain","2021-02-21","0","1104","1104","2207","4413","0","0","0","1104","0","0","0","0","0","0","0","0","0","0","0","0","0","0","0","0","0","0","0","0","0","0","0","0","0","0","0","0","0","0","0","0","0","0","0","0","0","0","0","0","0","0","0","0","0","0","0","0","0","0","0","0","0","0","0","0","0","0","0","0","0","0","0","0","0","0","0","0","0","0","0","0","0","0","0","0","0","0","0","0","0","0","0","0","0","0","0","0","0","0","0","0","0","0","0","0","0","0","0","0","0","0","0","0","0","0","0","0","0","0","0","0","0","0","0","0","0","0","0","0","0","0","0","0","0","0","0","0","0","0","0","0","0","0","0","0","0","0","0","0","0","0","0","0","0","0","0","0","0","0","0","0","0","0","0","0","0","0","552","0"
"Bahrain","2021-03-07","0","0","1100","6595","1100","0","0","0","0","0","0","0","0","0","0","0","0","0","0","0","0","0","0","0","0","0","0","0","0","0","0","0","0","0","0","0","0","0","0","0","0","0","0","0","0","0","0","0","0","0","0","0","0","0","0","0","0","0","0","0","0","0","0","0","0","0","0","0","0","0","0","0","0","0","0","0","0","0","0","0","0","0","0","0","0","0","0","0","0","0","0","0","0","0","0","0","0","0","0","0","0","0","0","0","0","0","0","0","0","0","0","0","0","0","0","0","0","0","0","0","0","0","0","0","0","0","0","0","0","0","0","0","0","0","0","0","0","0","0","0","0","0","0","0","0","0","0","0","0","0","0","0","0","0","0","0","0","0","0","0","0","0","0","0","0","0","0","0","0"
"Bahrain","2021-03-21","0","0","0","8040","1340","0","0","0","0","0","0","0","0","0","0","0","0","0","0","0","0","0","0","0","0","0","0","0","0","0","0","0","0","0","0","0","0","0","0","0","0","0","0","0","0","0","0","0","0","0","0","0","0","0","0","0","0","0","0","0","0","0","0","0","0","0","0","0","0","0","0","0","0","0","0","0","0","0","0","0","0","0","0","0","0","0","0","0","0","0","0","0","0","0","0","0","0","0","0","0","0","0","0","0","0","0","0","0","0","0","0","0","0","0","0","0","0","0","0","0","0","0","0","0","0","0","0","0","0","0","0","0","0","0","0","0","0","0","0","0","0","0","0","0","0","0","0","0","0","0","0","0","0","0","0","0","0","0","0","0","0","0","0","0","0","0","0","0","0"
"Bahrain","2021-04-04","0","0","0","6418","0","0","6418","0","0","0","0","0","0","0","0","0","0","0","0","0","0","0","0","0","0","0","0","0","0","0","0","0","0","0","0","0","0","0","0","0","0","0","0","0","0","0","0","0","0","0","0","0","0","0","0","0","0","0","0","0","0","0","0","0","0","0","0","0","0","0","0","0","0","0","0","0","0","0","0","0","0","0","0","0","0","0","0","0","0","0","0","0","0","0","0","0","0","0","0","0","0","0","0","0","0","0","0","0","0","0","0","0","0","0","0","0","0","0","0","0","0","0","0","0","0","0","0","0","0","0","0","0","0","0","0","0","0","0","0","0","0","0","0","0","0","0","0","0","0","0","0","0","0","0","0","0","0","0","0","0","0","0","0","0","0","0","0","0","0"
"Bahrain","2021-04-18","0","0","0","1297","2074","0","3370","778","0","0","1815","0","0","260","0","0","0","0","0","0","0","0","0","0","0","0","0","0","0","0","0","0","0","260","0","0","0","0","0","0","0","0","0","0","0","0","0","0","0","0","0","0","0","0","0","0","0","0","0","0","0","0","0","0","0","0","0","0","0","0","0","0","0","0","0","0","0","0","0","0","0","519","0","2074","0","0","0","0","0","0","0","0","0","0","0","0","0","0","0","0","0","0","0","0","0","0","0","0","2852","0","0","0","0","0","0","0","0","0","0","0","0","0","0","0","0","0","0","0","0","0","0","0","0","0","0","0","0","0","0","0","0","0","0","0","0","0","0","0","0","0","0","0","0","0","0","0","0","0","0","0","0","0","0","0","0","0","0","0","0"
"Bahrain","2021-05-02","0","0","0","10125","0","0","5063","0","0","0","0","0","0","0","0","0","0","0","0","0","0","0","0","0","0","0","0","0","0","0","0","0","0","0","0","0","0","0","0","0","0","0","0","0","0","0","0","0","0","0","0","0","0","0","0","0","0","0","0","0","0","0","0","0","0","0","0","0","0","0","0","0","0","0","0","0","0","0","0","0","0","0","0","0","0","0","0","0","0","0","0","0","0","0","0","0","0","0","0","0","0","0","0","0","0","0","0","0","0","0","0","0","0","0","0","0","0","0","0","0","0","0","0","0","0","0","0","0","0","0","0","0","0","0","0","0","0","0","0","0","0","0","0","0","0","0","0","0","0","0","0","0","0","0","0","0","0","0","0","0","0","0","0","0","0","0","0","0","0"
"Bahrain","2021-05-16","0","381","0","9890","761","0","0","0","0","0","1142","0","0","0","0","0","0","0","0","0","0","0","0","0","0","0","0","0","0","0","0","0","0","0","0","0","0","0","0","0","0","0","0","0","0","0","0","0","0","0","0","0","0","0","0","0","0","0","0","0","0","0","0","0","0","0","0","0","0","0","0","0","0","0","0","0","0","0","0","0","0","381","0","8368","0","0","0","0","0","0","0","0","0","0","0","0","0","0","0","0","0","0","0","0","0","0","0","0","0","0","0","0","0","0","0","0","0","0","0","0","0","0","0","0","0","0","0","0","0","0","0","0","0","0","0","0","0","0","0","0","0","0","0","0","0","0","0","0","0","0","0","0","0","0","0","0","0","0","0","0","0","0","0","0","0","0","0","761","0"
"Bahrain","2021-05-30","0","0","0","4042","1617","0","0","0","0","0","3233","0","0","1617","0","0","0","0","0","0","0","0","0","0","0","0","0","0","0","0","0","0","0","0","0","0","0","0","0","0","0","0","0","0","0","0","0","0","0","0","0","0","0","0","0","0","0","0","0","0","0","0","0","0","0","0","0","0","0","0","0","0","0","0","0","0","0","0","0","0","0","0","0","25864","0","0","0","0","0","0","0","0","0","0","0","0","0","0","0","0","0","0","0","0","0","0","0","0","0","0","0","0","0","0","0","0","0","0","0","0","0","0","0","0","0","0","0","0","0","0","0","0","0","0","0","0","0","0","0","0","0","0","0","0","0","0","0","0","0","0","0","0","0","0","0","0","0","0","0","0","0","0","0","0","0","0","0","809","0"
"Bahrain","2021-06-13","0","0","0","2572","0","0","858","0","0","0","2572","0","0","0","0","0","0","0","0","0","0","0","0","0","0","0","0","0","0","0","0","0","0","0","0","0","0","0","0","0","0","0","0","0","0","0","0","0","0","0","0","0","0","0","0","0","0","0","0","0","0","0","0","0","0","0","0","0","0","0","0","0","0","0","0","0","0","0","0","0","0","0","0","12003","0","0","0","0","0","0","0","0","0","0","0","0","0","0","0","0","0","0","0","0","0","0","0","0","0","0","0","0","0","0","0","0","0","0","0","0","0","0","0","0","0","0","0","0","0","0","0","0","0","0","0","0","0","0","0","0","0","0","0","0","0","0","0","0","0","0","0","0","0","0","0","0","0","0","0","0","0","0","0","0","0","0","0","2572","0"
"Bahrain","2021-06-27","0","0","0","78","0","0","78","0","0","0","543","0","0","931","0","0","0","0","0","0","0","0","0","78","0","0","0","0","0","0","0","0","0","156","0","0","0","0","0","0","0","0","0","0","0","0","0","0","78","0","0","0","0","0","0","0","0","0","0","0","0","0","0","0","0","0","0","78","0","0","0","0","0","0","0","0","0","0","0","0","0","0","0","4344","0","0","0","0","0","156","0","0","0","0","0","0","0","0","0","0","0","0","0","0","0","0","0","0","0","0","0","0","0","0","0","0","0","0","0","0","0","0","0","0","0","0","0","0","0","0","0","0","0","0","0","0","0","0","0","0","0","0","0","0","0","0","0","0","0","0","0","0","0","0","0","0","0","0","0","0","0","0","0","0","0","0","0","0","0"
"Bahrain","2021-07-11","0","0","0","114","0","0","0","0","0","0","86","0","0","257","0","0","0","86","0","0","0","0","0","0","0","0","0","0","0","0","0","0","0","57","0","0","0","0","0","0","0","0","0","0","57","0","0","0","0","0","0","0","0","0","0","0","0","0","0","0","0","0","0","0","0","0","0","0","0","29","0","0","0","0","0","0","0","0","0","0","0","0","0","1197","0","0","0","0","0","0","0","0","0","0","0","0","0","0","0","0","29","29","29","0","0","0","0","0","0","0","0","0","0","0","0","0","0","0","0","0","0","0","0","0","0","0","0","0","0","0","0","0","0","0","0","0","0","0","0","0","0","0","0","0","0","0","0","0","0","0","0","0","0","0","0","0","0","0","0","0","0","0","0","0","0","0","0","0","0"
"Bahrain","2021-07-25","0","0","0","12","0","0","0","0","0","12","95","0","0","226","0","0","0","0","24","0","0","0","0","12","12","0","0","0","0","0","12","0","12","36","0","0","48","0","0","0","0","0","0","12","0","0","0","0","0","0","0","0","12","0","0","0","12","0","0","0","0","0","0","0","12","0","0","0","0","24","0","0","0","0","0","0","0","0","0","0","0","0","0","689","0","0","0","0","0","0","0","0","0","0","0","12","0","0","0","0","0","36","12","0","0","0","0","12","0","0","0","0","0","0","0","0","0","0","0","0","0","0","0","0","0","0","0","0","0","0","0","0","0","0","0","0","0","0","0","0","0","0","0","0","0","0","0","0","0","0","0","0","0","0","0","0","0","0","0","0","0","0","0","0","0","0","0","0","0"
"Bahrain","2021-08-08","0","0","0","17","0","0","9","0","0","9","132","0","0","157","9","0","0","9","33","0","0","0","0","17","50","0","0","0","0","0","0","0","58","132","0","0","58","9","0","25","9","0","0","0","0","25","0","0","0","0","0","17","25","0","9","9","42","0","0","9","0","0","0","0","0","0","0","17","0","17","0","0","0","0","0","0","0","0","0","0","0","0","0","518","0","9","9","9","0","9","0","0","0","0","0","33","0","0","0","0","0","25","0","0","17","0","0","0","0","0","0","0","0","0","0","0","0","0","0","0","0","0","0","0","0","0","0","0","0","0","0","0","0","0","0","0","0","0","0","0","0","0","0","0","0","0","0","0","0","0","0","0","0","0","0","0","0","0","0","0","0","0","0","0","0","0","0","9","0"
"Bahrain","2021-08-22","0","0","0","17","0","0","0","0","0","0","318","0","0","151","0","0","0","0","17","17","0","0","0","34","151","0","0","0","0","0","0","0","101","34","0","17","34","101","0","0","0","0","0","17","0","0","0","0","0","0","0","17","51","0","0","0","0","0","67","0","0","0","0","0","0","0","0","17","0","0","0","0","0","0","17","0","0","0","0","0","0","0","0","385","0","0","0","0","17","0","0","0","0","0","0","0","0","0","0","0","0","0","0","0","0","0","0","0","0","0","0","0","0","0","0","0","0","0","0","0","0","0","0","0","0","0","0","0","0","0","0","0","0","0","0","0","0","0","0","0","0","0","0","0","0","0","0","0","0","0","0","0","0","0","0","0","0","0","0","0","0","0","0","0","0","0","0","0","0"
"Bahrain","2021-09-05","0","0","0","0","0","0","0","0","0","0","104","0","0","280","0","0","13","0","31","7","0","7","0","7","73","0","0","0","0","13","0","0","25","91","0","13","49","25","0","19","0","0","0","0","7","0","0","0","0","0","0","49","104","0","13","0","0","0","19","7","0","0","0","0","0","0","0","0","13","7","0","0","7","0","13","0","0","7","0","0","0","0","0","358","0","0","0","0","0","0","0","0","0","13","0","0","0","7","7","0","0","0","0","0","13","0","0","0","0","0","0","0","0","0","0","0","0","0","0","0","0","0","0","0","0","0","0","0","0","0","0","0","0","0","0","0","0","0","0","0","0","0","0","0","0","0","0","0","0","0","0","0","0","0","0","0","0","0","0","0","0","0","0","0","0","0","0","0","0"
"Bahrain","2021-09-19","0","0","0","0","0","0","0","0","0","0","224","0","15","51","0","0","0","8","8","0","0","0","0","29","102","0","0","0","0","0","0","15","37","73","0","58","51","37","0","0","0","0","8","65","0","0","0","0","0","0","0","37","8","0","0","0","15","0","0","8","0","0","8","0","8","0","0","22","0","8","0","0","0","0","15","0","0","0","0","0","0","0","0","268","0","0","0","0","0","15","0","0","0","0","0","8","8","0","8","0","15","29","8","0","0","8","0","0","0","0","0","0","0","0","0","0","0","0","0","0","0","0","0","0","0","0","0","0","0","0","0","0","0","0","0","0","0","0","0","0","0","0","0","0","0","0","0","0","0","0","0","0","0","0","0","0","0","0","0","0","0","0","0","0","0","0","0","0","0"
"Bahrain","2021-10-03","0","0","0","0","0","0","0","0","0","0","46","0","4","85","4","0","16","4","0","0","0","0","0","13","28","0","0","4","0","4","0","0","10","34","0","10","13","28","0","0","0","4","13","55","0","0","0","4","0","0","0","31","25","0","4","0","4","0","28","4","0","0","10","0","0","0","4","4","0","37","0","0","0","0","7","0","0","0","0","0","0","0","7","437","0","0","0","0","0","0","0","0","0","4","0","0","0","0","0","0","0","13","0","0","4","4","0","0","0","0","0","0","0","0","0","0","0","0","0","0","0","0","0","0","0","0","0","0","0","0","0","0","0","0","0","0","0","0","0","0","0","0","0","0","0","0","0","0","0","0","0","0","0","0","0","0","0","0","0","0","0","0","0","0","0","0","0","0","0"
"Bahrain","2021-10-17","0","0","0","0","0","0","0","0","0","0","74","0","0","79","3","0","3","0","8","3","0","0","3","5","3","0","0","0","0","0","0","0","10","62","10","5","36","31","0","0","0","0","0","10","0","0","0","0","0","0","0","10","195","0","0","0","0","0","31","5","0","12","12","0","0","5","0","0","0","0","0","5","0","0","12","0","0","0","0","3","0","0","0","230","0","0","0","0","0","0","3","0","0","10","3","0","3","0","0","3","0","0","0","3","3","5","0","0","0","0","0","0","0","0","0","0","0","0","0","0","0","0","0","0","0","0","0","0","0","0","0","0","0","0","0","0","0","0","0","0","0","0","0","0","0","0","0","0","0","0","0","0","0","0","0","0","0","0","0","0","0","0","0","0","0","0","0","0","0"
"Bahrain","2021-10-31","0","0","0","0","0","0","0","0","0","0","40","2","2","75","0","2","0","0","5","0","0","0","0","13","0","0","0","2","2","8","0","0","20","34","2","52","11","74","0","0","0","0","0","5","0","0","0","0","0","0","0","0","78","2","5","0","0","0","8","13","2","0","20","0","0","0","2","5","0","5","0","13","0","0","28","0","0","0","0","0","2","0","0","171","0","0","0","0","0","0","2","0","0","0","0","0","0","0","0","0","0","0","0","22","0","0","0","0","0","0","0","0","0","0","0","0","0","0","0","0","0","0","0","0","0","0","0","0","0","0","0","0","0","0","0","0","0","0","0","0","0","0","0","0","0","0","0","0","0","0","0","0","0","0","0","0","0","0","0","0","0","0","0","0","0","0","0","0","0"
"Bahrain","2021-11-14","0","0","0","0","0","0","0","0","0","0","24","0","11","30","0","1","9","0","2","0","9","0","0","25","0","0","1","0","0","12","0","0","5","30","0","13","9","17","0","0","0","6","0","2","0","0","2","0","0","0","3","0","46","0","4","0","3","0","4","13","0","0","24","1","0","1","0","5","1","10","0","2","0","1","4","0","1","0","0","2","0","0","0","29","2","0","0","0","0","0","0","1","0","0","0","0","0","0","0","9","0","0","0","22","0","0","0","0","0","0","0","0","0","0","0","0","0","0","0","0","0","0","0","0","0","0","0","0","0","0","0","0","0","0","0","0","0","0","0","0","0","0","0","0","0","0","0","0","0","0","0","0","0","0","0","0","0","0","0","0","0","0","0","0","0","0","0","0","0"
"Bahrain","2021-11-28","0","0","0","0","0","0","0","0","0","0","22","0","0","29","0","2","4","0","4","0","0","0","0","53","0","2","0","0","0","7","0","0","10","23","0","13","7","18","2","0","0","3","0","4","0","0","0","3","0","0","42","2","42","2","3","0","0","0","6","11","0","2","0","0","0","27","0","3","2","14","0","0","0","0","2","3","2","2","0","0","0","0","0","6","3","0","0","0","0","0","0","0","0","0","0","0","0","0","0","6","0","0","0","7","2","2","0","0","0","0","0","0","0","0","0","0","0","0","0","0","0","0","0","0","0","0","0","0","0","0","0","0","0","0","0","0","0","0","0","0","0","0","0","0","0","0","0","0","0","0","0","0","0","0","0","0","0","0","0","0","0","0","0","0","0","0","0","0","0"
"Bahrain","2021-12-12","0","0","0","0","0","0","0","0","0","0","27","0","4","21","0","1","0","2","0","0","0","0","0","53","0","2","0","0","0","0","0","0","11","21","1","9","2","25","0","3","0","1","0","4","0","0","1","2","0","9","166","2","19","1","1","0","3","1","3","10","1","0","4","0","0","24","0","3","0","9","3","0","0","3","2","2","0","0","0","3","0","0","0","3","5","0","0","0","0","3","0","0","2","0","2","1","0","0","3","6","0","0","0","4","1","5","0","0","0","5","3","0","0","0","0","0","0","0","0","0","4","2","0","0","0","0","0","0","0","0","0","0","0","0","0","0","0","0","0","0","0","0","0","0","0","0","0","0","0","0","0","0","0","0","0","0","0","0","0","0","0","0","0","0","0","0","0","0","0"
"Bahrain","2021-12-26","0","0","0","12","0","6","0","0","0","0","17","0","0","23","6","0","6","0","0","0","0","0","0","12","0","0","0","0","0","12","0","0","23","28","0","6","0","56","6","0","0","6","0","12","0","0","0","0","0","12","157","0","17","0","0","0","0","0","12","12","0","0","0","0","0","96","6","0","0","12","0","0","0","6","0","0","0","0","6","17","0","0","0","0","0","0","0","0","0","0","0","0","0","0","0","12","0","0","0","0","0","6","0","0","0","0","0","0","0","185","163","0","0","0","0","0","0","17","0","6","23","208","6","0","0","0","0","0","0","0","0","0","0","0","0","0","0","0","0","0","0","0","0","0","0","0","0","0","0","0","0","0","0","0","0","0","0","0","0","0","0","0","0","0","0","0","0","549","0"
"Bahrain","2022-01-09","0","0","0","22","0","0","0","0","0","0","65","0","0","22","0","0","0","0","0","0","0","0","0","22","0","0","0","0","0","0","0","0","0","44","0","0","0","0","0","0","0","0","0","0","0","0","22","0","0","0","22","0","0","0","0","0","0","0","0","0","0","0","0","0","0","0","0","0","0","0","0","0","0","0","0","0","0","0","0","0","0","0","0","44","0","0","0","0","0","0","0","0","0","0","0","0","0","0","0","0","0","0","0","0","0","0","0","0","0","1855","2977","87","0","0","22","0","22","130","22","0","216","2136","195","108","453","0","151","22","0","0","0","0","0","0","108","0","0","0","0","0","0","0","0","0","0","0","0","0","0","0","0","0","0","0","0","0","0","0","0","0","0","0","0","0","0","0","0","4012","0"
"Bahrain","2022-01-23","0","0","0","0","0","0","0","0","0","0","0","0","0","0","0","0","0","0","0","0","0","0","0","0","0","0","0","0","0","0","0","0","0","0","0","0","0","0","0","0","0","0","0","0","0","0","0","0","0","0","0","0","0","0","0","0","0","0","0","0","0","0","0","0","0","0","0","0","0","0","0","0","0","0","0","0","0","0","0","0","0","0","0","0","0","0","0","0","0","0","0","0","0","0","0","0","0","0","0","0","0","0","0","0","0","0","0","0","0","7103","10147","508","0","0","0","0","0","508","0","0","508","5581","0","0","508","0","508","0","0","0","0","0","0","0","0","0","0","0","0","0","0","0","0","0","0","0","0","0","0","0","0","0","0","0","0","0","0","0","0","0","0","0","0","0","0","0","0","12683","0"
"Bahrain","2022-02-06","0","0","0","0","0","0","0","0","0","0","562","0","0","0","0","0","0","0","0","0","0","0","0","0","0","0","0","0","0","0","0","0","0","0","0","0","281","0","0","0","0","0","0","0","0","0","0","0","0","0","0","0","0","0","0","0","0","0","1967","0","0","0","0","0","0","0","0","0","0","0","0","0","843","0","0","0","0","0","0","0","0","0","0","0","0","0","0","0","0","0","0","0","0","0","0","0","0","281","0","0","0","0","0","0","0","0","0","0","0","10395","6743","281","0","0","0","0","0","0","0","0","843","1967","0","0","48321","0","10676","843","0","0","0","0","0","0","1405","0","0","0","0","0","0","0","0","0","0","0","0","0","0","281","0","0","0","0","0","0","0","0","0","0","0","0","0","0","0","0","0","4776","0"
"Bahrain","2022-02-20","0","0","0","0","0","0","0","0","0","0","48","0","0","0","0","0","0","0","0","0","0","0","0","0","0","0","0","0","0","0","0","0","0","0","0","0","0","0","0","0","0","0","0","0","0","0","0","0","0","0","0","0","0","0","0","0","0","0","0","0","0","0","0","0","0","0","0","0","0","0","0","0","0","0","0","0","0","0","0","0","0","0","0","0","0","0","0","0","0","0","0","0","0","0","0","0","0","0","0","0","0","0","0","0","0","0","0","0","0","3336","4290","48","48","96","0","96","0","143","0","0","239","1097","96","143","48943","143","6815","334","48","0","96","0","0","0","1907","0","0","0","0","48","0","0","0","143","0","239","0","0","0","286","0","0","0","0","0","96","0","0","0","0","0","0","0","0","0","0","0","2479","0"
"Bahrain","2022-03-06","0","0","0","0","0","0","0","0","0","0","0","0","0","0","0","0","0","0","0","0","0","0","0","0","0","0","0","0","0","0","0","0","0","0","0","0","0","0","0","0","0","0","0","0","0","0","0","0","0","0","0","0","0","0","0","0","0","0","0","0","0","0","0","0","0","0","0","0","0","0","0","0","0","0","0","0","0","0","0","0","0","0","0","0","0","0","0","0","0","0","0","0","0","0","0","0","0","0","0","0","0","0","0","0","0","0","0","0","0","1216","1135","0","0","0","0","0","0","0","0","0","82","406","0","0","25610","41","2837","325","41","41","0","82","0","0","892","0","0","0","0","82","0","0","0","41","0","82","0","0","0","122","41","0","0","0","0","0","122","0","0","0","0","0","0","0","0","0","0","1621","0"
"Bahrain","2022-03-20","0","0","0","0","0","0","0","0","0","0","0","0","0","0","0","0","0","0","0","0","0","0","0","0","0","0","0","0","0","0","0","0","0","0","0","0","0","0","0","0","0","0","0","0","0","0","0","0","0","0","0","0","0","0","0","0","0","0","0","0","0","0","0","0","0","0","0","0","0","0","0","0","0","0","0","0","0","0","0","0","0","0","0","0","0","0","0","0","0","0","0","0","0","0","0","0","0","0","0","0","0","0","0","0","0","0","0","0","0","137","137","0","0","0","0","0","0","0","0","0","46","46","0","0","14756","92","957","0","0","0","0","0","0","0","1139","0","0","0","0","46","0","0","46","0","0","0","0","0","0","46","0","0","0","0","0","46","0","0","0","0","0","0","0","0","0","0","0","228","0"
"Bahrain","2022-04-03","0","0","0","0","0","0","0","0","0","0","0","0","0","0","0","0","0","0","0","0","0","0","0","0","0","0","0","0","0","0","0","0","0","0","0","0","0","0","0","0","0","0","0","0","0","0","0","0","0","0","0","0","0","0","0","0","0","0","0","0","0","0","0","0","0","0","0","0","0","0","0","0","0","0","0","0","0","0","0","0","0","0","0","69","0","0","0","0","0","0","0","0","0","0","0","0","0","0","0","0","0","0","0","0","0","0","0","0","0","0","103","0","0","0","0","0","0","0","0","0","0","35","0","0","10193","69","308","0","0","35","0","35","0","0","274","0","0","0","0","35","0","0","0","0","0","0","0","0","35","0","0","0","0","0","0","35","0","0","0","0","0","0","0","0","0","0","0","172","0"
"Bahrain","2022-04-17","0","0","0","0","0","0","0","0","0","0","0","0","0","0","0","0","0","0","0","0","0","0","0","0","0","0","0","0","0","0","0","0","0","0","0","0","0","0","0","0","0","0","0","0","0","0","0","0","0","0","0","0","0","0","0","0","0","0","0","0","0","0","0","0","0","0","0","0","0","0","0","0","0","0","0","0","0","0","0","0","0","0","0","0","0","0","0","0","0","0","0","0","0","0","0","0","0","0","0","0","0","0","0","0","0","0","0","0","0","0","31","0","0","0","0","0","0","0","0","0","0","31","0","0","5734","31","372","62","0","0","0","155","0","0","217","0","0","62","0","31","0","0","0","0","0","0","0","93","0","0","0","0","0","0","0","62","0","0","0","0","0","0","0","0","0","0","0","62","0"
"Bahrain","2022-05-01","0","0","0","0","0","0","0","0","0","0","0","0","0","0","0","0","0","0","0","0","0","0","0","0","0","0","0","0","0","0","0","0","0","0","0","0","0","0","0","0","0","0","0","0","0","0","0","0","0","0","0","0","0","0","0","0","0","0","0","0","0","0","0","0","0","0","0","0","0","0","0","0","0","0","0","0","0","0","0","0","0","0","0","0","0","0","0","0","0","0","0","0","0","0","0","0","0","0","0","0","0","0","0","0","0","0","0","0","0","0","0","0","0","0","0","0","0","0","0","0","0","0","0","0","5015","0","61","0","0","21","0","122","0","21","143","0","21","163","0","0","0","0","0","0","41","21","0","163","0","61","0","21","0","0","0","21","0","0","0","0","0","0","0","0","0","0","0","21","0"
"Bahrain","2022-05-15","0","0","0","0","0","0","0","0","0","0","0","0","0","0","0","0","0","0","0","0","0","0","0","0","0","0","0","0","0","0","0","0","0","0","0","0","0","0","0","0","0","0","0","0","0","0","0","0","0","0","0","0","0","0","0","0","0","0","0","0","0","0","0","0","0","0","0","0","0","0","0","0","0","0","0","0","0","0","0","0","0","0","0","0","0","0","0","0","0","0","0","0","0","0","0","0","0","0","0","0","0","0","0","0","0","0","0","0","0","0","0","0","0","0","0","0","0","0","0","0","0","0","0","0","4848","0","20","20","0","40","0","137","0","40","137","0","0","235","20","0","0","0","0","0","176","40","0","79","0","40","0","0","0","0","40","20","0","763","0","137","20","1193","274","0","0","0","59","235","0"
"Bahrain","2022-05-29","0","0","0","0","0","0","0","0","0","0","0","0","0","0","0","0","0","0","0","0","0","0","0","0","0","0","0","0","0","0","0","0","0","0","0","0","0","0","0","0","0","0","0","0","0","0","0","0","0","0","0","0","0","0","0","0","0","0","0","0","0","0","0","0","0","0","0","0","0","0","0","0","0","0","0","0","0","0","0","0","0","0","0","0","0","0","0","0","0","0","0","0","0","0","0","0","0","0","0","0","0","0","0","0","0","0","0","0","0","0","37","0","0","0","0","0","0","0","0","0","0","0","0","0","3825","0","37","0","0","0","0","221","37","148","221","37","0","74","0","37","0","0","0","0","368","0","0","37","0","74","0","0","0","0","37","111","0","111","37","74","37","1030","221","0","0","0","0","111","0"
"Bahrain","2022-06-12","0","0","0","0","0","0","0","0","0","0","0","0","0","0","0","0","0","0","0","0","0","0","0","0","0","0","0","0","0","0","0","0","0","0","0","0","0","0","0","0","0","0","0","0","0","0","0","0","0","0","0","0","0","0","0","0","0","0","0","0","0","0","0","0","0","0","0","0","0","0","0","0","0","0","0","0","0","0","0","0","0","0","0","0","0","0","0","0","0","0","0","0","0","0","0","0","0","0","0","0","0","0","0","0","0","0","0","0","0","0","0","0","0","0","0","0","0","0","0","0","0","0","0","0","1286","0","0","0","0","117","0","468","0","117","351","0","0","0","0","0","117","0","0","0","585","0","0","0","0","0","0","0","0","0","117","117","0","702","0","117","819","3975","2338","0","0","0","0","0","0"
"Bahrain","2022-06-26","0","0","0","0","0","0","0","0","0","0","0","0","0","0","0","0","0","0","0","0","0","0","0","0","0","0","0","0","0","0","0","0","0","0","0","0","0","0","0","0","0","0","0","0","0","0","0","0","0","0","0","0","0","0","0","0","0","0","0","0","0","0","0","0","0","0","0","0","0","0","0","0","0","0","0","0","0","0","0","0","0","0","0","0","0","0","0","0","0","0","0","0","0","0","0","0","0","0","0","0","0","0","0","0","0","0","0","0","0","0","0","0","0","0","0","0","0","0","0","0","0","0","0","0","2456","0","0","0","0","0","0","614","0","0","0","0","0","0","0","0","0","0","0","0","614","0","0","0","0","0","0","0","0","0","614","0","0","614","0","614","614","9821","4297","0","0","0","0","2456","0"
"Bahrain","2022-07-10","0","0","0","0","0","0","0","0","0","0","0","0","0","0","0","0","0","0","0","0","0","0","0","0","0","0","0","0","0","0","0","0","0","0","0","0","0","0","0","0","0","0","0","0","0","0","0","0","0","0","0","0","0","0","0","0","0","0","0","0","0","0","0","0","0","0","0","0","0","0","0","0","0","0","0","0","0","0","0","0","0","0","0","0","0","0","0","0","0","0","0","0","0","0","0","0","0","0","0","0","0","0","0","0","0","0","0","0","0","0","0","0","0","0","0","0","0","0","0","0","0","0","0","0","1563","0","0","0","0","0","0","0","0","0","0","0","0","0","0","0","0","0","0","0","0","0","131","131","0","0","0","0","0","131","0","0","0","131","131","0","521","13147","2734","0","131","0","261","1953","0"
"Bahrain","2022-07-24","0","0","0","0","0","0","0","0","0","0","0","0","0","0","0","0","0","0","0","0","0","0","0","0","0","0","0","0","0","0","0","0","0","0","0","0","0","0","0","0","0","0","0","0","0","0","0","0","0","0","0","0","0","0","0","0","0","0","0","0","0","0","0","0","0","0","0","0","0","0","0","0","0","0","0","0","0","0","0","0","0","0","0","0","0","0","0","0","0","0","0","0","0","0","0","0","0","0","0","0","0","0","0","0","0","0","0","0","0","0","0","0","0","0","0","0","0","0","0","0","0","0","0","0","247","0","0","0","0","0","0","62","0","0","0","0","0","0","0","0","0","0","0","0","0","0","0","62","0","0","0","0","0","62","62","0","0","185","185","555","801","10591","1725","185","0","0","185","1294","0"
"Bahrain","2022-08-07","0","0","0","0","0","0","0","0","0","0","0","0","0","0","0","0","0","0","0","0","0","0","0","0","0","0","0","0","0","0","0","0","0","0","0","0","0","0","0","0","0","0","0","0","0","0","0","0","0","0","0","0","0","0","0","0","0","0","0","0","0","0","0","0","0","0","0","0","0","0","0","0","0","0","0","0","0","0","0","0","0","0","0","0","0","0","0","0","0","0","0","0","0","0","0","0","0","0","0","0","0","0","0","0","0","0","0","0","0","0","0","0","0","0","0","0","0","0","0","0","0","0","0","0","107","0","0","0","0","0","0","0","0","0","54","0","0","0","0","0","54","214","0","0","54","0","0","54","0","0","0","0","428","161","0","0","0","0","0","321","107","4278","696","214","0","0","107","321","0"
"Bahrain","2022-08-21","0","0","0","0","0","0","0","0","0","0","0","0","0","0","0","0","0","0","0","0","0","0","0","0","0","0","0","0","0","0","0","0","0","0","0","0","0","0","0","0","0","0","0","0","0","0","0","0","0","0","0","0","0","0","0","0","0","0","0","0","0","0","0","0","0","0","0","0","0","0","0","0","0","0","0","0","0","0","0","0","0","0","0","0","0","0","0","0","0","0","0","0","0","0","0","0","0","0","0","0","0","0","0","0","0","0","0","0","0","0","0","0","0","0","0","0","0","0","0","0","0","0","0","0","0","0","0","0","0","0","0","0","0","0","0","0","0","0","0","0","0","0","0","0","0","0","0","0","0","0","0","0","492","0","0","0","0","0","0","197","0","4820","984","50","50","50","0","197","0"
"Bahrain","2022-09-04","0","0","0","0","0","0","0","0","0","0","0","0","0","0","0","0","0","0","0","0","0","0","0","0","0","0","0","0","0","0","0","0","0","0","0","0","0","0","0","0","0","0","0","0","0","0","0","0","0","0","0","0","0","0","0","0","0","0","0","0","0","0","0","0","0","0","0","0","0","0","0","0","0","0","0","0","0","0","0","0","0","0","0","0","0","0","0","0","0","0","0","0","0","0","0","0","0","0","0","0","0","0","0","0","0","0","0","0","0","0","0","0","0","0","0","0","0","0","0","0","0","0","0","0","0","0","0","0","0","0","0","0","0","0","0","0","0","0","0","0","0","0","0","0","0","0","0","0","0","0","0","0","1516","0","0","0","0","0","0","350","234","350","0","0","0","0","0","350","0"
"Bahrain","2022-09-18","0","0","0","0","0","0","0","0","0","0","0","0","0","0","0","0","0","0","0","0","0","0","0","0","0","0","0","0","0","0","0","0","0","0","0","0","0","0","0","0","0","0","0","0","0","0","0","0","0","0","0","0","0","0","0","0","0","0","0","0","0","0","0","0","0","0","0","0","0","0","0","0","0","0","0","0","0","0","0","0","0","0","0","0","0","0","0","0","0","0","0","0","0","0","0","0","0","0","0","0","0","0","0","0","0","0","0","0","0","0","0","0","0","0","0","0","0","0","0","0","0","0","0","0","0","0","0","0","0","0","0","0","0","0","0","0","0","0","0","0","0","0","0","0","0","0","0","0","0","0","0","0","0","0","0","0","0","0","0","0","0","0","0","0","0","0","0","0","3647"
"Bahrain","2022-10-02","0","0","0","0","0","0","0","0","0","0","0","0","0","0","0","0","0","0","0","0","0","0","0","0","0","0","0","0","0","0","0","0","0","0","0","0","0","0","0","0","0","0","0","0","0","0","0","0","0","0","0","0","0","0","0","0","0","0","0","0","0","0","0","0","0","0","0","0","0","0","0","0","0","0","0","0","0","0","0","0","0","0","0","0","0","0","0","0","0","0","0","0","0","0","0","0","0","0","0","0","0","0","0","0","0","0","0","0","0","0","0","0","0","0","0","0","0","0","0","0","0","0","0","0","0","0","0","0","0","0","0","0","0","0","0","0","0","0","0","0","0","0","0","0","0","0","0","0","0","0","0","0","0","0","0","0","0","0","0","0","0","0","0","0","0","0","0","0","5116"
"Bahrain","2022-10-16","0","0","0","0","0","0","0","0","0","0","0","0","0","0","0","0","0","0","0","0","0","0","0","0","0","0","0","0","0","0","0","0","0","0","0","0","0","0","0","0","0","0","0","0","0","0","0","0","0","0","0","0","0","0","0","0","0","0","0","0","0","0","0","0","0","0","0","0","0","0","0","0","0","0","0","0","0","0","0","0","0","0","0","0","0","0","0","0","0","0","0","0","0","0","0","0","0","0","0","0","0","0","0","0","0","0","0","0","0","0","0","0","0","0","0","0","0","0","0","0","0","0","0","0","0","0","0","0","0","0","0","0","0","0","0","0","0","0","0","0","0","0","0","0","0","0","0","0","0","0","0","0","0","0","0","0","0","0","0","0","0","0","0","0","0","0","0","0","4392"
"Bahrain","2022-10-30","0","0","0","0","0","0","0","0","0","0","0","0","0","0","0","0","0","0","0","0","0","0","0","0","0","0","0","0","0","0","0","0","0","0","0","0","0","0","0","0","0","0","0","0","0","0","0","0","0","0","0","0","0","0","0","0","0","0","0","0","0","0","0","0","0","0","0","0","0","0","0","0","0","0","0","0","0","0","0","0","0","0","0","0","0","0","0","0","0","0","0","0","0","0","0","0","0","0","0","0","0","0","0","0","0","0","0","0","0","0","0","0","0","0","0","0","0","0","0","0","0","0","0","0","0","0","0","0","0","0","0","0","0","0","0","0","0","0","0","0","0","0","0","0","0","0","0","0","0","0","0","0","0","0","0","0","0","0","0","0","0","0","0","0","0","0","0","0","5298"
