"location","date","A (Lineage)","Alpha (WHO VOC)","Alpha - Q.1 (WHO VOC)","Alpha - Q.4 (WHO VOC)","B (Lineage)","B.1.1.318 (WHO FMV)","B.1.160 - 20A/EU2","B.1.221 - 20A/S:98F","Beta (WHO VOC)","C (Lineage)","D (Lineage)","Delta (WHO VOC)","Delta - AY.100 (WHO VOC)","Delta - AY.102 (WHO VOC)","Delta - AY.102.1 (WHO VOC)","Delta - AY.104 (WHO VOC)","Delta - AY.105 (WHO VOC)","Delta - AY.109 (WHO VOC)","Delta - AY.110 (WHO VOC)","Delta - AY.111 (WHO VOC)","Delta - AY.112 (WHO VOC)","Delta - AY.114 (WHO VOC)","Delta - AY.116 (WHO VOC)","Delta - AY.117 (WHO VOC)","Delta - AY.118 (WHO VOC)","Delta - AY.119 (WHO VOC)","Delta - AY.119.2 (WHO VOC)","Delta - AY.121 (WHO VOC)","Delta - AY.122 (WHO VOC)","Delta - AY.122.1 (WHO VOC)","Delta - AY.123 (WHO VOC)","Delta - AY.124.1 (WHO VOC)","Delta - AY.124.1.1 (WHO VOC)","Delta - AY.125 (WHO VOC)","Delta - AY.126 (WHO VOC)","Delta - AY.127 (WHO VOC)","Delta - AY.129 (WHO VOC)","Delta - AY.131 (WHO VOC)","Delta - AY.133 (WHO VOC)","Delta - AY.16 (WHO VOC)","Delta - AY.19 (WHO VOC)","Delta - AY.20 (WHO VOC)","Delta - AY.23 (WHO VOC)","Delta - AY.23.1 (WHO VOC)","Delta - AY.24 (WHO VOC)","Delta - AY.25.1 (WHO VOC)","Delta - AY.32 (WHO VOC)","Delta - AY.33 (WHO VOC)","Delta - AY.33.1 (WHO VOC)","Delta - AY.33.2 (WHO VOC)","Delta - AY.34 (WHO VOC)","Delta - AY.34.1 (WHO VOC)","Delta - AY.34.2 (WHO VOC)","Delta - AY.35 (WHO VOC)","Delta - AY.36 (WHO VOC)","Delta - AY.36.1 (WHO VOC)","Delta - AY.37 (WHO VOC)","Delta - AY.39 (WHO VOC)","Delta - AY.39.1 (WHO VOC)","Delta - AY.4 (WHO VOC)","Delta - AY.4.13 (WHO VOC)","Delta - AY.4.2.3 (WHO VOC)","Delta - AY.4.4 (WHO VOC)","Delta - AY.4.6 (WHO VOC)","Delta - AY.4.7 (WHO VOC)","Delta - AY.4.8 (WHO VOC)","Delta - AY.40 (WHO VOC)","Delta - AY.43 (WHO VOC)","Delta - AY.43.8 (WHO VOC)","Delta - AY.44 (WHO VOC)","Delta - AY.45 (WHO VOC)","Delta - AY.46 (WHO VOC)","Delta - AY.46.2 (WHO VOC)","Delta - AY.47 (WHO VOC)","Delta - AY.48 (WHO VOC)","Delta - AY.49 (WHO VOC)","Delta - AY.5.3 (WHO VOC)","Delta - AY.53 (WHO VOC)","Delta - AY.54 (WHO VOC)","Delta - AY.56 (WHO VOC)","Delta - AY.58 (WHO VOC)","Delta - AY.59 (WHO VOC)","Delta - AY.61 (WHO VOC)","Delta - AY.62 (WHO VOC)","Delta - AY.65 (WHO VOC)","Delta - AY.67 (WHO VOC)","Delta - AY.68 (WHO VOC)","Delta - AY.72 (WHO VOC)","Delta - AY.75 (WHO VOC)","Delta - AY.75.2 (WHO VOC)","Delta - AY.77 (WHO VOC)","Delta - AY.8 (WHO VOC)","Delta - AY.83 (WHO VOC)","Delta - AY.84 (WHO VOC)","Delta - AY.85 (WHO VOC)","Delta - AY.86 (WHO VOC)","Delta - AY.88 (WHO VOC)","Delta - AY.9 (WHO VOC)","Delta - AY.91 (WHO VOC)","Delta - AY.92 (WHO VOC)","Delta - AY.95 (WHO VOC)","Delta - AY.98.1 (WHO VOC)","Delta - AY.99 (WHO VOC)","Eta (WHO VOI)","Gamma - P.1.14 (WHO VOC)","Omicron - BA.1 (WHO VOC)","Omicron - BA.1.1 (WHO VOC)","Omicron - BA.1.1.1 (WHO VOC)","Omicron - BA.1.1.8 (WHO VOC)","Omicron - BA.1.14 (WHO VOC)","Omicron - BA.1.15 (WHO VOC)","Omicron - BA.1.17 (WHO VOC)","Omicron - BA.1.17.2 (WHO VOC)","Omicron - BA.1.18 (WHO VOC)","Omicron - BA.1.20 (WHO VOC)","Omicron - BA.2 (WHO VOC)","Omicron - BA.2.1 (WHO VOC)","Omicron - BA.2.10 (WHO VOC)","Omicron - BA.2.10.1 (WHO VOC)","Omicron - BA.2.10.3 (WHO VOC)","Omicron - BA.2.12.1 (WHO VOC)","Omicron - BA.2.23 (WHO VOC)","Omicron - BA.2.25 (WHO VOC)","Omicron - BA.2.3 (WHO VOC)","Omicron - BA.2.3.1 (WHO VOC)","Omicron - BA.2.36 (WHO VOC)","Omicron - BA.2.37 (WHO VOC)","Omicron - BA.2.38 (WHO VOC)","Omicron - BA.2.4 (WHO VOC)","Omicron - BA.2.40.1 (WHO VOC)","Omicron - BA.2.50 (WHO VOC)","Omicron - BA.2.65 (WHO VOC)","Omicron - BA.2.75 (WHO VOC)","Omicron - BA.2.76 (WHO VOC)","Omicron - BA.2.9 (WHO VOC)","Omicron - BA.3 (WHO VOC)","Omicron - BA.4 (WHO VOC)","Omicron - BA.5 (WHO VOC)","Omicron - BA.5.1 (WHO VOC)","Omicron - BA.5.2 (WHO VOC)","Omicron - BA.5.2.1 (WHO VOC)","Omicron - BA.5.3.1 (WHO VOC)","Omicron - BA.5.6 (WHO VOC)","Other"
"Bangladesh","2020-02-23","0,0","0,0","0,0","0,0","100,0","0,0","0,0","0,0","0,0","0,0","0,0","0,0","0,0","0,0","0,0","0,0","0,0","0,0","0,0","0,0","0,0","0,0","0,0","0,0","0,0","0,0","0,0","0,0","0,0","0,0","0,0","0,0","0,0","0,0","0,0","0,0","0,0","0,0","0,0","0,0","0,0","0,0","0,0","0,0","0,0","0,0","0,0","0,0","0,0","0,0","0,0","0,0","0,0","0,0","0,0","0,0","0,0","0,0","0,0","0,0","0,0","0,0","0,0","0,0","0,0","0,0","0,0","0,0","0,0","0,0","0,0","0,0","0,0","0,0","0,0","0,0","0,0","0,0","0,0","0,0","0,0","0,0","0,0","0,0","0,0","0,0","0,0","0,0","0,0","0,0","0,0","0,0","0,0","0,0","0,0","0,0","0,0","0,0","0,0","0,0","0,0","0,0","0,0","0,0","0,0","0,0","0,0","0,0","0,0","0,0","0,0","0,0","0,0","0,0","0,0","0,0","0,0","0,0","0,0","0,0","0,0","0,0","0,0","0,0","0,0","0,0","0,0","0,0","0,0","0,0","0,0","0,0","0,0","0,0","0,0","0,0","0,0","0,0","0,0","0,0","0,0","0,0","0,0","0,0"
"Bangladesh","2020-03-22","0,0","0,0","0,0","0,0","100,0","0,0","0,0","0,0","0,0","0,0","0,0","0,0","0,0","0,0","0,0","0,0","0,0","0,0","0,0","0,0","0,0","0,0","0,0","0,0","0,0","0,0","0,0","0,0","0,0","0,0","0,0","0,0","0,0","0,0","0,0","0,0","0,0","0,0","0,0","0,0","0,0","0,0","0,0","0,0","0,0","0,0","0,0","0,0","0,0","0,0","0,0","0,0","0,0","0,0","0,0","0,0","0,0","0,0","0,0","0,0","0,0","0,0","0,0","0,0","0,0","0,0","0,0","0,0","0,0","0,0","0,0","0,0","0,0","0,0","0,0","0,0","0,0","0,0","0,0","0,0","0,0","0,0","0,0","0,0","0,0","0,0","0,0","0,0","0,0","0,0","0,0","0,0","0,0","0,0","0,0","0,0","0,0","0,0","0,0","0,0","0,0","0,0","0,0","0,0","0,0","0,0","0,0","0,0","0,0","0,0","0,0","0,0","0,0","0,0","0,0","0,0","0,0","0,0","0,0","0,0","0,0","0,0","0,0","0,0","0,0","0,0","0,0","0,0","0,0","0,0","0,0","0,0","0,0","0,0","0,0","0,0","0,0","0,0","0,0","0,0","0,0","0,0","0,0","0,0"
"Bangladesh","2020-04-05","0,0","0,0","0,0","0,0","100,0","0,0","0,0","0,0","0,0","0,0","0,0","0,0","0,0","0,0","0,0","0,0","0,0","0,0","0,0","0,0","0,0","0,0","0,0","0,0","0,0","0,0","0,0","0,0","0,0","0,0","0,0","0,0","0,0","0,0","0,0","0,0","0,0","0,0","0,0","0,0","0,0","0,0","0,0","0,0","0,0","0,0","0,0","0,0","0,0","0,0","0,0","0,0","0,0","0,0","0,0","0,0","0,0","0,0","0,0","0,0","0,0","0,0","0,0","0,0","0,0","0,0","0,0","0,0","0,0","0,0","0,0","0,0","0,0","0,0","0,0","0,0","0,0","0,0","0,0","0,0","0,0","0,0","0,0","0,0","0,0","0,0","0,0","0,0","0,0","0,0","0,0","0,0","0,0","0,0","0,0","0,0","0,0","0,0","0,0","0,0","0,0","0,0","0,0","0,0","0,0","0,0","0,0","0,0","0,0","0,0","0,0","0,0","0,0","0,0","0,0","0,0","0,0","0,0","0,0","0,0","0,0","0,0","0,0","0,0","0,0","0,0","0,0","0,0","0,0","0,0","0,0","0,0","0,0","0,0","0,0","0,0","0,0","0,0","0,0","0,0","0,0","0,0","0,0","0,0"
"Bangladesh","2020-04-19","0,0","0,0","0,0","0,0","100,0","0,0","0,0","0,0","0,0","0,0","0,0","0,0","0,0","0,0","0,0","0,0","0,0","0,0","0,0","0,0","0,0","0,0","0,0","0,0","0,0","0,0","0,0","0,0","0,0","0,0","0,0","0,0","0,0","0,0","0,0","0,0","0,0","0,0","0,0","0,0","0,0","0,0","0,0","0,0","0,0","0,0","0,0","0,0","0,0","0,0","0,0","0,0","0,0","0,0","0,0","0,0","0,0","0,0","0,0","0,0","0,0","0,0","0,0","0,0","0,0","0,0","0,0","0,0","0,0","0,0","0,0","0,0","0,0","0,0","0,0","0,0","0,0","0,0","0,0","0,0","0,0","0,0","0,0","0,0","0,0","0,0","0,0","0,0","0,0","0,0","0,0","0,0","0,0","0,0","0,0","0,0","0,0","0,0","0,0","0,0","0,0","0,0","0,0","0,0","0,0","0,0","0,0","0,0","0,0","0,0","0,0","0,0","0,0","0,0","0,0","0,0","0,0","0,0","0,0","0,0","0,0","0,0","0,0","0,0","0,0","0,0","0,0","0,0","0,0","0,0","0,0","0,0","0,0","0,0","0,0","0,0","0,0","0,0","0,0","0,0","0,0","0,0","0,0","0,0"
"Bangladesh","2020-05-03","0,0","0,0","0,0","0,0","100,0","0,0","0,0","0,0","0,0","0,0","0,0","0,0","0,0","0,0","0,0","0,0","0,0","0,0","0,0","0,0","0,0","0,0","0,0","0,0","0,0","0,0","0,0","0,0","0,0","0,0","0,0","0,0","0,0","0,0","0,0","0,0","0,0","0,0","0,0","0,0","0,0","0,0","0,0","0,0","0,0","0,0","0,0","0,0","0,0","0,0","0,0","0,0","0,0","0,0","0,0","0,0","0,0","0,0","0,0","0,0","0,0","0,0","0,0","0,0","0,0","0,0","0,0","0,0","0,0","0,0","0,0","0,0","0,0","0,0","0,0","0,0","0,0","0,0","0,0","0,0","0,0","0,0","0,0","0,0","0,0","0,0","0,0","0,0","0,0","0,0","0,0","0,0","0,0","0,0","0,0","0,0","0,0","0,0","0,0","0,0","0,0","0,0","0,0","0,0","0,0","0,0","0,0","0,0","0,0","0,0","0,0","0,0","0,0","0,0","0,0","0,0","0,0","0,0","0,0","0,0","0,0","0,0","0,0","0,0","0,0","0,0","0,0","0,0","0,0","0,0","0,0","0,0","0,0","0,0","0,0","0,0","0,0","0,0","0,0","0,0","0,0","0,0","0,0","0,0"
"Bangladesh","2020-05-17","10,526315789473683","0,0","0,0","0,0","89,47368421052632","0,0","0,0","0,0","0,0","0,0","0,0","0,0","0,0","0,0","0,0","0,0","0,0","0,0","0,0","0,0","0,0","0,0","0,0","0,0","0,0","0,0","0,0","0,0","0,0","0,0","0,0","0,0","0,0","0,0","0,0","0,0","0,0","0,0","0,0","0,0","0,0","0,0","0,0","0,0","0,0","0,0","0,0","0,0","0,0","0,0","0,0","0,0","0,0","0,0","0,0","0,0","0,0","0,0","0,0","0,0","0,0","0,0","0,0","0,0","0,0","0,0","0,0","0,0","0,0","0,0","0,0","0,0","0,0","0,0","0,0","0,0","0,0","0,0","0,0","0,0","0,0","0,0","0,0","0,0","0,0","0,0","0,0","0,0","0,0","0,0","0,0","0,0","0,0","0,0","0,0","0,0","0,0","0,0","0,0","0,0","0,0","0,0","0,0","0,0","0,0","0,0","0,0","0,0","0,0","0,0","0,0","0,0","0,0","0,0","0,0","0,0","0,0","0,0","0,0","0,0","0,0","0,0","0,0","0,0","0,0","0,0","0,0","0,0","0,0","0,0","0,0","0,0","0,0","0,0","0,0","0,0","0,0","0,0","0,0","0,0","0,0","0,0","0,0","0,0"
"Bangladesh","2020-05-31","0,0","0,0","0,0","0,0","100,0","0,0","0,0","0,0","0,0","0,0","0,0","0,0","0,0","0,0","0,0","0,0","0,0","0,0","0,0","0,0","0,0","0,0","0,0","0,0","0,0","0,0","0,0","0,0","0,0","0,0","0,0","0,0","0,0","0,0","0,0","0,0","0,0","0,0","0,0","0,0","0,0","0,0","0,0","0,0","0,0","0,0","0,0","0,0","0,0","0,0","0,0","0,0","0,0","0,0","0,0","0,0","0,0","0,0","0,0","0,0","0,0","0,0","0,0","0,0","0,0","0,0","0,0","0,0","0,0","0,0","0,0","0,0","0,0","0,0","0,0","0,0","0,0","0,0","0,0","0,0","0,0","0,0","0,0","0,0","0,0","0,0","0,0","0,0","0,0","0,0","0,0","0,0","0,0","0,0","0,0","0,0","0,0","0,0","0,0","0,0","0,0","0,0","0,0","0,0","0,0","0,0","0,0","0,0","0,0","0,0","0,0","0,0","0,0","0,0","0,0","0,0","0,0","0,0","0,0","0,0","0,0","0,0","0,0","0,0","0,0","0,0","0,0","0,0","0,0","0,0","0,0","0,0","0,0","0,0","0,0","0,0","0,0","0,0","0,0","0,0","0,0","0,0","0,0","0,0"
"Bangladesh","2020-06-14","0,0","0,0","0,0","0,0","99,25925925925925","0,0","0,0","0,0","0,0","0,0","0,7407407407407408","0,0","0,0","0,0","0,0","0,0","0,0","0,0","0,0","0,0","0,0","0,0","0,0","0,0","0,0","0,0","0,0","0,0","0,0","0,0","0,0","0,0","0,0","0,0","0,0","0,0","0,0","0,0","0,0","0,0","0,0","0,0","0,0","0,0","0,0","0,0","0,0","0,0","0,0","0,0","0,0","0,0","0,0","0,0","0,0","0,0","0,0","0,0","0,0","0,0","0,0","0,0","0,0","0,0","0,0","0,0","0,0","0,0","0,0","0,0","0,0","0,0","0,0","0,0","0,0","0,0","0,0","0,0","0,0","0,0","0,0","0,0","0,0","0,0","0,0","0,0","0,0","0,0","0,0","0,0","0,0","0,0","0,0","0,0","0,0","0,0","0,0","0,0","0,0","0,0","0,0","0,0","0,0","0,0","0,0","0,0","0,0","0,0","0,0","0,0","0,0","0,0","0,0","0,0","0,0","0,0","0,0","0,0","0,0","0,0","0,0","0,0","0,0","0,0","0,0","0,0","0,0","0,0","0,0","0,0","0,0","0,0","0,0","0,0","0,0","0,0","0,0","0,0","0,0","0,0","0,0","0,0","0,0","0,0"
"Bangladesh","2020-06-28","0,0","0,0","0,0","0,0","100,0","0,0","0,0","0,0","0,0","0,0","0,0","0,0","0,0","0,0","0,0","0,0","0,0","0,0","0,0","0,0","0,0","0,0","0,0","0,0","0,0","0,0","0,0","0,0","0,0","0,0","0,0","0,0","0,0","0,0","0,0","0,0","0,0","0,0","0,0","0,0","0,0","0,0","0,0","0,0","0,0","0,0","0,0","0,0","0,0","0,0","0,0","0,0","0,0","0,0","0,0","0,0","0,0","0,0","0,0","0,0","0,0","0,0","0,0","0,0","0,0","0,0","0,0","0,0","0,0","0,0","0,0","0,0","0,0","0,0","0,0","0,0","0,0","0,0","0,0","0,0","0,0","0,0","0,0","0,0","0,0","0,0","0,0","0,0","0,0","0,0","0,0","0,0","0,0","0,0","0,0","0,0","0,0","0,0","0,0","0,0","0,0","0,0","0,0","0,0","0,0","0,0","0,0","0,0","0,0","0,0","0,0","0,0","0,0","0,0","0,0","0,0","0,0","0,0","0,0","0,0","0,0","0,0","0,0","0,0","0,0","0,0","0,0","0,0","0,0","0,0","0,0","0,0","0,0","0,0","0,0","0,0","0,0","0,0","0,0","0,0","0,0","0,0","0,0","0,0"
"Bangladesh","2020-07-12","0,0","0,0","0,0","0,0","100,0","0,0","0,0","0,0","0,0","0,0","0,0","0,0","0,0","0,0","0,0","0,0","0,0","0,0","0,0","0,0","0,0","0,0","0,0","0,0","0,0","0,0","0,0","0,0","0,0","0,0","0,0","0,0","0,0","0,0","0,0","0,0","0,0","0,0","0,0","0,0","0,0","0,0","0,0","0,0","0,0","0,0","0,0","0,0","0,0","0,0","0,0","0,0","0,0","0,0","0,0","0,0","0,0","0,0","0,0","0,0","0,0","0,0","0,0","0,0","0,0","0,0","0,0","0,0","0,0","0,0","0,0","0,0","0,0","0,0","0,0","0,0","0,0","0,0","0,0","0,0","0,0","0,0","0,0","0,0","0,0","0,0","0,0","0,0","0,0","0,0","0,0","0,0","0,0","0,0","0,0","0,0","0,0","0,0","0,0","0,0","0,0","0,0","0,0","0,0","0,0","0,0","0,0","0,0","0,0","0,0","0,0","0,0","0,0","0,0","0,0","0,0","0,0","0,0","0,0","0,0","0,0","0,0","0,0","0,0","0,0","0,0","0,0","0,0","0,0","0,0","0,0","0,0","0,0","0,0","0,0","0,0","0,0","0,0","0,0","0,0","0,0","0,0","0,0","0,0"
"Bangladesh","2020-07-26","0,0","0,0","0,0","0,0","98,7012987012987","0,0","0,0","0,0","0,0","0,0","1,2987012987012987","0,0","0,0","0,0","0,0","0,0","0,0","0,0","0,0","0,0","0,0","0,0","0,0","0,0","0,0","0,0","0,0","0,0","0,0","0,0","0,0","0,0","0,0","0,0","0,0","0,0","0,0","0,0","0,0","0,0","0,0","0,0","0,0","0,0","0,0","0,0","0,0","0,0","0,0","0,0","0,0","0,0","0,0","0,0","0,0","0,0","0,0","0,0","0,0","0,0","0,0","0,0","0,0","0,0","0,0","0,0","0,0","0,0","0,0","0,0","0,0","0,0","0,0","0,0","0,0","0,0","0,0","0,0","0,0","0,0","0,0","0,0","0,0","0,0","0,0","0,0","0,0","0,0","0,0","0,0","0,0","0,0","0,0","0,0","0,0","0,0","0,0","0,0","0,0","0,0","0,0","0,0","0,0","0,0","0,0","0,0","0,0","0,0","0,0","0,0","0,0","0,0","0,0","0,0","0,0","0,0","0,0","0,0","0,0","0,0","0,0","0,0","0,0","0,0","0,0","0,0","0,0","0,0","0,0","0,0","0,0","0,0","0,0","0,0","0,0","0,0","0,0","0,0","0,0","0,0","0,0","0,0","0,0","0,0"
"Bangladesh","2020-08-09","0,0","0,0","0,0","0,0","100,0","0,0","0,0","0,0","0,0","0,0","0,0","0,0","0,0","0,0","0,0","0,0","0,0","0,0","0,0","0,0","0,0","0,0","0,0","0,0","0,0","0,0","0,0","0,0","0,0","0,0","0,0","0,0","0,0","0,0","0,0","0,0","0,0","0,0","0,0","0,0","0,0","0,0","0,0","0,0","0,0","0,0","0,0","0,0","0,0","0,0","0,0","0,0","0,0","0,0","0,0","0,0","0,0","0,0","0,0","0,0","0,0","0,0","0,0","0,0","0,0","0,0","0,0","0,0","0,0","0,0","0,0","0,0","0,0","0,0","0,0","0,0","0,0","0,0","0,0","0,0","0,0","0,0","0,0","0,0","0,0","0,0","0,0","0,0","0,0","0,0","0,0","0,0","0,0","0,0","0,0","0,0","0,0","0,0","0,0","0,0","0,0","0,0","0,0","0,0","0,0","0,0","0,0","0,0","0,0","0,0","0,0","0,0","0,0","0,0","0,0","0,0","0,0","0,0","0,0","0,0","0,0","0,0","0,0","0,0","0,0","0,0","0,0","0,0","0,0","0,0","0,0","0,0","0,0","0,0","0,0","0,0","0,0","0,0","0,0","0,0","0,0","0,0","0,0","0,0"
"Bangladesh","2020-08-23","0,0","0,0","0,0","0,0","100,0","0,0","0,0","0,0","0,0","0,0","0,0","0,0","0,0","0,0","0,0","0,0","0,0","0,0","0,0","0,0","0,0","0,0","0,0","0,0","0,0","0,0","0,0","0,0","0,0","0,0","0,0","0,0","0,0","0,0","0,0","0,0","0,0","0,0","0,0","0,0","0,0","0,0","0,0","0,0","0,0","0,0","0,0","0,0","0,0","0,0","0,0","0,0","0,0","0,0","0,0","0,0","0,0","0,0","0,0","0,0","0,0","0,0","0,0","0,0","0,0","0,0","0,0","0,0","0,0","0,0","0,0","0,0","0,0","0,0","0,0","0,0","0,0","0,0","0,0","0,0","0,0","0,0","0,0","0,0","0,0","0,0","0,0","0,0","0,0","0,0","0,0","0,0","0,0","0,0","0,0","0,0","0,0","0,0","0,0","0,0","0,0","0,0","0,0","0,0","0,0","0,0","0,0","0,0","0,0","0,0","0,0","0,0","0,0","0,0","0,0","0,0","0,0","0,0","0,0","0,0","0,0","0,0","0,0","0,0","0,0","0,0","0,0","0,0","0,0","0,0","0,0","0,0","0,0","0,0","0,0","0,0","0,0","0,0","0,0","0,0","0,0","0,0","0,0","0,0"
"Bangladesh","2020-09-06","0,0","0,0","0,0","0,0","100,0","0,0","0,0","0,0","0,0","0,0","0,0","0,0","0,0","0,0","0,0","0,0","0,0","0,0","0,0","0,0","0,0","0,0","0,0","0,0","0,0","0,0","0,0","0,0","0,0","0,0","0,0","0,0","0,0","0,0","0,0","0,0","0,0","0,0","0,0","0,0","0,0","0,0","0,0","0,0","0,0","0,0","0,0","0,0","0,0","0,0","0,0","0,0","0,0","0,0","0,0","0,0","0,0","0,0","0,0","0,0","0,0","0,0","0,0","0,0","0,0","0,0","0,0","0,0","0,0","0,0","0,0","0,0","0,0","0,0","0,0","0,0","0,0","0,0","0,0","0,0","0,0","0,0","0,0","0,0","0,0","0,0","0,0","0,0","0,0","0,0","0,0","0,0","0,0","0,0","0,0","0,0","0,0","0,0","0,0","0,0","0,0","0,0","0,0","0,0","0,0","0,0","0,0","0,0","0,0","0,0","0,0","0,0","0,0","0,0","0,0","0,0","0,0","0,0","0,0","0,0","0,0","0,0","0,0","0,0","0,0","0,0","0,0","0,0","0,0","0,0","0,0","0,0","0,0","0,0","0,0","0,0","0,0","0,0","0,0","0,0","0,0","0,0","0,0","0,0"
"Bangladesh","2020-09-20","0,0","0,0","0,0","0,0","97,36842105263158","0,0","0,0","0,0","0,0","0,0","2,631578947368421","0,0","0,0","0,0","0,0","0,0","0,0","0,0","0,0","0,0","0,0","0,0","0,0","0,0","0,0","0,0","0,0","0,0","0,0","0,0","0,0","0,0","0,0","0,0","0,0","0,0","0,0","0,0","0,0","0,0","0,0","0,0","0,0","0,0","0,0","0,0","0,0","0,0","0,0","0,0","0,0","0,0","0,0","0,0","0,0","0,0","0,0","0,0","0,0","0,0","0,0","0,0","0,0","0,0","0,0","0,0","0,0","0,0","0,0","0,0","0,0","0,0","0,0","0,0","0,0","0,0","0,0","0,0","0,0","0,0","0,0","0,0","0,0","0,0","0,0","0,0","0,0","0,0","0,0","0,0","0,0","0,0","0,0","0,0","0,0","0,0","0,0","0,0","0,0","0,0","0,0","0,0","0,0","0,0","0,0","0,0","0,0","0,0","0,0","0,0","0,0","0,0","0,0","0,0","0,0","0,0","0,0","0,0","0,0","0,0","0,0","0,0","0,0","0,0","0,0","0,0","0,0","0,0","0,0","0,0","0,0","0,0","0,0","0,0","0,0","0,0","0,0","0,0","0,0","0,0","0,0","0,0","0,0","0,0"
"Bangladesh","2020-10-04","0,0","0,0","0,0","0,0","100,0","0,0","0,0","0,0","0,0","0,0","0,0","0,0","0,0","0,0","0,0","0,0","0,0","0,0","0,0","0,0","0,0","0,0","0,0","0,0","0,0","0,0","0,0","0,0","0,0","0,0","0,0","0,0","0,0","0,0","0,0","0,0","0,0","0,0","0,0","0,0","0,0","0,0","0,0","0,0","0,0","0,0","0,0","0,0","0,0","0,0","0,0","0,0","0,0","0,0","0,0","0,0","0,0","0,0","0,0","0,0","0,0","0,0","0,0","0,0","0,0","0,0","0,0","0,0","0,0","0,0","0,0","0,0","0,0","0,0","0,0","0,0","0,0","0,0","0,0","0,0","0,0","0,0","0,0","0,0","0,0","0,0","0,0","0,0","0,0","0,0","0,0","0,0","0,0","0,0","0,0","0,0","0,0","0,0","0,0","0,0","0,0","0,0","0,0","0,0","0,0","0,0","0,0","0,0","0,0","0,0","0,0","0,0","0,0","0,0","0,0","0,0","0,0","0,0","0,0","0,0","0,0","0,0","0,0","0,0","0,0","0,0","0,0","0,0","0,0","0,0","0,0","0,0","0,0","0,0","0,0","0,0","0,0","0,0","0,0","0,0","0,0","0,0","0,0","0,0"
"Bangladesh","2020-10-18","0,0","0,0","0,0","0,0","96,15384615384616","0,0","0,0","3,8461538461538463","0,0","0,0","0,0","0,0","0,0","0,0","0,0","0,0","0,0","0,0","0,0","0,0","0,0","0,0","0,0","0,0","0,0","0,0","0,0","0,0","0,0","0,0","0,0","0,0","0,0","0,0","0,0","0,0","0,0","0,0","0,0","0,0","0,0","0,0","0,0","0,0","0,0","0,0","0,0","0,0","0,0","0,0","0,0","0,0","0,0","0,0","0,0","0,0","0,0","0,0","0,0","0,0","0,0","0,0","0,0","0,0","0,0","0,0","0,0","0,0","0,0","0,0","0,0","0,0","0,0","0,0","0,0","0,0","0,0","0,0","0,0","0,0","0,0","0,0","0,0","0,0","0,0","0,0","0,0","0,0","0,0","0,0","0,0","0,0","0,0","0,0","0,0","0,0","0,0","0,0","0,0","0,0","0,0","0,0","0,0","0,0","0,0","0,0","0,0","0,0","0,0","0,0","0,0","0,0","0,0","0,0","0,0","0,0","0,0","0,0","0,0","0,0","0,0","0,0","0,0","0,0","0,0","0,0","0,0","0,0","0,0","0,0","0,0","0,0","0,0","0,0","0,0","0,0","0,0","0,0","0,0","0,0","0,0","0,0","0,0","0,0"
"Bangladesh","2020-11-01","0,0","0,0","0,0","0,0","95,65217391304348","0,0","0,0","0,0","4,3478260869565215","0,0","0,0","0,0","0,0","0,0","0,0","0,0","0,0","0,0","0,0","0,0","0,0","0,0","0,0","0,0","0,0","0,0","0,0","0,0","0,0","0,0","0,0","0,0","0,0","0,0","0,0","0,0","0,0","0,0","0,0","0,0","0,0","0,0","0,0","0,0","0,0","0,0","0,0","0,0","0,0","0,0","0,0","0,0","0,0","0,0","0,0","0,0","0,0","0,0","0,0","0,0","0,0","0,0","0,0","0,0","0,0","0,0","0,0","0,0","0,0","0,0","0,0","0,0","0,0","0,0","0,0","0,0","0,0","0,0","0,0","0,0","0,0","0,0","0,0","0,0","0,0","0,0","0,0","0,0","0,0","0,0","0,0","0,0","0,0","0,0","0,0","0,0","0,0","0,0","0,0","0,0","0,0","0,0","0,0","0,0","0,0","0,0","0,0","0,0","0,0","0,0","0,0","0,0","0,0","0,0","0,0","0,0","0,0","0,0","0,0","0,0","0,0","0,0","0,0","0,0","0,0","0,0","0,0","0,0","0,0","0,0","0,0","0,0","0,0","0,0","0,0","0,0","0,0","0,0","0,0","0,0","0,0","0,0","0,0","0,0"
"Bangladesh","2020-11-15","0,0","0,0","0,0","0,0","90,32258064516128","0,0","0,0","0,0","3,225806451612903","0,0","6,451612903225806","0,0","0,0","0,0","0,0","0,0","0,0","0,0","0,0","0,0","0,0","0,0","0,0","0,0","0,0","0,0","0,0","0,0","0,0","0,0","0,0","0,0","0,0","0,0","0,0","0,0","0,0","0,0","0,0","0,0","0,0","0,0","0,0","0,0","0,0","0,0","0,0","0,0","0,0","0,0","0,0","0,0","0,0","0,0","0,0","0,0","0,0","0,0","0,0","0,0","0,0","0,0","0,0","0,0","0,0","0,0","0,0","0,0","0,0","0,0","0,0","0,0","0,0","0,0","0,0","0,0","0,0","0,0","0,0","0,0","0,0","0,0","0,0","0,0","0,0","0,0","0,0","0,0","0,0","0,0","0,0","0,0","0,0","0,0","0,0","0,0","0,0","0,0","0,0","0,0","0,0","0,0","0,0","0,0","0,0","0,0","0,0","0,0","0,0","0,0","0,0","0,0","0,0","0,0","0,0","0,0","0,0","0,0","0,0","0,0","0,0","0,0","0,0","0,0","0,0","0,0","0,0","0,0","0,0","0,0","0,0","0,0","0,0","0,0","0,0","0,0","0,0","0,0","0,0","0,0","0,0","0,0","0,0","0,0"
"Bangladesh","2020-11-29","0,0","0,0","0,0","0,0","100,0","0,0","0,0","0,0","0,0","0,0","0,0","0,0","0,0","0,0","0,0","0,0","0,0","0,0","0,0","0,0","0,0","0,0","0,0","0,0","0,0","0,0","0,0","0,0","0,0","0,0","0,0","0,0","0,0","0,0","0,0","0,0","0,0","0,0","0,0","0,0","0,0","0,0","0,0","0,0","0,0","0,0","0,0","0,0","0,0","0,0","0,0","0,0","0,0","0,0","0,0","0,0","0,0","0,0","0,0","0,0","0,0","0,0","0,0","0,0","0,0","0,0","0,0","0,0","0,0","0,0","0,0","0,0","0,0","0,0","0,0","0,0","0,0","0,0","0,0","0,0","0,0","0,0","0,0","0,0","0,0","0,0","0,0","0,0","0,0","0,0","0,0","0,0","0,0","0,0","0,0","0,0","0,0","0,0","0,0","0,0","0,0","0,0","0,0","0,0","0,0","0,0","0,0","0,0","0,0","0,0","0,0","0,0","0,0","0,0","0,0","0,0","0,0","0,0","0,0","0,0","0,0","0,0","0,0","0,0","0,0","0,0","0,0","0,0","0,0","0,0","0,0","0,0","0,0","0,0","0,0","0,0","0,0","0,0","0,0","0,0","0,0","0,0","0,0","0,0"
"Bangladesh","2020-12-13","0,0","0,0","0,0","0,0","98,24561403508771","0,0","0,0","0,0","0,0","0,0","1,7543859649122806","0,0","0,0","0,0","0,0","0,0","0,0","0,0","0,0","0,0","0,0","0,0","0,0","0,0","0,0","0,0","0,0","0,0","0,0","0,0","0,0","0,0","0,0","0,0","0,0","0,0","0,0","0,0","0,0","0,0","0,0","0,0","0,0","0,0","0,0","0,0","0,0","0,0","0,0","0,0","0,0","0,0","0,0","0,0","0,0","0,0","0,0","0,0","0,0","0,0","0,0","0,0","0,0","0,0","0,0","0,0","0,0","0,0","0,0","0,0","0,0","0,0","0,0","0,0","0,0","0,0","0,0","0,0","0,0","0,0","0,0","0,0","0,0","0,0","0,0","0,0","0,0","0,0","0,0","0,0","0,0","0,0","0,0","0,0","0,0","0,0","0,0","0,0","0,0","0,0","0,0","0,0","0,0","0,0","0,0","0,0","0,0","0,0","0,0","0,0","0,0","0,0","0,0","0,0","0,0","0,0","0,0","0,0","0,0","0,0","0,0","0,0","0,0","0,0","0,0","0,0","0,0","0,0","0,0","0,0","0,0","0,0","0,0","0,0","0,0","0,0","0,0","0,0","0,0","0,0","0,0","0,0","0,0","0,0"
"Bangladesh","2020-12-27","0,0","0,0","0,0","0,0","98,36065573770492","0,0","0,0","0,0","0,0","0,0","0,0","0,0","0,0","0,0","0,0","0,0","0,0","0,0","0,0","0,0","0,0","0,0","0,0","0,0","0,0","0,0","0,0","0,0","0,0","0,0","0,0","0,0","0,0","0,0","0,0","0,0","0,0","0,0","0,0","0,0","0,0","0,0","0,0","0,0","0,0","0,0","0,0","0,0","0,0","0,0","0,0","0,0","0,0","0,0","0,0","0,0","0,0","0,0","0,0","0,0","0,0","0,0","0,0","0,0","0,0","0,0","0,0","0,0","0,0","0,0","0,0","0,0","0,0","0,0","0,0","0,0","0,0","0,0","0,0","0,0","0,0","0,0","0,0","0,0","0,0","0,0","0,0","0,0","0,0","0,0","0,0","0,0","0,0","0,0","0,0","0,0","0,0","0,0","0,0","0,0","0,0","0,0","0,0","0,0","0,0","0,0","0,0","0,0","0,0","0,0","0,0","0,0","0,0","0,0","0,0","0,0","0,0","0,0","0,0","0,0","0,0","0,0","0,0","0,0","0,0","0,0","0,0","0,0","0,0","0,0","0,0","0,0","0,0","0,0","0,0","0,0","0,0","0,0","0,0","0,0","0,0","0,0","0,0","1,639344262295082"
"Bangladesh","2021-01-10","0,0","30,303030303030305","0,0","0,0","69,6969696969697","0,0","0,0","0,0","0,0","0,0","0,0","0,0","0,0","0,0","0,0","0,0","0,0","0,0","0,0","0,0","0,0","0,0","0,0","0,0","0,0","0,0","0,0","0,0","0,0","0,0","0,0","0,0","0,0","0,0","0,0","0,0","0,0","0,0","0,0","0,0","0,0","0,0","0,0","0,0","0,0","0,0","0,0","0,0","0,0","0,0","0,0","0,0","0,0","0,0","0,0","0,0","0,0","0,0","0,0","0,0","0,0","0,0","0,0","0,0","0,0","0,0","0,0","0,0","0,0","0,0","0,0","0,0","0,0","0,0","0,0","0,0","0,0","0,0","0,0","0,0","0,0","0,0","0,0","0,0","0,0","0,0","0,0","0,0","0,0","0,0","0,0","0,0","0,0","0,0","0,0","0,0","0,0","0,0","0,0","0,0","0,0","0,0","0,0","0,0","0,0","0,0","0,0","0,0","0,0","0,0","0,0","0,0","0,0","0,0","0,0","0,0","0,0","0,0","0,0","0,0","0,0","0,0","0,0","0,0","0,0","0,0","0,0","0,0","0,0","0,0","0,0","0,0","0,0","0,0","0,0","0,0","0,0","0,0","0,0","0,0","0,0","0,0","0,0","0,0"
"Bangladesh","2021-01-24","1,6129032258064515","9,67741935483871","0,0","1,6129032258064515","80,64516129032258","0,0","0,0","0,0","3,225806451612903","1,6129032258064515","0,0","0,0","0,0","0,0","0,0","0,0","0,0","0,0","0,0","0,0","0,0","0,0","0,0","0,0","0,0","0,0","0,0","0,0","0,0","0,0","0,0","0,0","0,0","0,0","0,0","0,0","0,0","0,0","0,0","0,0","0,0","0,0","0,0","0,0","0,0","0,0","0,0","0,0","0,0","0,0","0,0","0,0","0,0","0,0","0,0","0,0","0,0","0,0","0,0","0,0","0,0","0,0","0,0","0,0","0,0","0,0","0,0","0,0","0,0","0,0","0,0","0,0","0,0","0,0","0,0","0,0","0,0","0,0","0,0","0,0","0,0","0,0","0,0","0,0","0,0","0,0","0,0","0,0","0,0","0,0","0,0","0,0","0,0","0,0","0,0","0,0","0,0","0,0","0,0","0,0","0,0","0,0","0,0","0,0","0,0","0,0","0,0","0,0","0,0","0,0","0,0","0,0","0,0","0,0","0,0","0,0","0,0","0,0","0,0","0,0","0,0","0,0","0,0","0,0","0,0","0,0","0,0","0,0","0,0","0,0","0,0","0,0","0,0","0,0","0,0","0,0","0,0","0,0","0,0","0,0","0,0","0,0","0,0","1,6129032258064515"
"Bangladesh","2021-02-07","0,0","14,285714285714285","0,0","0,0","80,95238095238095","0,0","0,0","0,0","4,761904761904762","0,0","0,0","0,0","0,0","0,0","0,0","0,0","0,0","0,0","0,0","0,0","0,0","0,0","0,0","0,0","0,0","0,0","0,0","0,0","0,0","0,0","0,0","0,0","0,0","0,0","0,0","0,0","0,0","0,0","0,0","0,0","0,0","0,0","0,0","0,0","0,0","0,0","0,0","0,0","0,0","0,0","0,0","0,0","0,0","0,0","0,0","0,0","0,0","0,0","0,0","0,0","0,0","0,0","0,0","0,0","0,0","0,0","0,0","0,0","0,0","0,0","0,0","0,0","0,0","0,0","0,0","0,0","0,0","0,0","0,0","0,0","0,0","0,0","0,0","0,0","0,0","0,0","0,0","0,0","0,0","0,0","0,0","0,0","0,0","0,0","0,0","0,0","0,0","0,0","0,0","0,0","0,0","0,0","0,0","0,0","0,0","0,0","0,0","0,0","0,0","0,0","0,0","0,0","0,0","0,0","0,0","0,0","0,0","0,0","0,0","0,0","0,0","0,0","0,0","0,0","0,0","0,0","0,0","0,0","0,0","0,0","0,0","0,0","0,0","0,0","0,0","0,0","0,0","0,0","0,0","0,0","0,0","0,0","0,0","0,0"
"Bangladesh","2021-02-21","0,0","30,555555555555557","0,0","0,0","55,55555555555556","0,0","0,0","0,0","11,11111111111111","0,0","0,0","0,0","0,0","0,0","0,0","0,0","0,0","0,0","0,0","0,0","0,0","0,0","0,0","0,0","0,0","0,0","0,0","0,0","0,0","0,0","0,0","0,0","0,0","0,0","0,0","0,0","0,0","0,0","0,0","0,0","0,0","0,0","0,0","0,0","0,0","0,0","0,0","0,0","0,0","0,0","0,0","0,0","0,0","0,0","0,0","0,0","0,0","0,0","0,0","0,0","0,0","0,0","0,0","0,0","0,0","0,0","0,0","0,0","0,0","0,0","0,0","0,0","0,0","0,0","0,0","0,0","0,0","0,0","0,0","0,0","0,0","0,0","0,0","0,0","0,0","0,0","0,0","0,0","0,0","0,0","0,0","0,0","0,0","0,0","0,0","0,0","0,0","0,0","0,0","0,0","0,0","0,0","0,0","0,0","2,7777777777777777","0,0","0,0","0,0","0,0","0,0","0,0","0,0","0,0","0,0","0,0","0,0","0,0","0,0","0,0","0,0","0,0","0,0","0,0","0,0","0,0","0,0","0,0","0,0","0,0","0,0","0,0","0,0","0,0","0,0","0,0","0,0","0,0","0,0","0,0","0,0","0,0","0,0","0,0","0,0"
"Bangladesh","2021-03-07","0,0","32,142857142857146","0,0","0,0","10,714285714285714","3,571428571428571","0,0","0,0","50,0","0,0","0,0","0,0","0,0","0,0","0,0","0,0","0,0","0,0","0,0","0,0","0,0","0,0","0,0","0,0","0,0","0,0","0,0","0,0","0,0","0,0","0,0","0,0","0,0","0,0","0,0","0,0","0,0","0,0","0,0","0,0","0,0","0,0","0,0","0,0","0,0","0,0","0,0","0,0","0,0","0,0","0,0","0,0","0,0","0,0","0,0","0,0","0,0","0,0","0,0","0,0","0,0","0,0","0,0","0,0","0,0","0,0","0,0","0,0","0,0","0,0","0,0","0,0","0,0","0,0","0,0","0,0","0,0","0,0","0,0","0,0","0,0","0,0","0,0","0,0","0,0","0,0","0,0","0,0","0,0","0,0","0,0","0,0","0,0","0,0","0,0","0,0","0,0","0,0","0,0","0,0","0,0","0,0","0,0","0,0","0,0","0,0","0,0","0,0","0,0","0,0","0,0","0,0","0,0","0,0","0,0","0,0","0,0","0,0","0,0","0,0","0,0","0,0","0,0","0,0","0,0","0,0","0,0","0,0","0,0","0,0","0,0","0,0","0,0","0,0","0,0","0,0","0,0","0,0","0,0","0,0","0,0","0,0","0,0","3,571428571428571"
"Bangladesh","2021-03-21","0,0","10,43956043956044","0,5494505494505495","0,0","12,637362637362637","3,296703296703297","0,0","0,0","68,13186813186813","0,0","0,0","0,0","0,0","0,0","0,0","0,0","0,0","0,0","0,0","0,0","0,0","0,0","0,0","0,0","0,0","0,0","0,0","0,0","0,0","0,0","0,0","0,0","0,0","0,0","0,0","0,0","0,0","0,0","0,0","0,0","0,0","0,0","0,0","0,0","0,0","0,0","0,0","0,0","0,0","0,0","0,0","0,0","0,0","0,0","0,0","0,0","0,0","0,0","0,0","0,0","0,0","0,0","0,0","0,0","0,0","0,0","0,0","0,0","0,0","0,0","0,0","0,0","0,0","0,0","0,0","0,0","0,0","0,0","0,0","0,0","0,0","0,0","0,0","0,0","0,0","0,0","0,0","0,0","0,0","0,0","0,0","0,0","0,0","0,0","0,0","0,0","0,0","0,0","0,0","0,0","0,0","0,0","0,0","3,8461538461538463","0,0","0,0","0,0","0,0","0,0","0,0","0,0","0,0","0,0","0,0","0,0","0,0","0,0","0,0","0,0","0,0","0,0","0,0","0,0","0,0","0,0","0,0","0,0","0,0","0,0","0,0","0,0","0,0","0,0","0,0","0,0","0,0","0,0","0,0","0,0","0,0","0,0","0,0","0,0","1,098901098901099"
"Bangladesh","2021-04-04","0,0","20,0","0,0","0,0","5,555555555555555","4,444444444444445","0,0","0,0","67,77777777777779","0,0","0,0","0,0","0,0","0,0","0,0","0,0","0,0","0,0","0,0","0,0","0,0","0,0","0,0","0,0","0,0","0,0","0,0","0,0","0,0","0,0","0,0","0,0","0,0","0,0","0,0","0,0","0,0","0,0","0,0","0,0","0,0","0,0","0,0","0,0","0,0","0,0","0,0","0,0","0,0","0,0","0,0","0,0","0,0","0,0","0,0","0,0","0,0","0,0","0,0","0,0","0,0","0,0","0,0","0,0","0,0","0,0","0,0","0,0","0,0","0,0","0,0","0,0","0,0","0,0","0,0","0,0","0,0","0,0","0,0","0,0","0,0","0,0","0,0","0,0","0,0","0,0","0,0","0,0","0,0","0,0","0,0","0,0","0,0","0,0","0,0","0,0","0,0","0,0","0,0","0,0","0,0","0,0","0,0","2,2222222222222223","0,0","0,0","0,0","0,0","0,0","0,0","0,0","0,0","0,0","0,0","0,0","0,0","0,0","0,0","0,0","0,0","0,0","0,0","0,0","0,0","0,0","0,0","0,0","0,0","0,0","0,0","0,0","0,0","0,0","0,0","0,0","0,0","0,0","0,0","0,0","0,0","0,0","0,0","0,0","0,0"
"Bangladesh","2021-04-18","0,0","3,787878787878788","0,0","0,0","0,7575757575757576","5,303030303030303","0,0","0,0","85,60606060606061","0,0","0,0","0,0","0,0","0,0","0,0","0,0","0,0","0,0","0,0","0,0","0,0","0,0","0,0","0,0","0,0","0,0","0,0","0,0","0,0","0,0","0,0","0,0","0,0","0,0","0,0","0,0","0,0","0,0","0,0","0,0","0,0","0,0","0,0","0,0","0,0","0,0","0,0","0,0","0,0","0,0","0,0","0,0","0,0","0,0","0,0","0,0","0,0","0,0","0,0","0,0","0,0","0,0","0,0","0,0","0,0","0,0","0,0","0,0","0,0","0,0","0,0","0,0","0,0","0,0","0,0","0,0","0,0","0,0","0,0","0,0","0,0","0,0","0,0","0,0","0,0","0,0","0,0","0,0","0,0","0,0","0,0","0,0","0,0","0,0","0,0","0,0","0,0","0,0","0,0","0,0","0,0","0,0","0,0","3,787878787878788","0,0","0,0","0,0","0,0","0,0","0,0","0,0","0,0","0,0","0,0","0,0","0,0","0,0","0,0","0,0","0,0","0,0","0,0","0,0","0,0","0,0","0,0","0,0","0,0","0,0","0,0","0,0","0,0","0,0","0,0","0,0","0,0","0,0","0,0","0,0","0,0","0,0","0,0","0,0","0,7575757575757576"
"Bangladesh","2021-05-02","0,0","7,777777777777778","0,0","0,0","2,2222222222222223","5,555555555555555","0,0","0,0","68,88888888888889","0,0","0,0","8,88888888888889","0,0","1,1111111111111112","0,0","0,0","0,0","0,0","0,0","0,0","0,0","0,0","0,0","0,0","0,0","0,0","0,0","0,0","0,0","0,0","0,0","0,0","0,0","0,0","0,0","0,0","0,0","0,0","0,0","0,0","0,0","0,0","0,0","0,0","0,0","0,0","0,0","0,0","0,0","0,0","0,0","0,0","0,0","0,0","0,0","0,0","0,0","1,1111111111111112","0,0","0,0","0,0","0,0","0,0","0,0","0,0","0,0","1,1111111111111112","0,0","0,0","0,0","0,0","0,0","0,0","0,0","0,0","1,1111111111111112","0,0","0,0","0,0","0,0","0,0","0,0","0,0","0,0","0,0","0,0","0,0","0,0","0,0","0,0","0,0","0,0","0,0","0,0","0,0","0,0","0,0","0,0","0,0","0,0","0,0","0,0","0,0","1,1111111111111112","0,0","0,0","0,0","0,0","0,0","0,0","0,0","0,0","0,0","0,0","0,0","0,0","0,0","0,0","0,0","0,0","0,0","0,0","0,0","0,0","0,0","0,0","0,0","0,0","0,0","0,0","0,0","0,0","0,0","0,0","0,0","0,0","0,0","0,0","0,0","0,0","0,0","0,0","0,0","1,1111111111111112"
"Bangladesh","2021-05-16","0,0","5,084745762711865","0,0","0,0","0,0","10,16949152542373","0,0","0,0","45,76271186440678","0,0","0,0","37,28813559322034","0,0","0,0","0,0","0,0","0,0","0,0","0,0","0,0","0,0","0,0","0,0","0,0","0,0","0,0","0,0","0,0","0,0","0,0","0,0","0,0","0,0","0,0","0,0","0,0","0,0","0,0","0,0","0,0","0,0","0,0","0,0","0,0","0,0","0,0","0,0","0,0","0,0","0,0","0,0","0,0","0,0","0,0","0,0","0,0","0,0","0,0","0,0","0,0","0,0","0,0","0,0","0,0","0,0","0,0","0,0","1,694915254237288","0,0","0,0","0,0","0,0","0,0","0,0","0,0","0,0","0,0","0,0","0,0","0,0","0,0","0,0","0,0","0,0","0,0","0,0","0,0","0,0","0,0","0,0","0,0","0,0","0,0","0,0","0,0","0,0","0,0","0,0","0,0","0,0","0,0","0,0","0,0","0,0","0,0","0,0","0,0","0,0","0,0","0,0","0,0","0,0","0,0","0,0","0,0","0,0","0,0","0,0","0,0","0,0","0,0","0,0","0,0","0,0","0,0","0,0","0,0","0,0","0,0","0,0","0,0","0,0","0,0","0,0","0,0","0,0","0,0","0,0","0,0","0,0","0,0","0,0","0,0","0,0"
"Bangladesh","2021-05-30","0,0","2,0","0,0","0,0","4,0","3,0","1,0","0,0","42,0","0,0","0,0","36,0","0,0","0,0","0,0","0,0","0,0","0,0","0,0","0,0","0,0","0,0","0,0","0,0","0,0","0,0","0,0","0,0","1,0","0,0","0,0","0,0","0,0","0,0","0,0","0,0","0,0","0,0","0,0","0,0","1,0","0,0","0,0","0,0","0,0","0,0","0,0","0,0","0,0","0,0","0,0","0,0","0,0","0,0","0,0","0,0","0,0","2,0","0,0","0,0","0,0","0,0","0,0","0,0","0,0","0,0","0,0","0,0","0,0","0,0","0,0","0,0","0,0","0,0","0,0","0,0","0,0","0,0","0,0","0,0","0,0","0,0","0,0","0,0","0,0","0,0","0,0","0,0","0,0","0,0","0,0","0,0","0,0","0,0","0,0","0,0","0,0","0,0","0,0","0,0","0,0","0,0","0,0","3,0","0,0","0,0","0,0","0,0","0,0","0,0","0,0","0,0","0,0","0,0","0,0","0,0","0,0","0,0","0,0","0,0","0,0","0,0","0,0","0,0","0,0","0,0","0,0","0,0","0,0","0,0","0,0","0,0","0,0","0,0","0,0","0,0","0,0","0,0","0,0","0,0","0,0","0,0","0,0","5,0"
"Bangladesh","2021-06-13","0,0","4,10958904109589","0,0","0,0","0,0","5,47945205479452","0,0","0,0","23,28767123287671","0,0","0,0","41,0958904109589","1,36986301369863","0,0","0,0","0,0","0,0","0,0","0,0","0,0","1,36986301369863","0,0","0,0","0,0","0,0","0,0","0,0","0,0","5,47945205479452","0,0","0,0","0,0","0,0","0,0","0,0","0,0","0,0","0,0","0,0","0,0","0,0","0,0","0,0","0,0","0,0","1,36986301369863","0,0","0,0","0,0","0,0","0,0","0,0","0,0","0,0","0,0","0,0","0,0","0,0","0,0","0,0","0,0","0,0","5,47945205479452","0,0","0,0","0,0","2,73972602739726","0,0","0,0","0,0","0,0","0,0","0,0","0,0","0,0","0,0","0,0","0,0","1,36986301369863","0,0","0,0","0,0","0,0","0,0","0,0","0,0","0,0","0,0","0,0","0,0","0,0","0,0","0,0","0,0","0,0","0,0","0,0","0,0","0,0","0,0","1,36986301369863","0,0","0,0","2,73972602739726","0,0","0,0","0,0","0,0","0,0","0,0","0,0","0,0","0,0","0,0","0,0","0,0","0,0","0,0","0,0","0,0","0,0","0,0","0,0","0,0","0,0","0,0","0,0","0,0","0,0","0,0","0,0","0,0","0,0","0,0","0,0","0,0","0,0","0,0","0,0","0,0","0,0","0,0","0,0","2,73972602739726"
"Bangladesh","2021-06-27","0,0","0,0","0,0","0,0","0,0","2,459016393442623","0,0","0,0","1,639344262295082","0,0","0,0","68,0327868852459","0,819672131147541","0,819672131147541","0,0","0,0","0,0","0,0","0,0","0,0","0,0","0,0","0,0","0,0","0,0","0,0","0,0","0,0","9,836065573770492","0,0","0,0","0,0","0,0","0,819672131147541","0,0","0,819672131147541","0,0","0,0","0,0","0,0","0,819672131147541","0,0","0,0","0,0","0,0","0,0","0,0","1,639344262295082","0,0","0,0","0,0","0,0","0,0","0,0","0,0","0,0","0,819672131147541","0,819672131147541","0,0","0,819672131147541","0,0","0,0","1,639344262295082","1,639344262295082","0,0","0,0","0,819672131147541","1,639344262295082","0,0","0,0","0,0","0,0","0,0","0,0","0,819672131147541","0,0","0,0","0,0","0,0","0,0","0,0","0,0","0,0","0,0","0,0","0,0","0,0","0,0","0,819672131147541","1,639344262295082","0,0","0,0","0,0","0,0","0,0","0,0","0,0","0,0","0,0","0,0","0,0","0,0","0,0","0,819672131147541","0,0","0,0","0,0","0,0","0,0","0,0","0,0","0,0","0,0","0,0","0,0","0,0","0,0","0,0","0,0","0,0","0,0","0,0","0,0","0,0","0,0","0,0","0,0","0,0","0,0","0,0","0,0","0,0","0,0","0,0","0,0","0,0","0,0","0,0","0,0","0,0","0,0","0,0","0,0","0,0"
"Bangladesh","2021-07-11","0,0","0,2288329519450801","0,0","0,0","0,0","0,6864988558352403","0,0","0,0","0,9153318077803204","0,0","0,0","62,24256292906178","0,4576659038901602","3,203661327231121","0,0","0,0","0,0","0,0","0,0","0,0","0,0","0,0","0,2288329519450801","0,0","0,0","0,0","0,0","0,0","9,839816933638444","0,0","0,0","0,2288329519450801","0,0","0,0","0,2288329519450801","0,2288329519450801","0,0","0,0","0,0","0,4576659038901602","0,2288329519450801","0,9153318077803204","0,0","0,0","0,0","0,0","0,0","0,2288329519450801","0,0","0,2288329519450801","0,0","0,0","0,0","0,0","0,0","1,1441647597254003","0,0","4,118993135011442","0,0","0,0","0,2288329519450801","0,0","3,4324942791762014","0,0","0,4576659038901602","0,0","0,2288329519450801","1,6018306636155606","0,2288329519450801","0,2288329519450801","0,4576659038901602","0,0","0,0","0,0","0,9153318077803204","0,0","0,0","0,0","1,1441647597254003","0,2288329519450801","0,2288329519450801","0,0","0,0","0,0","0,6864988558352403","0,9153318077803204","0,0","0,0","0,9153318077803204","0,0","0,0","0,0","0,0","0,2288329519450801","0,2288329519450801","0,0","0,0","0,0","0,0","0,0","0,2288329519450801","0,2288329519450801","1,1441647597254003","0,0","0,0","0,0","0,0","0,0","0,0","0,0","0,0","0,0","0,0","0,0","0,0","0,0","0,0","0,0","0,0","0,0","0,0","0,0","0,0","0,0","0,0","0,0","0,0","0,0","0,0","0,0","0,0","0,0","0,0","0,0","0,0","0,0","0,0","0,0","0,0","0,0","0,0","0,0","0,0","0,2288329519450801"
"Bangladesh","2021-07-25","0,0","0,0","0,0","0,0","0,0","0,0","0,0","0,0","0,33670033670033667","0,0","0,0","57,57575757575758","1,0101010101010102","1,6835016835016834","0,0","0,0","0,0","0,0","0,0","0,0","0,33670033670033667","0,33670033670033667","0,0","0,0","0,0","0,0","0,0","0,33670033670033667","12,794612794612794","0,33670033670033667","0,0","0,0","0,0","0,0","0,33670033670033667","0,6734006734006733","0,33670033670033667","0,0","0,0","1,0101010101010102","0,0","2,0202020202020203","0,0","0,33670033670033667","0,0","0,0","0,33670033670033667","0,0","0,0","0,0","0,33670033670033667","0,0","0,0","0,0","0,0","0,6734006734006733","0,33670033670033667","2,0202020202020203","0,0","0,0","0,0","0,33670033670033667","2,6936026936026933","1,0101010101010102","0,33670033670033667","0,0","0,33670033670033667","2,356902356902357","0,0","0,0","0,33670033670033667","0,0","0,0","0,0","3,0303030303030303","0,0","0,0","0,0","2,0202020202020203","0,0","0,0","0,0","0,0","0,33670033670033667","0,33670033670033667","0,33670033670033667","0,0","0,0","0,6734006734006733","0,33670033670033667","0,0","0,33670033670033667","0,0","0,6734006734006733","0,0","0,0","0,0","0,0","0,6734006734006733","0,0","0,33670033670033667","0,0","0,33670033670033667","0,0","0,0","0,0","0,0","0,0","0,0","0,0","0,0","0,0","0,0","0,0","0,0","0,0","0,0","0,0","0,0","0,0","0,0","0,0","0,0","0,0","0,0","0,0","0,0","0,0","0,0","0,0","0,0","0,0","0,0","0,0","0,0","0,0","0,0","0,0","0,0","0,0","0,0","0,0","0,0","0,0"
"Bangladesh","2021-08-08","0,0","0,0","0,0","0,0","0,0","0,24330900243309003","0,0","0,0","0,24330900243309003","0,0","0,0","49,87834549878345","1,2165450121654502","0,9732360097323601","0,0","0,0","0,0","0,24330900243309003","0,0","0,0","0,24330900243309003","0,0","0,0","0,0","0,0","0,24330900243309003","0,0","0,0","13,138686131386862","0,24330900243309003","0,0","0,0","0,0","0,7299270072992701","0,24330900243309003","1,4598540145985401","0,0","0,0","0,0","0,9732360097323601","0,0","1,4598540145985401","0,24330900243309003","0,0","0,24330900243309003","0,0","0,48661800486618007","0,0","0,0","0,0","0,0","0,0","0,0","0,0","0,24330900243309003","1,70316301703163","0,0","1,4598540145985401","0,0","0,0","0,0","0,24330900243309003","6,082725060827251","0,24330900243309003","0,0","0,48661800486618007","0,24330900243309003","5,59610705596107","0,0","0,0","0,24330900243309003","0,0","0,0","0,24330900243309003","0,48661800486618007","0,0","0,0","0,0","0,7299270072992701","0,0","0,0","0,0","0,0","0,24330900243309003","1,4598540145985401","2,67639902676399","0,24330900243309003","0,0","0,48661800486618007","0,48661800486618007","0,0","0,0","0,0","1,70316301703163","0,0","0,0","0,0","0,0","0,24330900243309003","0,0","0,24330900243309003","0,0","0,9732360097323601","0,0","0,0","0,0","0,0","0,0","0,0","0,0","0,0","0,0","0,0","0,0","0,0","0,0","0,0","0,0","0,0","0,0","0,0","0,0","0,0","0,0","0,0","0,0","0,0","0,0","0,0","0,0","0,0","0,0","0,0","0,0","0,0","0,0","0,0","0,0","0,0","0,0","0,0","0,0","0,0","0,7299270072992701"
"Bangladesh","2021-08-22","0,0","0,0","0,0","0,0","1,1111111111111112","0,0","0,0","0,0","0,0","0,0","0,0","54,44444444444444","0,3703703703703704","2,2222222222222223","0,0","0,0","0,0","0,3703703703703704","0,0","0,0","0,3703703703703704","0,0","0,0","0,0","0,0","0,0","0,0","0,0","9,25925925925926","0,0","0,0","0,0","0,0","0,7407407407407408","0,0","1,8518518518518516","0,0","0,0","0,3703703703703704","0,7407407407407408","0,3703703703703704","1,1111111111111112","0,0","0,0","0,0","0,0","0,0","1,1111111111111112","0,0","0,3703703703703704","0,0","0,3703703703703704","0,3703703703703704","0,0","0,0","1,1111111111111112","0,0","1,1111111111111112","0,0","0,3703703703703704","0,0","0,3703703703703704","4,444444444444445","0,3703703703703704","0,3703703703703704","0,3703703703703704","0,0","7,777777777777778","0,0","0,0","0,7407407407407408","0,0","0,0","0,7407407407407408","0,3703703703703704","0,0","0,0","0,3703703703703704","2,2222222222222223","0,0","0,3703703703703704","0,0","0,0","0,0","0,3703703703703704","0,0","0,0","0,3703703703703704","0,0","0,7407407407407408","0,0","0,0","0,0","0,7407407407407408","0,0","0,0","0,0","0,0","0,0","0,0","0,3703703703703704","0,3703703703703704","0,3703703703703704","0,0","0,0","0,0","0,0","0,0","0,0","0,0","0,0","0,0","0,0","0,0","0,0","0,0","0,0","0,0","0,0","0,0","0,0","0,0","0,0","0,0","0,0","0,0","0,0","0,0","0,0","0,0","0,0","0,0","0,0","0,0","0,0","0,0","0,0","0,0","0,0","0,0","0,0","0,0","0,0","0,0"
"Bangladesh","2021-09-05","0,0","0,0","0,0","0,0","0,5291005291005291","0,0","0,0","0,0","0,0","0,0","0,0","47,61904761904761","1,5873015873015872","7,4074074074074066","0,0","0,5291005291005291","0,0","0,0","0,5291005291005291","0,0","0,0","0,0","0,0","0,0","0,0","0,0","0,0","0,5291005291005291","14,814814814814813","0,0","0,0","0,0","0,0","1,0582010582010581","0,0","3,7037037037037033","0,0","0,0","0,0","1,0582010582010581","0,0","2,1164021164021163","0,0","0,0","0,0","0,0","0,0","0,0","0,5291005291005291","0,0","0,0","0,0","0,0","0,0","0,0","0,0","0,0","1,5873015873015872","0,0","1,0582010582010581","0,0","0,0","7,4074074074074066","0,5291005291005291","0,0","0,0","0,0","0,5291005291005291","0,0","0,0","0,0","0,0","0,5291005291005291","0,0","0,0","0,0","0,0","0,0","1,0582010582010581","0,0","0,0","0,0","0,0","0,0","1,5873015873015872","0,0","0,0","0,0","0,0","0,0","0,0","0,0","0,5291005291005291","0,5291005291005291","0,0","0,5291005291005291","0,5291005291005291","0,0","1,0582010582010581","0,0","0,0","0,0","0,5291005291005291","0,0","0,0","0,0","0,0","0,0","0,0","0,0","0,0","0,0","0,0","0,0","0,0","0,0","0,0","0,0","0,0","0,0","0,0","0,0","0,0","0,0","0,0","0,0","0,0","0,0","0,0","0,0","0,0","0,0","0,0","0,0","0,0","0,0","0,0","0,0","0,0","0,0","0,0","0,0","0,0","0,0"
"Bangladesh","2021-09-19","0,0","0,0","0,0","0,0","0,0","0,0","0,0","0,0","0,0","0,0","0,0","35,22727272727273","1,1363636363636365","9,659090909090908","0,0","0,0","0,0","0,0","0,0","0,0","0,0","0,0","0,0","0,0","0,0","0,0","0,5681818181818182","0,5681818181818182","17,045454545454543","0,0","0,0","0,0","0,0","1,1363636363636365","2,840909090909091","5,681818181818182","0,5681818181818182","0,5681818181818182","0,0","0,0","0,0","1,1363636363636365","0,0","0,0","0,0","0,0","0,5681818181818182","0,0","0,0","0,0","0,0","0,0","0,0","0,0","0,0","0,5681818181818182","0,0","4,545454545454546","0,0","0,0","0,0","0,5681818181818182","6,8181818181818175","1,7045454545454544","0,0","0,0","0,0","1,1363636363636365","0,0","0,0","0,5681818181818182","0,0","0,0","0,0","0,0","0,0","0,5681818181818182","0,0","1,1363636363636365","0,0","0,0","0,0","0,0","0,0","0,0","0,0","0,0","0,0","0,0","0,0","0,0","0,0","0,0","2,272727272727273","0,0","0,0","0,0","0,0","1,1363636363636365","0,0","0,5681818181818182","0,0","1,1363636363636365","0,0","0,0","0,0","0,0","0,0","0,0","0,0","0,0","0,0","0,0","0,0","0,0","0,0","0,0","0,0","0,0","0,0","0,0","0,0","0,0","0,0","0,0","0,0","0,0","0,0","0,0","0,0","0,0","0,0","0,0","0,0","0,0","0,0","0,0","0,0","0,0","0,0","0,0","0,0","0,0","0,5681818181818182"
"Bangladesh","2021-10-03","0,0","0,0","0,0","0,0","1,948051948051948","0,0","0,0","0,0","0,0","0,0","0,0","26,623376623376622","0,0","10,38961038961039","0,0","0,0","0,0","0,0","0,0","0,0","0,6493506493506493","0,0","0,0","0,0","0,0","0,0","0,0","0,6493506493506493","10,38961038961039","0,0","0,0","0,0","0,6493506493506493","3,2467532467532463","0,0","11,03896103896104","0,0","0,6493506493506493","0,0","0,0","0,0","0,0","0,0","0,0","0,0","0,6493506493506493","0,0","0,0","0,0","0,0","0,0","0,0","0,0","0,0","0,0","0,6493506493506493","0,0","9,740259740259742","0,0","0,0","0,0","0,0","5,844155844155844","0,6493506493506493","0,6493506493506493","0,0","0,0","3,2467532467532463","0,0","0,6493506493506493","0,0","0,6493506493506493","0,0","0,0","0,0","0,0","0,0","0,0","0,6493506493506493","0,0","0,0","0,6493506493506493","0,0","0,6493506493506493","3,2467532467532463","0,0","0,0","0,0","0,0","0,0","0,0","0,0","0,0","2,5974025974025974","0,0","0,0","0,0","0,0","0,6493506493506493","0,0","0,0","0,0","1,2987012987012987","0,0","0,0","0,0","0,0","0,0","0,0","0,0","0,0","0,0","0,0","0,0","0,0","0,0","0,0","0,0","0,0","0,0","0,0","0,0","0,0","0,0","0,0","0,0","0,0","0,0","0,0","0,0","0,0","0,0","0,0","0,0","0,0","0,0","0,0","0,0","0,0","0,0","0,0","0,0","0,0","1,2987012987012987"
"Bangladesh","2021-10-17","0,0","0,0","0,0","0,0","0,0","0,0","0,0","0,0","0,0","0,0","0,0","35,294117647058826","3,2679738562091507","7,18954248366013","0,0","0,0","0,0","0,0","0,0","0,6535947712418301","0,6535947712418301","0,0","0,0","0,0","0,0","0,0","0,0","0,0","8,49673202614379","0,0","0,0","0,0","0,0","0,0","0,6535947712418301","10,457516339869281","0,0","3,2679738562091507","0,0","2,6143790849673203","0,0","0,0","0,0","0,0","0,0","0,6535947712418301","0,0","0,0","0,6535947712418301","0,0","0,0","0,0","0,0","0,0","0,0","0,0","0,0","10,457516339869281","0,0","0,0","0,0","0,0","9,803921568627452","0,0","0,0","0,0","0,0","2,6143790849673203","0,0","0,0","0,0","0,0","0,0","0,0","0,6535947712418301","0,0","0,0","0,0","0,0","0,0","0,0","0,0","0,6535947712418301","0,0","0,6535947712418301","0,0","0,0","0,0","0,0","0,0","0,0","0,0","0,0","0,0","0,0","0,0","0,0","0,0","0,6535947712418301","0,0","0,0","0,6535947712418301","0,0","0,0","0,0","0,0","0,0","0,0","0,0","0,0","0,0","0,0","0,0","0,0","0,0","0,0","0,0","0,0","0,0","0,0","0,0","0,0","0,0","0,0","0,0","0,0","0,0","0,0","0,0","0,0","0,0","0,0","0,0","0,0","0,0","0,0","0,0","0,0","0,0","0,0","0,0","0,0","0,0","0,0"
"Bangladesh","2021-10-31","0,0","0,0","0,0","0,0","0,0","0,0","0,0","0,0","0,0","0,0","0,0","24,509803921568626","2,941176470588235","12,745098039215685","0,0","0,0","0,0","0,0","0,0","0,0","0,9803921568627451","0,0","0,0","0,9803921568627451","0,9803921568627451","0,0","0,0","0,0","14,705882352941178","0,0","0,0","0,0","0,0","0,0","1,9607843137254901","7,8431372549019605","0,0","10,784313725490197","0,0","0,0","0,0","0,0","0,0","0,0","0,0","0,0","0,0","0,0","0,0","0,0","0,0","0,0","0,0","0,0","0,0","0,9803921568627451","0,0","7,8431372549019605","0,0","0,0","0,0","0,0","8,823529411764707","0,0","0,0","0,0","0,0","0,9803921568627451","0,0","0,0","0,0","0,0","0,0","0,0","0,0","0,0","0,0","0,0","0,0","0,0","0,9803921568627451","0,0","0,0","0,0","0,0","0,0","0,0","0,0","0,0","0,0","0,0","0,0","0,0","0,0","0,0","0,0","0,0","0,0","0,9803921568627451","0,9803921568627451","0,0","0,0","0,0","0,0","0,0","0,0","0,0","0,0","0,0","0,0","0,0","0,0","0,0","0,0","0,0","0,0","0,0","0,0","0,0","0,0","0,0","0,0","0,0","0,0","0,0","0,0","0,0","0,0","0,0","0,0","0,0","0,0","0,0","0,0","0,0","0,0","0,0","0,0","0,0","0,0","0,0","0,0","0,0","0,0"
"Bangladesh","2021-11-14","0,0","0,0","0,0","0,0","0,0","0,0","0,0","0,0","0,0","0,0","0,0","26,153846153846157","1,5384615384615385","7,6923076923076925","0,0","0,0","0,0","0,0","0,7692307692307693","0,0","0,7692307692307693","0,0","0,0","0,0","0,0","0,0","0,0","0,7692307692307693","7,6923076923076925","0,0","0,0","0,0","0,0","0,0","0,7692307692307693","13,846153846153847","0,0","21,53846153846154","0,0","0,0","0,0","0,7692307692307693","0,0","0,0","0,0","0,0","0,0","0,0","0,0","0,0","0,0","0,0","0,0","0,7692307692307693","0,0","0,7692307692307693","0,0","3,8461538461538463","0,0","0,0","0,0","0,0","5,384615384615385","0,0","0,0","0,0","0,0","0,7692307692307693","0,0","0,7692307692307693","0,0","0,0","0,0","0,0","0,0","0,0","0,0","0,0","0,0","0,0","0,0","0,0","0,0","0,0","0,7692307692307693","0,0","0,0","0,0","0,0","0,0","0,0","0,0","0,0","0,0","0,0","0,7692307692307693","0,0","0,0","3,076923076923077","0,0","0,0","0,0","0,7692307692307693","0,0","0,0","0,0","0,0","0,0","0,0","0,0","0,0","0,0","0,0","0,0","0,0","0,0","0,0","0,0","0,0","0,0","0,0","0,0","0,0","0,0","0,0","0,0","0,0","0,0","0,0","0,0","0,0","0,0","0,0","0,0","0,0","0,0","0,0","0,0","0,0","0,0","0,0","0,0","0,0","0,0"
"Bangladesh","2021-11-28","0,0","0,0","0,0","0,0","0,7575757575757576","0,0","0,0","0,0","0,0","0,0","0,0","15,909090909090908","0,0","3,787878787878788","0,0","0,0","0,0","0,0","0,0","0,0","0,0","0,0","0,0","0,0","0,0","0,0","0,0","0,0","3,0303030303030303","0,0","1,5151515151515151","0,0","0,0","0,0","0,7575757575757576","18,181818181818183","0,0","40,15151515151515","0,0","0,0","0,0","0,0","0,0","0,0","0,0","0,0","0,0","0,0","0,0","0,0","0,0","0,0","0,0","0,0","0,0","0,0","0,0","5,303030303030303","0,0","0,0","0,0","0,7575757575757576","4,545454545454546","0,0","0,0","0,0","0,0","0,7575757575757576","0,0","0,0","0,0","0,0","0,0","0,0","0,7575757575757576","0,0","0,0","0,0","0,0","0,0","0,0","0,0","0,0","0,0","0,7575757575757576","0,0","0,0","0,0","0,0","0,0","0,0","0,0","0,0","0,0","0,0","0,0","0,0","0,7575757575757576","0,0","0,0","0,0","0,0","0,0","0,0","0,0","0,0","0,0","0,0","0,0","0,0","0,0","0,0","0,0","0,0","0,0","0,0","0,0","0,0","0,0","0,0","0,0","0,0","0,0","0,0","0,0","0,0","0,0","0,0","0,0","0,0","0,0","0,0","0,0","0,0","0,0","0,0","0,0","0,0","0,0","0,0","0,0","0,0","0,0","2,272727272727273"
"Bangladesh","2021-12-12","0,0","0,0","0,0","0,0","0,628930817610063","0,0","0,0","0,0","0,0","0,0","0,0","14,465408805031446","0,0","4,40251572327044","0,0","0,0","0,0","0,0","0,0","0,0","0,0","0,0","0,0","0,0","0,0","0,0","0,0","0,0","6,289308176100629","0,0","0,0","0,0","0,0","0,0","0,0","10,062893081761008","0,0","49,685534591194966","0,0","0,0","0,0","0,628930817610063","0,0","0,0","0,0","0,0","0,0","0,0","0,0","0,0","0,0","0,0","0,0","0,0","0,0","0,0","0,0","3,1446540880503147","0,628930817610063","0,0","0,0","0,0","3,7735849056603774","0,0","0,0","0,0","0,0","0,0","0,0","0,0","0,0","0,0","0,0","0,0","0,0","0,0","0,0","0,0","0,0","0,0","0,0","0,0","0,0","0,0","0,0","0,0","0,0","0,0","0,0","0,0","0,628930817610063","0,0","0,0","0,0","0,0","0,0","0,0","0,0","0,0","0,628930817610063","0,0","1,257861635220126","0,0","0,0","0,0","0,0","0,628930817610063","0,0","0,0","0,0","0,0","0,0","0,0","1,8867924528301887","0,0","0,0","0,0","0,0","0,0","0,0","0,0","0,0","0,0","0,0","0,0","0,0","0,0","0,0","0,0","0,0","0,0","0,0","0,0","0,0","0,0","0,0","0,0","0,0","0,0","0,0","0,0","0,0","0,0","1,257861635220126"
"Bangladesh","2021-12-26","0,0","0,0","0,0","0,0","0,8771929824561403","0,0","0,0","0,0","0,0","0,0","0,0","2,631578947368421","0,0","1,7543859649122806","0,0","0,0","0,8771929824561403","0,0","0,0","0,0","0,0","0,0","0,0","0,0","0,0","0,0","0,0","0,0","3,508771929824561","0,0","0,8771929824561403","0,0","0,0","0,8771929824561403","0,8771929824561403","8,771929824561402","0,0","57,01754385964912","0,0","0,0","0,0","0,0","0,0","0,0","0,0","0,0","0,0","0,8771929824561403","0,0","0,0","0,0","0,0","0,0","0,0","0,0","0,0","0,8771929824561403","1,7543859649122806","0,0","0,0","0,0","0,8771929824561403","1,7543859649122806","0,0","0,0","0,0","0,0","0,8771929824561403","0,0","0,8771929824561403","0,0","0,0","0,0","0,0","0,0","0,0","0,8771929824561403","0,0","0,0","0,0","0,0","0,0","0,0","0,0","0,0","0,0","0,0","0,0","0,0","0,0","0,0","0,0","0,0","0,8771929824561403","0,0","0,0","0,0","0,8771929824561403","0,0","0,0","0,0","0,0","0,0","0,0","0,0","1,7543859649122806","3,508771929824561","0,0","0,0","0,0","1,7543859649122806","0,8771929824561403","0,8771929824561403","0,0","0,0","0,0","0,0","0,0","0,0","0,0","0,0","0,0","0,0","0,0","0,0","0,0","0,0","0,0","0,0","0,0","0,0","0,0","0,0","0,0","0,0","0,0","0,0","0,0","0,0","0,0","0,0","0,0","0,0","2,631578947368421"
"Bangladesh","2022-01-09","0,0","0,0","0,0","0,0","0,0","0,0","0,0","0,0","0,0","0,0","0,0","0,847457627118644","0,423728813559322","0,847457627118644","0,0","0,423728813559322","0,0","0,0","0,0","0,0","0,0","0,0","0,423728813559322","0,0","0,0","0,0","0,0","0,847457627118644","0,423728813559322","0,0","0,0","0,0","0,0","0,0","0,0","3,389830508474576","0,0","30,93220338983051","0,0","0,0","0,0","0,0","0,0","0,0","0,0","0,0","0,0","0,0","0,0","0,0","0,0","0,0","0,0","0,0","0,0","0,847457627118644","0,0","0,847457627118644","0,0","0,0","0,0","0,0","0,423728813559322","0,0","0,0","0,0","0,0","0,0","0,0","0,0","0,0","0,0","0,0","0,0","0,0","0,0","0,0","0,0","0,0","0,0","0,0","0,0","0,0","0,0","0,0","0,0","0,0","0,0","0,0","0,0","0,0","0,0","0,0","0,0","0,0","0,0","0,0","0,0","0,0","0,0","0,0","0,0","0,0","0,0","0,0","16,94915254237288","14,40677966101695","0,0","0,0","0,0","0,847457627118644","1,2711864406779663","6,3559322033898304","1,694915254237288","0,0","2,11864406779661","0,0","7,627118644067797","0,847457627118644","0,0","0,0","0,0","0,0","0,0","0,0","0,0","0,0","0,0","0,0","0,0","0,0","0,0","0,0","0,0","0,0","0,0","0,0","0,0","0,0","0,0","0,0","0,0","0,0","7,203389830508475"
"Bangladesh","2022-01-23","0,0","0,0","0,0","0,0","0,32310177705977383","0,0","0,0","0,0","0,0","0,0","0,0","0,48465266558966075","0,0","0,0","0,16155088852988692","0,0","0,0","0,16155088852988692","0,0","0,0","0,0","0,0","0,0","0,0","0,0","0,0","0,0","0,0","0,32310177705977383","0,0","0,0","0,0","0,0","0,16155088852988692","0,0","0,0","0,0","3,5541195476575123","0,0","0,0","0,0","0,0","0,0","0,0","0,0","0,0","0,0","0,0","0,0","0,0","0,16155088852988692","0,0","0,0","0,0","0,0","0,0","0,0","0,0","0,0","0,0","0,0","0,0","0,0","0,0","0,0","0,0","0,0","0,16155088852988692","0,0","0,0","0,0","0,0","0,0","0,0","0,0","0,0","0,0","0,0","0,0","0,0","0,0","0,0","0,0","0,0","0,0","0,48465266558966075","0,0","0,0","0,0","0,0","0,0","0,0","0,0","0,0","0,16155088852988692","0,0","0,0","0,0","0,0","0,0","0,0","0,0","0,0","0,0","0,0","15,024232633279484","14,70113085621971","0,48465266558966075","0,16155088852988692","0,32310177705977383","0,32310177705977383","0,48465266558966075","3,5541195476575123","2,4232633279483036","0,0","11,631663974151857","0,0","18,093699515347332","5,977382875605816","0,32310177705977383","0,0","0,0","0,0","0,8077544426494345","0,0","0,0","0,32310177705977383","0,0","0,0","0,0","0,32310177705977383","0,0","0,0","0,0","0,0","0,0","0,0","0,0","0,0","0,0","0,0","0,0","0,0","18,901453957996768"
"Bangladesh","2022-02-06","0,0","0,0","0,0","0,0","0,33222591362126247","0,0","0,0","0,0","0,0","0,0","0,0","0,0","0,0","0,0","0,0","0,0","0,0","0,0","0,0","0,0","0,0","0,0","0,0","0,0","0,0","0,0","0,0","0,0","0,33222591362126247","0,0","0,0","0,0","0,0","0,0","0,0","0,0","0,0","0,33222591362126247","0,0","0,0","0,0","0,0","0,0","0,0","0,0","0,0","0,0","0,0","0,0","0,0","0,0","0,0","0,0","0,0","0,0","0,0","0,0","0,0","0,0","0,0","0,0","0,0","0,0","0,0","0,0","0,0","0,0","0,0","0,0","0,0","0,0","0,0","0,0","0,0","0,0","0,0","0,0","0,0","0,0","0,0","0,0","0,0","0,0","0,0","0,0","0,0","0,0","0,0","0,0","0,0","0,0","0,0","0,0","0,0","0,0","0,0","0,0","0,0","0,0","0,0","0,0","0,0","0,0","0,0","0,0","4,651162790697675","5,647840531561462","0,9966777408637874","0,0","0,0","0,0","0,0","0,6644518272425249","1,9933554817275747","0,0","24,916943521594686","0,0","25,91362126245847","10,299003322259136","0,6644518272425249","0,0","0,0","0,0","0,6644518272425249","0,0","0,0","0,33222591362126247","0,0","0,0","0,0","0,6644518272425249","0,0","0,0","0,0","0,0","0,0","0,0","0,0","0,0","0,0","0,0","0,0","0,0","21,59468438538206"
"Bangladesh","2022-02-20","0,0","0,0","0,0","0,0","0,0","0,0","0,0","0,0","0,0","0,0","0,0","0,0","0,0","0,0","0,0","0,0","0,0","0,0","0,0","0,0","0,0","0,0","0,0","0,0","0,0","0,0","0,0","0,0","0,0","0,0","0,0","0,0","0,0","0,0","0,0","0,0","0,0","0,684931506849315","0,0","0,0","0,0","0,0","0,0","0,0","0,0","0,0","0,0","0,0","0,0","0,0","0,0","0,0","0,0","0,0","0,0","0,0","0,0","0,0","0,0","0,0","0,0","0,0","0,0","0,0","0,0","0,0","0,0","0,0","0,0","0,0","0,0","0,0","0,0","0,0","0,0","0,0","0,0","0,0","0,0","0,0","0,0","0,0","0,0","0,0","0,0","0,0","0,0","0,0","0,0","0,0","0,0","0,0","0,0","0,0","0,0","0,0","0,0","0,0","0,0","0,0","0,0","0,0","0,0","0,0","0,0","2,054794520547945","2,73972602739726","0,0","0,0","0,0","0,0","0,0","0,684931506849315","0,0","0,684931506849315","47,94520547945205","0,0","27,397260273972602","10,95890410958904","2,054794520547945","0,0","0,0","0,0","0,684931506849315","0,0","0,0","0,0","0,0","0,0","0,0","0,0","0,684931506849315","0,0","0,0","0,0","0,0","0,0","0,0","0,0","0,0","0,0","0,0","0,0","3,4246575342465753"
"Bangladesh","2022-03-06","0,0","0,0","0,0","0,0","0,0","0,0","0,0","0,0","0,0","0,0","0,0","0,0","0,0","0,0","0,0","0,0","0,0","0,0","0,0","0,0","0,0","0,0","0,0","0,0","0,0","0,0","0,0","0,0","0,0","0,0","0,0","0,0","0,0","0,0","0,0","0,0","0,0","0,0","0,0","0,0","0,0","0,0","0,0","0,0","0,0","0,0","0,0","0,0","0,0","0,0","0,0","0,0","0,0","0,0","0,0","0,0","0,0","0,0","0,0","0,0","0,0","0,0","0,0","0,0","0,0","0,0","0,0","0,0","0,0","0,0","0,0","0,0","0,0","0,0","0,0","0,0","0,0","0,0","0,0","0,0","0,0","0,0","0,0","0,0","0,0","0,0","0,0","0,0","0,0","0,0","0,0","0,0","0,0","0,0","0,0","0,0","0,0","0,0","0,0","0,0","0,0","0,0","0,0","0,0","0,0","1,0101010101010102","1,0101010101010102","0,0","0,0","0,0","0,0","0,0","0,0","0,0","0,0","44,44444444444444","0,0","19,19191919191919","12,121212121212121","5,05050505050505","0,0","0,0","0,0","1,0101010101010102","0,0","0,0","1,0101010101010102","1,0101010101010102","0,0","0,0","1,0101010101010102","0,0","0,0","0,0","0,0","0,0","0,0","0,0","0,0","0,0","0,0","0,0","0,0","13,131313131313133"
"Bangladesh","2022-03-20","0,0","0,0","0,0","0,0","0,0","0,0","0,0","0,0","0,0","0,0","0,0","0,0","0,0","0,0","0,0","0,0","0,0","0,0","0,0","0,0","0,0","0,0","0,0","0,0","0,0","0,0","0,0","0,0","0,0","0,0","0,0","0,0","0,0","0,0","0,0","0,0","0,0","3,0303030303030303","0,0","0,0","0,0","0,0","0,0","0,0","0,0","0,0","0,0","0,0","0,0","0,0","0,0","0,0","0,0","0,0","0,0","0,0","0,0","0,0","0,0","0,0","0,0","0,0","0,0","0,0","0,0","0,0","0,0","0,0","0,0","0,0","0,0","0,0","0,0","0,0","0,0","0,0","0,0","0,0","0,0","0,0","0,0","0,0","0,0","0,0","0,0","0,0","0,0","0,0","0,0","0,0","0,0","0,0","0,0","0,0","0,0","0,0","0,0","0,0","0,0","0,0","0,0","0,0","0,0","0,0","0,0","0,0","0,0","0,0","0,0","0,0","0,0","0,0","0,0","0,0","0,0","33,33333333333333","0,0","33,33333333333333","6,0606060606060606","6,0606060606060606","0,0","0,0","0,0","0,0","0,0","0,0","0,0","0,0","0,0","0,0","0,0","0,0","0,0","0,0","0,0","0,0","0,0","0,0","0,0","0,0","0,0","0,0","0,0","18,181818181818183"
"Bangladesh","2022-04-03","0,0","0,0","0,0","0,0","0,0","0,0","0,0","0,0","0,0","0,0","0,0","0,0","0,0","0,0","0,0","0,0","0,0","0,0","0,0","0,0","0,0","0,0","0,0","0,0","0,0","0,0","0,0","0,0","0,0","0,0","0,0","0,0","0,0","0,0","0,0","0,0","0,0","0,0","0,0","0,0","0,0","0,0","0,0","0,0","0,0","0,0","0,0","0,0","0,0","0,0","0,0","0,0","0,0","0,0","0,0","0,0","0,0","0,0","0,0","0,0","0,0","0,0","0,0","0,0","0,0","0,0","0,0","0,0","0,0","0,0","0,0","0,0","0,0","0,0","0,0","0,0","0,0","0,0","0,0","0,0","0,0","0,0","0,0","0,0","0,0","0,0","0,0","0,0","0,0","0,0","0,0","0,0","0,0","0,0","0,0","0,0","0,0","0,0","0,0","0,0","0,0","0,0","0,0","0,0","0,0","0,0","0,0","0,0","0,0","0,0","0,0","0,0","0,0","0,0","0,0","52,94117647058824","5,88235294117647","11,76470588235294","0,0","11,76470588235294","0,0","5,88235294117647","0,0","5,88235294117647","0,0","0,0","0,0","0,0","0,0","0,0","5,88235294117647","0,0","0,0","0,0","0,0","0,0","0,0","0,0","0,0","0,0","0,0","0,0","0,0","0,0"
"Bangladesh","2022-04-17","0,0","0,0","0,0","0,0","0,0","0,0","0,0","0,0","0,0","0,0","0,0","0,0","0,0","0,0","0,0","0,0","0,0","0,0","0,0","0,0","0,0","0,0","0,0","0,0","0,0","0,0","0,0","0,0","0,0","0,0","0,0","0,0","0,0","0,0","0,0","0,0","0,0","0,0","0,0","0,0","0,0","0,0","0,0","0,0","0,0","0,0","0,0","0,0","0,0","0,0","0,0","0,0","0,0","0,0","0,0","0,0","0,0","0,0","0,0","0,0","0,0","0,0","0,0","0,0","0,0","0,0","0,0","0,0","0,0","0,0","0,0","0,0","0,0","0,0","0,0","0,0","0,0","0,0","0,0","0,0","0,0","0,0","0,0","0,0","0,0","0,0","0,0","0,0","0,0","0,0","0,0","0,0","0,0","0,0","0,0","0,0","0,0","0,0","0,0","0,0","0,0","0,0","0,0","0,0","0,0","0,0","0,0","0,0","0,0","0,0","0,0","0,0","0,0","0,0","0,0","33,33333333333333","0,0","0,0","0,0","33,33333333333333","0,0","0,0","0,0","0,0","0,0","0,0","0,0","0,0","0,0","0,0","0,0","0,0","0,0","0,0","33,33333333333333","0,0","0,0","0,0","0,0","0,0","0,0","0,0","0,0","0,0"
"Bangladesh","2022-05-01","0,0","0,0","0,0","0,0","0,0","0,0","0,0","0,0","0,0","0,0","0,0","0,0","0,0","0,0","0,0","0,0","0,0","0,0","0,0","0,0","0,0","0,0","0,0","0,0","0,0","0,0","0,0","0,0","0,0","0,0","0,0","0,0","0,0","0,0","0,0","0,0","0,0","0,0","0,0","0,0","0,0","0,0","0,0","0,0","0,0","0,0","0,0","0,0","0,0","0,0","0,0","0,0","0,0","0,0","0,0","0,0","0,0","0,0","0,0","0,0","0,0","0,0","0,0","0,0","0,0","0,0","0,0","0,0","0,0","0,0","0,0","0,0","0,0","0,0","0,0","0,0","0,0","0,0","0,0","0,0","0,0","0,0","0,0","0,0","0,0","0,0","0,0","0,0","0,0","0,0","0,0","0,0","0,0","0,0","0,0","0,0","0,0","0,0","0,0","0,0","0,0","0,0","0,0","0,0","0,0","0,0","0,0","0,0","0,0","0,0","0,0","0,0","0,0","0,0","0,0","33,33333333333333","0,0","16,666666666666664","0,0","0,0","0,0","0,0","0,0","0,0","0,0","16,666666666666664","0,0","0,0","16,666666666666664","0,0","0,0","0,0","0,0","0,0","0,0","0,0","0,0","0,0","0,0","0,0","0,0","0,0","0,0","16,666666666666664"
"Bangladesh","2022-05-15","0,0","0,0","0,0","0,0","0,0","0,0","0,0","0,0","0,0","0,0","0,0","0,0","0,0","0,0","0,0","0,0","0,0","0,0","0,0","0,0","0,0","0,0","0,0","0,0","0,0","0,0","0,0","0,0","0,0","0,0","0,0","0,0","0,0","0,0","0,0","0,0","0,0","0,0","0,0","0,0","0,0","0,0","0,0","0,0","0,0","0,0","0,0","0,0","0,0","0,0","0,0","0,0","0,0","0,0","0,0","0,0","0,0","0,0","0,0","0,0","0,0","0,0","0,0","0,0","0,0","0,0","0,0","0,0","0,0","0,0","0,0","0,0","0,0","0,0","0,0","0,0","0,0","0,0","0,0","0,0","0,0","0,0","0,0","0,0","0,0","0,0","0,0","0,0","0,0","0,0","0,0","0,0","0,0","0,0","0,0","0,0","0,0","0,0","0,0","0,0","0,0","0,0","0,0","0,0","0,0","0,0","0,0","0,0","0,0","0,0","0,0","0,0","0,0","0,0","0,0","57,14285714285714","0,0","0,0","0,0","0,0","0,0","0,0","14,285714285714285","0,0","0,0","0,0","0,0","0,0","0,0","28,57142857142857","0,0","0,0","0,0","0,0","0,0","0,0","0,0","0,0","0,0","0,0","0,0","0,0","0,0","0,0"
"Bangladesh","2022-05-29","0,0","0,0","0,0","0,0","0,0","0,0","0,0","0,0","0,0","0,0","0,0","0,0","0,0","0,0","0,0","0,0","0,0","0,0","0,0","0,0","0,0","0,0","0,0","0,0","0,0","0,0","0,0","0,0","0,0","0,0","0,0","0,0","0,0","0,0","0,0","0,0","0,0","0,0","0,0","0,0","0,0","0,0","0,0","0,0","0,0","0,0","0,0","0,0","0,0","0,0","0,0","0,0","0,0","0,0","0,0","0,0","0,0","0,0","0,0","0,0","0,0","0,0","0,0","0,0","0,0","0,0","0,0","0,0","0,0","0,0","0,0","0,0","0,0","0,0","0,0","0,0","0,0","0,0","0,0","0,0","0,0","0,0","0,0","0,0","0,0","0,0","0,0","0,0","0,0","0,0","0,0","0,0","0,0","0,0","0,0","0,0","0,0","0,0","0,0","0,0","0,0","0,0","0,0","0,0","0,0","0,0","0,0","0,0","0,0","0,0","0,0","0,0","0,0","0,0","0,0","20,0","0,0","10,0","0,0","0,0","0,0","0,0","0,0","0,0","20,0","0,0","0,0","0,0","20,0","10,0","0,0","0,0","0,0","0,0","0,0","0,0","0,0","0,0","10,0","0,0","10,0","0,0","0,0","0,0"
"Bangladesh","2022-06-12","0,0","0,0","0,0","0,0","0,0","0,0","0,0","0,0","0,0","0,0","0,0","0,0","0,0","0,0","0,0","0,0","0,0","0,0","0,0","0,0","0,0","0,0","0,0","0,0","0,0","0,0","0,0","0,0","0,0","0,0","0,0","0,0","0,0","0,0","0,0","0,0","0,0","0,0","0,0","0,0","0,0","0,0","0,0","0,0","0,0","0,0","0,0","0,0","0,0","0,0","0,0","0,0","0,0","0,0","0,0","0,0","0,0","0,0","0,0","0,0","0,0","0,0","0,0","0,0","0,0","0,0","0,0","0,0","0,0","0,0","0,0","0,0","0,0","0,0","0,0","0,0","0,0","0,0","0,0","0,0","0,0","0,0","0,0","0,0","0,0","0,0","0,0","0,0","0,0","0,0","0,0","0,0","0,0","0,0","0,0","0,0","0,0","0,0","0,0","0,0","0,0","0,0","0,0","0,0","0,0","0,0","0,0","0,0","0,0","0,0","0,0","0,0","0,0","0,0","0,0","7,6923076923076925","0,0","3,8461538461538463","0,0","0,0","3,8461538461538463","0,0","0,0","0,0","0,0","0,0","0,0","0,0","0,0","0,0","0,0","0,0","0,0","0,0","3,8461538461538463","0,0","0,0","3,8461538461538463","0,0","0,0","0,0","26,923076923076923","0,0","50,0"
"Bangladesh","2022-06-26","0,0","0,0","0,0","0,0","0,0","0,0","0,0","0,0","0,0","0,0","0,0","0,0","0,0","0,0","0,0","0,0","0,0","0,0","0,0","0,0","0,0","0,0","0,0","0,0","0,0","0,0","0,0","0,0","0,0","0,0","0,0","0,0","0,0","0,0","0,0","0,0","0,0","0,0","0,0","0,0","0,0","0,0","0,0","0,0","0,0","0,0","0,0","0,0","0,0","0,0","0,0","0,0","0,0","0,0","0,0","0,0","0,0","0,0","0,0","0,0","0,0","0,0","0,0","0,0","0,0","0,0","0,0","0,0","0,0","0,0","0,0","0,0","0,0","0,0","0,0","0,0","0,0","0,0","0,0","0,0","0,0","0,0","0,0","0,0","0,0","0,0","0,0","0,0","0,0","0,0","0,0","0,0","0,0","0,0","0,0","0,0","0,0","0,0","0,0","0,0","0,0","0,0","0,0","0,0","0,0","0,0","0,0","0,0","0,0","0,0","0,0","0,0","0,0","0,0","0,0","9,1324200913242","0,91324200913242","0,91324200913242","0,0","0,0","0,45662100456621","0,0","0,0","0,0","0,0","0,0","0,0","0,0","0,0","0,0","0,0","0,0","0,0","0,45662100456621","0,0","0,0","0,91324200913242","0,45662100456621","0,0","11,87214611872146","0,45662100456621","50,68493150684932","0,0","23,74429223744292"
"Bangladesh","2022-07-10","0,0","0,0","0,0","0,0","0,0","0,0","0,0","0,0","0,0","0,0","0,0","0,0","0,0","0,0","0,0","0,0","0,0","0,0","0,0","0,0","0,0","0,0","0,0","0,0","0,0","0,0","0,0","0,0","0,0","0,0","0,0","0,0","0,0","0,0","0,0","0,0","0,0","0,0","0,0","0,0","0,0","0,0","0,0","0,0","0,0","0,0","0,0","0,0","0,0","0,0","0,0","0,0","0,0","0,0","0,0","0,0","0,0","0,0","0,0","0,0","0,0","0,0","0,0","0,0","0,0","0,0","0,0","0,0","0,0","0,0","0,0","0,0","0,0","0,0","0,0","0,0","0,0","0,0","0,0","0,0","0,0","0,0","0,0","0,0","0,0","0,0","0,0","0,0","0,0","0,0","0,0","0,0","0,0","0,0","0,0","0,0","0,0","0,0","0,0","0,0","0,0","0,0","0,0","0,0","0,0","0,0","0,0","0,0","0,0","0,0","0,0","0,0","0,0","0,0","0,0","0,0","0,0","0,0","0,0","0,0","0,0","0,0","0,0","0,0","0,0","0,0","0,0","0,0","0,0","0,0","0,0","0,0","0,0","2,083333333333333","0,0","0,0","0,0","2,083333333333333","0,0","12,5","0,0","72,91666666666666","2,083333333333333","8,333333333333332"
"Bangladesh","2022-07-24","0,0","0,0","0,0","0,0","0,0","0,0","0,0","0,0","0,0","0,0","0,0","0,0","0,0","0,0","0,0","0,0","0,0","0,0","0,0","0,0","0,0","0,0","0,0","0,0","0,0","0,0","0,0","0,0","0,0","0,0","0,0","0,0","0,0","0,0","0,0","0,0","0,0","0,0","0,0","0,0","0,0","0,0","0,0","0,0","0,0","0,0","0,0","0,0","0,0","0,0","0,0","0,0","0,0","0,0","0,0","0,0","0,0","0,0","0,0","0,0","0,0","0,0","0,0","0,0","0,0","0,0","0,0","0,0","0,0","0,0","0,0","0,0","0,0","0,0","0,0","0,0","0,0","0,0","0,0","0,0","0,0","0,0","0,0","0,0","0,0","0,0","0,0","0,0","0,0","0,0","0,0","0,0","0,0","0,0","0,0","0,0","0,0","0,0","0,0","0,0","0,0","0,0","0,0","0,0","0,0","2,127659574468085","2,127659574468085","0,0","0,0","0,0","0,0","0,0","0,0","0,0","0,0","2,127659574468085","0,0","6,382978723404255","0,0","0,0","0,0","0,0","0,0","0,0","0,0","0,0","0,0","0,0","0,0","0,0","0,0","0,0","0,0","0,0","0,0","2,127659574468085","0,0","0,0","0,0","27,659574468085108","0,0","40,42553191489361","0,0","17,02127659574468"
"Bangladesh","2022-08-07","0,0","0,0","0,0","0,0","0,0","0,0","0,0","0,0","0,0","0,0","0,0","0,0","0,0","0,0","0,0","0,0","0,0","0,0","0,0","0,0","0,0","0,0","0,0","0,0","0,0","0,0","0,0","0,0","0,0","0,0","0,0","0,0","0,0","0,0","0,0","0,0","0,0","0,0","0,0","0,0","0,0","0,0","0,0","0,0","0,0","0,0","0,0","0,0","0,0","0,0","0,0","0,0","0,0","0,0","0,0","0,0","0,0","0,0","0,0","0,0","0,0","0,0","0,0","0,0","0,0","0,0","0,0","0,0","0,0","0,0","0,0","0,0","0,0","0,0","0,0","0,0","0,0","0,0","0,0","0,0","0,0","0,0","0,0","0,0","0,0","0,0","0,0","0,0","0,0","0,0","0,0","0,0","0,0","0,0","0,0","0,0","0,0","0,0","0,0","0,0","0,0","0,0","0,0","0,0","0,0","0,0","0,0","0,0","0,0","0,0","0,0","0,0","0,0","0,0","0,0","0,0","0,0","0,0","0,0","0,0","0,0","0,0","0,0","0,0","0,0","0,0","0,0","0,0","0,0","0,0","0,0","0,0","0,0","0,0","0,0","0,0","0,0","0,0","0,0","0,0","0,0","60,0","0,0","40,0"
"Bangladesh","2022-08-21","0,0","0,0","0,0","0,0","0,0","0,0","0,0","0,0","0,0","0,0","0,0","0,0","0,0","0,0","0,0","0,0","0,0","0,0","0,0","0,0","0,0","0,0","0,0","0,0","0,0","0,0","0,0","0,0","0,0","0,0","0,0","0,0","0,0","0,0","0,0","0,0","0,0","0,0","0,0","0,0","0,0","0,0","0,0","0,0","0,0","0,0","0,0","0,0","0,0","0,0","0,0","0,0","0,0","0,0","0,0","0,0","0,0","0,0","0,0","0,0","0,0","0,0","0,0","0,0","0,0","0,0","0,0","0,0","0,0","0,0","0,0","0,0","0,0","0,0","0,0","0,0","0,0","0,0","0,0","0,0","0,0","0,0","0,0","0,0","0,0","0,0","0,0","0,0","0,0","0,0","0,0","0,0","0,0","0,0","0,0","0,0","0,0","0,0","0,0","0,0","0,0","0,0","0,0","0,0","0,0","0,0","0,0","0,0","0,0","0,0","0,0","0,0","0,0","0,0","0,0","50,0","0,0","0,0","0,0","0,0","0,0","0,0","0,0","0,0","0,0","0,0","0,0","0,0","0,0","0,0","0,0","0,0","0,0","0,0","0,0","0,0","0,0","0,0","0,0","0,0","0,0","0,0","0,0","50,0"
"Bangladesh","2022-09-04","0,0","0,0","0,0","0,0","0,0","0,0","0,0","0,0","0,0","0,0","0,0","0,0","0,0","0,0","0,0","0,0","0,0","0,0","0,0","0,0","0,0","0,0","0,0","0,0","0,0","0,0","0,0","0,0","0,0","0,0","0,0","0,0","0,0","0,0","0,0","0,0","0,0","0,0","0,0","0,0","0,0","0,0","0,0","0,0","0,0","0,0","0,0","0,0","0,0","0,0","0,0","0,0","0,0","0,0","0,0","0,0","0,0","0,0","0,0","0,0","0,0","0,0","0,0","0,0","0,0","0,0","0,0","0,0","0,0","0,0","0,0","0,0","0,0","0,0","0,0","0,0","0,0","0,0","0,0","0,0","0,0","0,0","0,0","0,0","0,0","0,0","0,0","0,0","0,0","0,0","0,0","0,0","0,0","0,0","0,0","0,0","0,0","0,0","0,0","0,0","0,0","0,0","0,0","0,0","0,0","0,0","0,0","0,0","0,0","0,0","0,0","0,0","0,0","0,0","0,0","10,0","0,0","0,0","5,0","0,0","0,0","0,0","0,0","0,0","0,0","0,0","0,0","0,0","0,0","0,0","0,0","0,0","20,0","0,0","0,0","0,0","0,0","0,0","0,0","5,0","0,0","0,0","0,0","60,0"
"Bangladesh","2022-09-18","0,0","0,0","0,0","0,0","0,0","0,0","0,0","0,0","0,0","0,0","0,0","0,0","0,0","0,0","0,0","0,0","0,0","0,0","0,0","0,0","0,0","0,0","0,0","0,0","0,0","0,0","0,0","0,0","0,0","0,0","0,0","0,0","0,0","0,0","0,0","0,0","0,0","0,0","0,0","0,0","0,0","0,0","0,0","0,0","0,0","0,0","0,0","0,0","0,0","0,0","0,0","0,0","0,0","0,0","0,0","0,0","0,0","0,0","0,0","0,0","0,0","0,0","0,0","0,0","0,0","0,0","0,0","0,0","0,0","0,0","0,0","0,0","0,0","0,0","0,0","0,0","0,0","0,0","0,0","0,0","0,0","0,0","0,0","0,0","0,0","0,0","0,0","0,0","0,0","0,0","0,0","0,0","0,0","0,0","0,0","0,0","0,0","0,0","0,0","0,0","0,0","0,0","0,0","0,0","0,0","0,0","0,0","0,0","0,0","0,0","0,0","0,0","0,0","0,0","0,0","21,875","0,0","0,0","15,625","0,0","0,0","0,0","0,0","0,0","0,0","0,0","0,0","0,0","0,0","0,0","0,0","0,0","18,75","0,0","0,0","0,0","0,0","3,125","0,0","15,625","3,125","6,25","0,0","15,625"
"Bangladesh","2022-10-02","0,0","0,0","0,0","0,0","0,0","0,0","0,0","0,0","0,0","0,0","0,0","0,0","0,0","0,0","0,0","0,0","0,0","0,0","0,0","0,0","0,0","0,0","0,0","0,0","0,0","0,0","0,0","0,0","0,0","0,0","0,0","0,0","0,0","0,0","0,0","0,0","0,0","0,0","0,0","0,0","0,0","0,0","0,0","0,0","0,0","0,0","0,0","0,0","0,0","0,0","0,0","0,0","0,0","0,0","0,0","0,0","0,0","0,0","0,0","0,0","0,0","0,0","0,0","0,0","0,0","0,0","0,0","0,0","0,0","0,0","0,0","0,0","0,0","0,0","0,0","0,0","0,0","0,0","0,0","0,0","0,0","0,0","0,0","0,0","0,0","0,0","0,0","0,0","0,0","0,0","0,0","0,0","0,0","0,0","0,0","0,0","0,0","0,0","0,0","0,0","0,0","0,0","0,0","0,0","0,0","0,0","0,0","0,0","0,0","0,0","0,0","0,0","0,0","0,0","0,0","70,58823529411765","0,0","0,0","5,88235294117647","0,0","0,0","0,0","0,0","0,0","0,0","0,0","0,0","0,0","0,0","0,0","0,0","0,0","5,88235294117647","0,0","0,0","0,0","0,0","0,0","0,0","5,88235294117647","0,0","5,88235294117647","0,0","5,88235294117647"
