"location","date","Alpha (WHO VOC)","B (Lineage)","B.1.1.318 (WHO FMV)","B.1.1.318 - AZ.2 (WHO FMV)","B.1.160 - 20A/EU2","B.1.177 - 20E/EU1","B.1.258 - 20A/S:439K","C (Lineage)","C.36.3 (WHO FMV)","Delta (WHO VOC)","Delta - AY.100 (WHO VOC)","Delta - AY.102 (WHO VOC)","Delta - AY.103 (WHO VOC)","Delta - AY.110 (WHO VOC)","Delta - AY.112 (WHO VOC)","Delta - AY.113 (WHO VOC)","Delta - AY.118 (WHO VOC)","Delta - AY.121 (WHO VOC)","Delta - AY.122 (WHO VOC)","Delta - AY.125 (WHO VOC)","Delta - AY.127 (WHO VOC)","Delta - AY.129 (WHO VOC)","Delta - AY.20 (WHO VOC)","Delta - AY.28 (WHO VOC)","Delta - AY.33 (WHO VOC)","Delta - AY.34 (WHO VOC)","Delta - AY.36 (WHO VOC)","Delta - AY.36.1 (WHO VOC)","Delta - AY.4 (WHO VOC)","Delta - AY.4.2 (WHO VOC)","Delta - AY.4.2.3 (WHO VOC)","Delta - AY.4.3 (WHO VOC)","Delta - AY.4.4 (WHO VOC)","Delta - AY.4.7 (WHO VOC)","Delta - AY.41 (WHO VOC)","Delta - AY.42 (WHO VOC)","Delta - AY.43 (WHO VOC)","Delta - AY.43.3 (WHO VOC)","Delta - AY.43.4 (WHO VOC)","Delta - AY.44 (WHO VOC)","Delta - AY.45 (WHO VOC)","Delta - AY.46 (WHO VOC)","Delta - AY.46.2 (WHO VOC)","Delta - AY.46.6 (WHO VOC)","Delta - AY.5 (WHO VOC)","Delta - AY.5.4 (WHO VOC)","Delta - AY.50 (WHO VOC)","Delta - AY.51 (WHO VOC)","Delta - AY.61 (WHO VOC)","Delta - AY.7.1 (WHO VOC)","Delta - AY.7.2 (WHO VOC)","Delta - AY.70 (WHO VOC)","Delta - AY.84 (WHO VOC)","Delta - AY.86 (WHO VOC)","Delta - AY.9.2 (WHO VOC)","Delta - AY.98.1 (WHO VOC)","Gamma (WHO VOC)","Gamma - P.1.10 (WHO VOC)","Lambda (WHO VOI)","Omicron - BA.1 (WHO VOC)","Omicron - BA.1.1 (WHO VOC)","Omicron - BA.1.1.1 (WHO VOC)","Omicron - BA.1.1.14 (WHO VOC)","Omicron - BA.1.15 (WHO VOC)","Omicron - BA.1.17 (WHO VOC)","Omicron - BA.1.17.2 (WHO VOC)","Omicron - BA.1.18 (WHO VOC)","Omicron - BA.1.20 (WHO VOC)","Omicron - BA.1.21 (WHO VOC)","Omicron - BA.2 (WHO VOC)","Omicron - BA.2.48 (WHO VOC)","Omicron - BA.2.9 (WHO VOC)","Omicron - BA.5.1 (WHO VOC)","Omicron - BA.5.2 (WHO VOC)","Omicron - BA.5.3 (WHO VOC)","Omicron - BA.5.6 (WHO VOC)","Other"
"Bosnia and Herzegovina","2020-03-22","0,0","100,0","0,0","0,0","0,0","0,0","0,0","0,0","0,0","0,0","0,0","0,0","0,0","0,0","0,0","0,0","0,0","0,0","0,0","0,0","0,0","0,0","0,0","0,0","0,0","0,0","0,0","0,0","0,0","0,0","0,0","0,0","0,0","0,0","0,0","0,0","0,0","0,0","0,0","0,0","0,0","0,0","0,0","0,0","0,0","0,0","0,0","0,0","0,0","0,0","0,0","0,0","0,0","0,0","0,0","0,0","0,0","0,0","0,0","0,0","0,0","0,0","0,0","0,0","0,0","0,0","0,0","0,0","0,0","0,0","0,0","0,0","0,0","0,0","0,0","0,0","0,0"
"Bosnia and Herzegovina","2020-04-05","0,0","100,0","0,0","0,0","0,0","0,0","0,0","0,0","0,0","0,0","0,0","0,0","0,0","0,0","0,0","0,0","0,0","0,0","0,0","0,0","0,0","0,0","0,0","0,0","0,0","0,0","0,0","0,0","0,0","0,0","0,0","0,0","0,0","0,0","0,0","0,0","0,0","0,0","0,0","0,0","0,0","0,0","0,0","0,0","0,0","0,0","0,0","0,0","0,0","0,0","0,0","0,0","0,0","0,0","0,0","0,0","0,0","0,0","0,0","0,0","0,0","0,0","0,0","0,0","0,0","0,0","0,0","0,0","0,0","0,0","0,0","0,0","0,0","0,0","0,0","0,0","0,0"
"Bosnia and Herzegovina","2020-04-19","0,0","100,0","0,0","0,0","0,0","0,0","0,0","0,0","0,0","0,0","0,0","0,0","0,0","0,0","0,0","0,0","0,0","0,0","0,0","0,0","0,0","0,0","0,0","0,0","0,0","0,0","0,0","0,0","0,0","0,0","0,0","0,0","0,0","0,0","0,0","0,0","0,0","0,0","0,0","0,0","0,0","0,0","0,0","0,0","0,0","0,0","0,0","0,0","0,0","0,0","0,0","0,0","0,0","0,0","0,0","0,0","0,0","0,0","0,0","0,0","0,0","0,0","0,0","0,0","0,0","0,0","0,0","0,0","0,0","0,0","0,0","0,0","0,0","0,0","0,0","0,0","0,0"
"Bosnia and Herzegovina","2020-05-03","0,0","100,0","0,0","0,0","0,0","0,0","0,0","0,0","0,0","0,0","0,0","0,0","0,0","0,0","0,0","0,0","0,0","0,0","0,0","0,0","0,0","0,0","0,0","0,0","0,0","0,0","0,0","0,0","0,0","0,0","0,0","0,0","0,0","0,0","0,0","0,0","0,0","0,0","0,0","0,0","0,0","0,0","0,0","0,0","0,0","0,0","0,0","0,0","0,0","0,0","0,0","0,0","0,0","0,0","0,0","0,0","0,0","0,0","0,0","0,0","0,0","0,0","0,0","0,0","0,0","0,0","0,0","0,0","0,0","0,0","0,0","0,0","0,0","0,0","0,0","0,0","0,0"
"Bosnia and Herzegovina","2020-05-31","0,0","100,0","0,0","0,0","0,0","0,0","0,0","0,0","0,0","0,0","0,0","0,0","0,0","0,0","0,0","0,0","0,0","0,0","0,0","0,0","0,0","0,0","0,0","0,0","0,0","0,0","0,0","0,0","0,0","0,0","0,0","0,0","0,0","0,0","0,0","0,0","0,0","0,0","0,0","0,0","0,0","0,0","0,0","0,0","0,0","0,0","0,0","0,0","0,0","0,0","0,0","0,0","0,0","0,0","0,0","0,0","0,0","0,0","0,0","0,0","0,0","0,0","0,0","0,0","0,0","0,0","0,0","0,0","0,0","0,0","0,0","0,0","0,0","0,0","0,0","0,0","0,0"
"Bosnia and Herzegovina","2020-07-26","0,0","100,0","0,0","0,0","0,0","0,0","0,0","0,0","0,0","0,0","0,0","0,0","0,0","0,0","0,0","0,0","0,0","0,0","0,0","0,0","0,0","0,0","0,0","0,0","0,0","0,0","0,0","0,0","0,0","0,0","0,0","0,0","0,0","0,0","0,0","0,0","0,0","0,0","0,0","0,0","0,0","0,0","0,0","0,0","0,0","0,0","0,0","0,0","0,0","0,0","0,0","0,0","0,0","0,0","0,0","0,0","0,0","0,0","0,0","0,0","0,0","0,0","0,0","0,0","0,0","0,0","0,0","0,0","0,0","0,0","0,0","0,0","0,0","0,0","0,0","0,0","0,0"
"Bosnia and Herzegovina","2020-08-23","0,0","100,0","0,0","0,0","0,0","0,0","0,0","0,0","0,0","0,0","0,0","0,0","0,0","0,0","0,0","0,0","0,0","0,0","0,0","0,0","0,0","0,0","0,0","0,0","0,0","0,0","0,0","0,0","0,0","0,0","0,0","0,0","0,0","0,0","0,0","0,0","0,0","0,0","0,0","0,0","0,0","0,0","0,0","0,0","0,0","0,0","0,0","0,0","0,0","0,0","0,0","0,0","0,0","0,0","0,0","0,0","0,0","0,0","0,0","0,0","0,0","0,0","0,0","0,0","0,0","0,0","0,0","0,0","0,0","0,0","0,0","0,0","0,0","0,0","0,0","0,0","0,0"
"Bosnia and Herzegovina","2020-09-06","0,0","100,0","0,0","0,0","0,0","0,0","0,0","0,0","0,0","0,0","0,0","0,0","0,0","0,0","0,0","0,0","0,0","0,0","0,0","0,0","0,0","0,0","0,0","0,0","0,0","0,0","0,0","0,0","0,0","0,0","0,0","0,0","0,0","0,0","0,0","0,0","0,0","0,0","0,0","0,0","0,0","0,0","0,0","0,0","0,0","0,0","0,0","0,0","0,0","0,0","0,0","0,0","0,0","0,0","0,0","0,0","0,0","0,0","0,0","0,0","0,0","0,0","0,0","0,0","0,0","0,0","0,0","0,0","0,0","0,0","0,0","0,0","0,0","0,0","0,0","0,0","0,0"
"Bosnia and Herzegovina","2020-09-20","0,0","100,0","0,0","0,0","0,0","0,0","0,0","0,0","0,0","0,0","0,0","0,0","0,0","0,0","0,0","0,0","0,0","0,0","0,0","0,0","0,0","0,0","0,0","0,0","0,0","0,0","0,0","0,0","0,0","0,0","0,0","0,0","0,0","0,0","0,0","0,0","0,0","0,0","0,0","0,0","0,0","0,0","0,0","0,0","0,0","0,0","0,0","0,0","0,0","0,0","0,0","0,0","0,0","0,0","0,0","0,0","0,0","0,0","0,0","0,0","0,0","0,0","0,0","0,0","0,0","0,0","0,0","0,0","0,0","0,0","0,0","0,0","0,0","0,0","0,0","0,0","0,0"
"Bosnia and Herzegovina","2020-10-18","0,0","0,0","0,0","0,0","0,0","0,0","0,0","100,0","0,0","0,0","0,0","0,0","0,0","0,0","0,0","0,0","0,0","0,0","0,0","0,0","0,0","0,0","0,0","0,0","0,0","0,0","0,0","0,0","0,0","0,0","0,0","0,0","0,0","0,0","0,0","0,0","0,0","0,0","0,0","0,0","0,0","0,0","0,0","0,0","0,0","0,0","0,0","0,0","0,0","0,0","0,0","0,0","0,0","0,0","0,0","0,0","0,0","0,0","0,0","0,0","0,0","0,0","0,0","0,0","0,0","0,0","0,0","0,0","0,0","0,0","0,0","0,0","0,0","0,0","0,0","0,0","0,0"
"Bosnia and Herzegovina","2020-11-01","0,0","100,0","0,0","0,0","0,0","0,0","0,0","0,0","0,0","0,0","0,0","0,0","0,0","0,0","0,0","0,0","0,0","0,0","0,0","0,0","0,0","0,0","0,0","0,0","0,0","0,0","0,0","0,0","0,0","0,0","0,0","0,0","0,0","0,0","0,0","0,0","0,0","0,0","0,0","0,0","0,0","0,0","0,0","0,0","0,0","0,0","0,0","0,0","0,0","0,0","0,0","0,0","0,0","0,0","0,0","0,0","0,0","0,0","0,0","0,0","0,0","0,0","0,0","0,0","0,0","0,0","0,0","0,0","0,0","0,0","0,0","0,0","0,0","0,0","0,0","0,0","0,0"
"Bosnia and Herzegovina","2020-11-15","0,0","100,0","0,0","0,0","0,0","0,0","0,0","0,0","0,0","0,0","0,0","0,0","0,0","0,0","0,0","0,0","0,0","0,0","0,0","0,0","0,0","0,0","0,0","0,0","0,0","0,0","0,0","0,0","0,0","0,0","0,0","0,0","0,0","0,0","0,0","0,0","0,0","0,0","0,0","0,0","0,0","0,0","0,0","0,0","0,0","0,0","0,0","0,0","0,0","0,0","0,0","0,0","0,0","0,0","0,0","0,0","0,0","0,0","0,0","0,0","0,0","0,0","0,0","0,0","0,0","0,0","0,0","0,0","0,0","0,0","0,0","0,0","0,0","0,0","0,0","0,0","0,0"
"Bosnia and Herzegovina","2020-11-29","0,0","0,0","0,0","0,0","0,0","0,0","66,66666666666666","33,33333333333333","0,0","0,0","0,0","0,0","0,0","0,0","0,0","0,0","0,0","0,0","0,0","0,0","0,0","0,0","0,0","0,0","0,0","0,0","0,0","0,0","0,0","0,0","0,0","0,0","0,0","0,0","0,0","0,0","0,0","0,0","0,0","0,0","0,0","0,0","0,0","0,0","0,0","0,0","0,0","0,0","0,0","0,0","0,0","0,0","0,0","0,0","0,0","0,0","0,0","0,0","0,0","0,0","0,0","0,0","0,0","0,0","0,0","0,0","0,0","0,0","0,0","0,0","0,0","0,0","0,0","0,0","0,0","0,0","0,0"
"Bosnia and Herzegovina","2020-12-13","0,0","50,0","0,0","0,0","0,0","0,0","50,0","0,0","0,0","0,0","0,0","0,0","0,0","0,0","0,0","0,0","0,0","0,0","0,0","0,0","0,0","0,0","0,0","0,0","0,0","0,0","0,0","0,0","0,0","0,0","0,0","0,0","0,0","0,0","0,0","0,0","0,0","0,0","0,0","0,0","0,0","0,0","0,0","0,0","0,0","0,0","0,0","0,0","0,0","0,0","0,0","0,0","0,0","0,0","0,0","0,0","0,0","0,0","0,0","0,0","0,0","0,0","0,0","0,0","0,0","0,0","0,0","0,0","0,0","0,0","0,0","0,0","0,0","0,0","0,0","0,0","0,0"
"Bosnia and Herzegovina","2020-12-27","66,66666666666666","33,33333333333333","0,0","0,0","0,0","0,0","0,0","0,0","0,0","0,0","0,0","0,0","0,0","0,0","0,0","0,0","0,0","0,0","0,0","0,0","0,0","0,0","0,0","0,0","0,0","0,0","0,0","0,0","0,0","0,0","0,0","0,0","0,0","0,0","0,0","0,0","0,0","0,0","0,0","0,0","0,0","0,0","0,0","0,0","0,0","0,0","0,0","0,0","0,0","0,0","0,0","0,0","0,0","0,0","0,0","0,0","0,0","0,0","0,0","0,0","0,0","0,0","0,0","0,0","0,0","0,0","0,0","0,0","0,0","0,0","0,0","0,0","0,0","0,0","0,0","0,0","0,0"
"Bosnia and Herzegovina","2021-01-10","0,0","60,0","0,0","0,0","0,0","0,0","40,0","0,0","0,0","0,0","0,0","0,0","0,0","0,0","0,0","0,0","0,0","0,0","0,0","0,0","0,0","0,0","0,0","0,0","0,0","0,0","0,0","0,0","0,0","0,0","0,0","0,0","0,0","0,0","0,0","0,0","0,0","0,0","0,0","0,0","0,0","0,0","0,0","0,0","0,0","0,0","0,0","0,0","0,0","0,0","0,0","0,0","0,0","0,0","0,0","0,0","0,0","0,0","0,0","0,0","0,0","0,0","0,0","0,0","0,0","0,0","0,0","0,0","0,0","0,0","0,0","0,0","0,0","0,0","0,0","0,0","0,0"
"Bosnia and Herzegovina","2021-01-24","0,0","75,0","0,0","0,0","16,666666666666664","0,0","0,0","8,333333333333332","0,0","0,0","0,0","0,0","0,0","0,0","0,0","0,0","0,0","0,0","0,0","0,0","0,0","0,0","0,0","0,0","0,0","0,0","0,0","0,0","0,0","0,0","0,0","0,0","0,0","0,0","0,0","0,0","0,0","0,0","0,0","0,0","0,0","0,0","0,0","0,0","0,0","0,0","0,0","0,0","0,0","0,0","0,0","0,0","0,0","0,0","0,0","0,0","0,0","0,0","0,0","0,0","0,0","0,0","0,0","0,0","0,0","0,0","0,0","0,0","0,0","0,0","0,0","0,0","0,0","0,0","0,0","0,0","0,0"
"Bosnia and Herzegovina","2021-02-07","25,0","0,0","0,0","0,0","25,0","0,0","25,0","0,0","0,0","0,0","0,0","0,0","0,0","0,0","0,0","0,0","0,0","0,0","0,0","0,0","0,0","0,0","0,0","0,0","0,0","0,0","0,0","0,0","0,0","0,0","0,0","0,0","0,0","0,0","0,0","0,0","0,0","0,0","0,0","0,0","0,0","0,0","0,0","0,0","0,0","0,0","0,0","0,0","0,0","0,0","0,0","0,0","0,0","0,0","0,0","0,0","0,0","0,0","0,0","0,0","0,0","0,0","0,0","0,0","0,0","0,0","0,0","0,0","0,0","0,0","0,0","0,0","0,0","0,0","0,0","0,0","25,0"
"Bosnia and Herzegovina","2021-02-21","54,54545454545454","27,27272727272727","0,0","0,0","0,0","0,0","9,090909090909092","0,0","0,0","0,0","0,0","0,0","0,0","0,0","0,0","0,0","0,0","0,0","0,0","0,0","0,0","0,0","0,0","0,0","0,0","0,0","0,0","0,0","0,0","0,0","0,0","0,0","0,0","0,0","0,0","0,0","0,0","0,0","0,0","0,0","0,0","0,0","0,0","0,0","0,0","0,0","0,0","0,0","0,0","0,0","0,0","0,0","0,0","0,0","0,0","0,0","0,0","0,0","0,0","0,0","0,0","0,0","0,0","0,0","0,0","0,0","0,0","0,0","0,0","0,0","0,0","0,0","0,0","0,0","0,0","0,0","9,090909090909092"
"Bosnia and Herzegovina","2021-03-07","57,14285714285714","0,0","0,0","0,0","7,142857142857142","7,142857142857142","28,57142857142857","0,0","0,0","0,0","0,0","0,0","0,0","0,0","0,0","0,0","0,0","0,0","0,0","0,0","0,0","0,0","0,0","0,0","0,0","0,0","0,0","0,0","0,0","0,0","0,0","0,0","0,0","0,0","0,0","0,0","0,0","0,0","0,0","0,0","0,0","0,0","0,0","0,0","0,0","0,0","0,0","0,0","0,0","0,0","0,0","0,0","0,0","0,0","0,0","0,0","0,0","0,0","0,0","0,0","0,0","0,0","0,0","0,0","0,0","0,0","0,0","0,0","0,0","0,0","0,0","0,0","0,0","0,0","0,0","0,0","0,0"
"Bosnia and Herzegovina","2021-03-21","100,0","0,0","0,0","0,0","0,0","0,0","0,0","0,0","0,0","0,0","0,0","0,0","0,0","0,0","0,0","0,0","0,0","0,0","0,0","0,0","0,0","0,0","0,0","0,0","0,0","0,0","0,0","0,0","0,0","0,0","0,0","0,0","0,0","0,0","0,0","0,0","0,0","0,0","0,0","0,0","0,0","0,0","0,0","0,0","0,0","0,0","0,0","0,0","0,0","0,0","0,0","0,0","0,0","0,0","0,0","0,0","0,0","0,0","0,0","0,0","0,0","0,0","0,0","0,0","0,0","0,0","0,0","0,0","0,0","0,0","0,0","0,0","0,0","0,0","0,0","0,0","0,0"
"Bosnia and Herzegovina","2021-04-04","100,0","0,0","0,0","0,0","0,0","0,0","0,0","0,0","0,0","0,0","0,0","0,0","0,0","0,0","0,0","0,0","0,0","0,0","0,0","0,0","0,0","0,0","0,0","0,0","0,0","0,0","0,0","0,0","0,0","0,0","0,0","0,0","0,0","0,0","0,0","0,0","0,0","0,0","0,0","0,0","0,0","0,0","0,0","0,0","0,0","0,0","0,0","0,0","0,0","0,0","0,0","0,0","0,0","0,0","0,0","0,0","0,0","0,0","0,0","0,0","0,0","0,0","0,0","0,0","0,0","0,0","0,0","0,0","0,0","0,0","0,0","0,0","0,0","0,0","0,0","0,0","0,0"
"Bosnia and Herzegovina","2021-04-18","100,0","0,0","0,0","0,0","0,0","0,0","0,0","0,0","0,0","0,0","0,0","0,0","0,0","0,0","0,0","0,0","0,0","0,0","0,0","0,0","0,0","0,0","0,0","0,0","0,0","0,0","0,0","0,0","0,0","0,0","0,0","0,0","0,0","0,0","0,0","0,0","0,0","0,0","0,0","0,0","0,0","0,0","0,0","0,0","0,0","0,0","0,0","0,0","0,0","0,0","0,0","0,0","0,0","0,0","0,0","0,0","0,0","0,0","0,0","0,0","0,0","0,0","0,0","0,0","0,0","0,0","0,0","0,0","0,0","0,0","0,0","0,0","0,0","0,0","0,0","0,0","0,0"
"Bosnia and Herzegovina","2021-05-16","100,0","0,0","0,0","0,0","0,0","0,0","0,0","0,0","0,0","0,0","0,0","0,0","0,0","0,0","0,0","0,0","0,0","0,0","0,0","0,0","0,0","0,0","0,0","0,0","0,0","0,0","0,0","0,0","0,0","0,0","0,0","0,0","0,0","0,0","0,0","0,0","0,0","0,0","0,0","0,0","0,0","0,0","0,0","0,0","0,0","0,0","0,0","0,0","0,0","0,0","0,0","0,0","0,0","0,0","0,0","0,0","0,0","0,0","0,0","0,0","0,0","0,0","0,0","0,0","0,0","0,0","0,0","0,0","0,0","0,0","0,0","0,0","0,0","0,0","0,0","0,0","0,0"
"Bosnia and Herzegovina","2021-05-30","100,0","0,0","0,0","0,0","0,0","0,0","0,0","0,0","0,0","0,0","0,0","0,0","0,0","0,0","0,0","0,0","0,0","0,0","0,0","0,0","0,0","0,0","0,0","0,0","0,0","0,0","0,0","0,0","0,0","0,0","0,0","0,0","0,0","0,0","0,0","0,0","0,0","0,0","0,0","0,0","0,0","0,0","0,0","0,0","0,0","0,0","0,0","0,0","0,0","0,0","0,0","0,0","0,0","0,0","0,0","0,0","0,0","0,0","0,0","0,0","0,0","0,0","0,0","0,0","0,0","0,0","0,0","0,0","0,0","0,0","0,0","0,0","0,0","0,0","0,0","0,0","0,0"
"Bosnia and Herzegovina","2021-06-13","70,83333333333334","0,0","4,166666666666666","8,333333333333332","0,0","0,0","0,0","0,0","4,166666666666666","4,166666666666666","0,0","0,0","0,0","0,0","0,0","0,0","0,0","0,0","0,0","0,0","0,0","0,0","0,0","0,0","0,0","0,0","0,0","0,0","0,0","0,0","0,0","0,0","0,0","0,0","0,0","0,0","0,0","0,0","0,0","0,0","0,0","0,0","0,0","0,0","0,0","0,0","0,0","0,0","0,0","0,0","0,0","0,0","0,0","0,0","0,0","0,0","0,0","0,0","0,0","0,0","0,0","0,0","0,0","0,0","0,0","0,0","0,0","0,0","0,0","0,0","0,0","0,0","0,0","0,0","0,0","0,0","8,333333333333332"
"Bosnia and Herzegovina","2021-06-27","43,75","0,0","0,0","0,0","0,0","0,0","0,0","0,0","0,0","50,0","0,0","0,0","0,0","0,0","0,0","0,0","0,0","0,0","0,0","0,0","0,0","0,0","0,0","0,0","0,0","0,0","0,0","0,0","0,0","0,0","0,0","0,0","0,0","0,0","0,0","0,0","0,0","0,0","0,0","0,0","0,0","0,0","0,0","0,0","0,0","0,0","0,0","0,0","0,0","0,0","0,0","0,0","0,0","0,0","0,0","0,0","0,0","0,0","0,0","0,0","0,0","0,0","0,0","0,0","0,0","0,0","0,0","0,0","0,0","0,0","0,0","0,0","0,0","0,0","0,0","0,0","6,25"
"Bosnia and Herzegovina","2021-07-11","4,761904761904762","0,0","0,0","0,0","0,0","0,0","0,0","0,0","0,0","33,33333333333333","0,0","0,0","0,0","0,0","4,761904761904762","0,0","9,523809523809524","0,0","23,809523809523807","0,0","0,0","0,0","0,0","0,0","0,0","0,0","0,0","0,0","0,0","0,0","0,0","0,0","0,0","0,0","0,0","0,0","0,0","0,0","0,0","0,0","0,0","0,0","0,0","0,0","0,0","0,0","9,523809523809524","0,0","0,0","0,0","0,0","0,0","0,0","0,0","0,0","0,0","4,761904761904762","4,761904761904762","0,0","0,0","0,0","0,0","0,0","0,0","0,0","0,0","0,0","0,0","0,0","0,0","0,0","0,0","0,0","0,0","0,0","0,0","4,761904761904762"
"Bosnia and Herzegovina","2021-07-25","0,0","0,0","0,0","0,0","0,0","0,0","0,0","0,0","0,0","0,0","0,0","8,333333333333332","0,0","0,0","0,0","0,0","0,0","0,0","50,0","0,0","0,0","0,0","0,0","0,0","0,0","8,333333333333332","0,0","0,0","0,0","0,0","0,0","0,0","0,0","0,0","0,0","0,0","8,333333333333332","0,0","0,0","0,0","8,333333333333332","0,0","0,0","0,0","0,0","8,333333333333332","0,0","0,0","0,0","0,0","0,0","0,0","0,0","8,333333333333332","0,0","0,0","0,0","0,0","0,0","0,0","0,0","0,0","0,0","0,0","0,0","0,0","0,0","0,0","0,0","0,0","0,0","0,0","0,0","0,0","0,0","0,0","0,0"
"Bosnia and Herzegovina","2021-08-08","0,0","0,0","0,0","0,0","0,0","0,0","0,0","0,0","0,0","0,0","0,0","0,0","11,11111111111111","0,0","0,0","0,0","0,0","0,0","33,33333333333333","0,0","0,0","0,0","0,0","0,0","0,0","0,0","0,0","0,0","0,0","0,0","0,0","0,0","0,0","0,0","0,0","11,11111111111111","11,11111111111111","0,0","0,0","0,0","0,0","0,0","0,0","0,0","0,0","11,11111111111111","0,0","0,0","0,0","0,0","11,11111111111111","0,0","0,0","0,0","11,11111111111111","0,0","0,0","0,0","0,0","0,0","0,0","0,0","0,0","0,0","0,0","0,0","0,0","0,0","0,0","0,0","0,0","0,0","0,0","0,0","0,0","0,0","0,0"
"Bosnia and Herzegovina","2021-08-22","0,0","0,0","0,0","0,0","0,0","0,0","0,0","0,0","0,0","0,0","0,0","0,0","0,0","0,0","0,0","0,0","0,0","0,0","57,14285714285714","0,0","0,0","0,0","14,285714285714285","0,0","0,0","0,0","0,0","0,0","0,0","0,0","0,0","0,0","0,0","0,0","0,0","0,0","14,285714285714285","0,0","0,0","0,0","0,0","0,0","0,0","14,285714285714285","0,0","0,0","0,0","0,0","0,0","0,0","0,0","0,0","0,0","0,0","0,0","0,0","0,0","0,0","0,0","0,0","0,0","0,0","0,0","0,0","0,0","0,0","0,0","0,0","0,0","0,0","0,0","0,0","0,0","0,0","0,0","0,0","0,0"
"Bosnia and Herzegovina","2021-09-05","0,0","0,0","0,0","0,0","0,0","0,0","0,0","0,0","0,0","0,0","0,0","0,0","0,0","0,0","0,0","0,0","0,0","0,0","16,666666666666664","0,0","0,0","0,0","0,0","0,0","0,0","0,0","0,0","0,0","0,0","0,0","0,0","0,0","0,0","0,0","0,0","0,0","0,0","0,0","0,0","0,0","0,0","0,0","0,0","0,0","0,0","0,0","0,0","0,0","0,0","0,0","0,0","0,0","0,0","0,0","0,0","83,33333333333334","0,0","0,0","0,0","0,0","0,0","0,0","0,0","0,0","0,0","0,0","0,0","0,0","0,0","0,0","0,0","0,0","0,0","0,0","0,0","0,0","0,0"
"Bosnia and Herzegovina","2021-09-19","0,0","0,0","0,0","0,0","0,0","0,0","0,0","0,0","0,0","3,508771929824561","0,0","0,0","0,0","3,508771929824561","0,0","0,0","0,0","3,508771929824561","8,771929824561402","1,7543859649122806","0,0","0,0","0,0","0,0","1,7543859649122806","0,0","0,0","0,0","1,7543859649122806","0,0","0,0","7,017543859649122","0,0","3,508771929824561","3,508771929824561","0,0","54,385964912280706","0,0","0,0","0,0","0,0","0,0","0,0","0,0","1,7543859649122806","0,0","0,0","0,0","0,0","1,7543859649122806","0,0","1,7543859649122806","0,0","0,0","0,0","1,7543859649122806","0,0","0,0","0,0","0,0","0,0","0,0","0,0","0,0","0,0","0,0","0,0","0,0","0,0","0,0","0,0","0,0","0,0","0,0","0,0","0,0","0,0"
"Bosnia and Herzegovina","2021-10-03","0,0","0,0","0,0","0,0","0,0","0,0","0,0","0,0","0,0","2,272727272727273","0,0","0,0","0,0","0,0","0,0","0,0","0,0","0,0","6,8181818181818175","0,0","0,0","0,0","0,0","2,272727272727273","0,0","0,0","0,0","0,0","6,8181818181818175","0,0","0,0","2,272727272727273","0,0","0,0","0,0","0,0","68,18181818181817","0,0","0,0","0,0","0,0","0,0","0,0","0,0","0,0","0,0","0,0","0,0","0,0","0,0","0,0","0,0","0,0","0,0","2,272727272727273","9,090909090909092","0,0","0,0","0,0","0,0","0,0","0,0","0,0","0,0","0,0","0,0","0,0","0,0","0,0","0,0","0,0","0,0","0,0","0,0","0,0","0,0","0,0"
"Bosnia and Herzegovina","2021-10-17","0,0","0,0","0,0","0,0","0,0","0,0","0,0","0,0","0,0","8,152173913043478","0,0","0,0","0,0","0,5434782608695652","0,0","0,0","2,1739130434782608","0,0","11,41304347826087","0,0","0,0","0,5434782608695652","0,5434782608695652","0,5434782608695652","0,0","0,0","0,0","0,0","1,6304347826086956","0,0","0,0","1,0869565217391304","0,5434782608695652","0,0","1,6304347826086956","0,0","62,5","0,5434782608695652","0,0","0,0","0,0","0,0","0,0","1,0869565217391304","0,0","0,0","0,0","0,0","0,5434782608695652","0,0","0,0","0,0","0,5434782608695652","0,0","0,5434782608695652","5,434782608695652","0,0","0,0","0,0","0,0","0,0","0,0","0,0","0,0","0,0","0,0","0,0","0,0","0,0","0,0","0,0","0,0","0,0","0,0","0,0","0,0","0,0"
"Bosnia and Herzegovina","2021-10-31","0,0","0,0","0,0","0,0","0,0","0,0","0,0","0,0","0,0","2,4193548387096775","0,0","0,0","0,0","0,0","0,0","0,0","1,6129032258064515","1,6129032258064515","12,903225806451612","0,0","0,0","0,0","3,225806451612903","0,8064516129032258","0,0","0,0","0,0","0,0","1,6129032258064515","0,0","0,0","0,0","0,0","0,0","1,6129032258064515","0,0","59,67741935483871","0,0","0,8064516129032258","0,0","0,0","0,0","0,0","4,838709677419355","0,0","0,0","0,0","0,0","0,0","0,0","0,0","0,0","0,8064516129032258","0,0","3,225806451612903","4,838709677419355","0,0","0,0","0,0","0,0","0,0","0,0","0,0","0,0","0,0","0,0","0,0","0,0","0,0","0,0","0,0","0,0","0,0","0,0","0,0","0,0","0,0"
"Bosnia and Herzegovina","2021-11-14","0,0","0,0","0,0","0,0","0,0","0,0","0,0","0,0","0,0","3,571428571428571","0,0","0,0","0,0","0,0","0,5952380952380952","0,0","0,0","3,571428571428571","11,30952380952381","0,0","0,5952380952380952","0,5952380952380952","1,1904761904761905","0,0","0,0","0,0","0,0","0,0","2,976190476190476","0,0","1,1904761904761905","2,380952380952381","1,1904761904761905","0,0","2,976190476190476","0,5952380952380952","51,19047619047619","0,0","0,0","0,5952380952380952","0,0","2,976190476190476","0,0","1,7857142857142856","1,1904761904761905","0,0","0,0","0,5952380952380952","0,0","0,0","0,0","0,5952380952380952","0,0","0,0","4,166666666666666","4,166666666666666","0,0","0,0","0,0","0,0","0,0","0,0","0,0","0,0","0,0","0,0","0,0","0,0","0,0","0,0","0,0","0,0","0,0","0,0","0,0","0,0","0,0"
"Bosnia and Herzegovina","2021-11-28","0,0","0,0","0,0","0,0","0,0","0,0","0,0","0,0","0,0","5,691056910569105","0,0","0,0","0,0","0,0","0,8130081300813009","0,0","0,0","1,6260162601626018","24,390243902439025","0,0","0,0","2,4390243902439024","0,0","1,6260162601626018","0,0","0,0","0,0","0,8130081300813009","3,2520325203252036","0,0","0,0","0,8130081300813009","2,4390243902439024","0,0","0,0","0,0","43,90243902439025","0,0","0,0","0,0","0,0","3,2520325203252036","0,8130081300813009","0,0","0,0","0,0","0,0","0,0","0,0","0,0","0,0","0,0","0,8130081300813009","0,0","5,691056910569105","1,6260162601626018","0,0","0,0","0,0","0,0","0,0","0,0","0,0","0,0","0,0","0,0","0,0","0,0","0,0","0,0","0,0","0,0","0,0","0,0","0,0","0,0","0,0"
"Bosnia and Herzegovina","2021-12-12","0,0","0,0","0,0","0,0","0,0","0,0","0,0","0,0","0,0","3,827751196172249","0,0","0,0","0,4784688995215311","0,0","0,4784688995215311","0,4784688995215311","0,0","1,9138755980861244","22,48803827751196","0,9569377990430622","0,9569377990430622","0,9569377990430622","0,0","0,0","0,0","0,0","0,0","6,220095693779904","6,220095693779904","0,9569377990430622","0,0","2,3923444976076556","2,8708133971291865","0,0","0,9569377990430622","0,0","32,057416267942585","0,0","0,0","0,9569377990430622","0,0","3,349282296650718","0,0","2,8708133971291865","0,0","0,4784688995215311","0,0","0,0","0,0","0,0","0,0","0,0","0,0","0,0","2,3923444976076556","5,263157894736842","0,0","0,0","0,0","0,0","0,0","0,0","0,0","0,0","0,4784688995215311","0,0","0,0","0,0","0,0","0,0","0,0","0,0","0,0","0,0","0,0","0,0","0,0"
"Bosnia and Herzegovina","2021-12-26","0,0","0,0","0,0","0,0","0,0","0,0","0,0","0,0","0,0","1,8404907975460123","0,6134969325153374","0,0","0,0","0,0","0,0","0,0","0,0","4,9079754601226995","23,31288343558282","0,0","1,2269938650306749","0,0","0,0","0,0","0,0","0,0","1,2269938650306749","7,361963190184049","3,6809815950920246","2,4539877300613497","0,0","0,6134969325153374","0,6134969325153374","0,0","0,6134969325153374","0,0","35,58282208588957","0,0","0,0","1,2269938650306749","0,0","0,6134969325153374","0,0","0,0","0,0","0,0","0,0","0,0","0,0","0,0","0,0","0,0","0,0","0,0","1,8404907975460123","6,748466257668712","0,0","0,0","0,0","1,2269938650306749","1,2269938650306749","0,0","0,6134969325153374","0,0","1,8404907975460123","0,6134969325153374","0,0","0,0","0,0","0,0","0,0","0,0","0,0","0,0","0,0","0,0","0,0"
"Bosnia and Herzegovina","2022-01-09","0,0","0,0","0,0","0,0","0,0","0,0","0,0","0,0","0,0","1,4492753623188406","0,0","0,0","0,0","0,0","0,0","0,0","0,0","3,6231884057971016","9,420289855072465","0,0","0,0","0,0","0,0","0,0","0,0","0,0","0,0","3,6231884057971016","3,6231884057971016","0,7246376811594203","0,7246376811594203","0,0","0,7246376811594203","0,0","0,0","0,0","28,26086956521739","0,0","0,0","0,7246376811594203","0,0","0,0","0,0","0,0","0,7246376811594203","0,0","0,0","0,0","0,0","0,0","0,0","0,0","0,0","0,0","0,7246376811594203","1,4492753623188406","0,0","0,0","0,7246376811594203","8,695652173913043","5,072463768115942","2,1739130434782608","0,0","0,0","15,217391304347828","2,1739130434782608","1,4492753623188406","0,7246376811594203","7,246376811594203","0,7246376811594203","0,0","0,0","0,0","0,0","0,0","0,0","0,0"
"Bosnia and Herzegovina","2022-01-23","0,0","0,0","0,0","0,0","0,0","0,0","0,0","0,0","0,0","0,0","0,0","0,0","0,0","0,0","0,0","0,0","0,0","0,0","0,0","0,0","0,0","0,0","0,0","0,0","0,0","0,0","0,0","0,0","0,0","0,0","0,0","0,0","0,0","0,0","0,0","0,0","0,0","0,0","0,0","0,0","0,0","0,0","0,0","0,0","0,0","0,0","0,0","0,0","0,0","0,0","0,0","0,0","0,0","0,0","0,0","0,0","0,0","0,0","0,0","0,0","33,33333333333333","0,0","0,0","0,0","0,0","66,66666666666666","0,0","0,0","0,0","0,0","0,0","0,0","0,0","0,0","0,0","0,0","0,0"
"Bosnia and Herzegovina","2022-02-06","0,0","0,0","0,0","0,0","0,0","0,0","0,0","0,0","0,0","0,0","0,0","0,0","0,0","0,0","0,0","0,0","0,0","0,0","3,4482758620689653","0,0","0,0","0,0","0,0","0,0","0,0","0,0","0,0","0,0","6,896551724137931","0,0","0,0","0,0","0,0","0,0","0,0","0,0","0,0","0,0","0,0","0,0","0,0","0,0","0,0","3,4482758620689653","0,0","0,0","0,0","0,0","0,0","0,0","0,0","0,0","0,0","0,0","0,0","0,0","0,0","0,0","0,0","3,4482758620689653","48,275862068965516","3,4482758620689653","0,0","3,4482758620689653","3,4482758620689653","3,4482758620689653","0,0","0,0","3,4482758620689653","13,793103448275861","0,0","3,4482758620689653","0,0","0,0","0,0","0,0","0,0"
"Bosnia and Herzegovina","2022-02-20","0,0","0,0","0,0","0,0","0,0","0,0","0,0","0,0","0,0","0,0","0,0","0,0","0,0","0,0","0,0","0,0","0,0","0,0","0,0","0,0","0,0","0,0","0,0","0,0","0,0","0,0","0,0","0,0","0,0","0,0","0,0","0,0","0,0","0,0","0,0","0,0","50,0","0,0","0,0","0,0","0,0","0,0","0,0","0,0","0,0","0,0","0,0","0,0","0,0","0,0","0,0","0,0","0,0","0,0","0,0","0,0","0,0","0,0","0,0","0,0","0,0","0,0","0,0","0,0","0,0","0,0","0,0","0,0","0,0","50,0","0,0","0,0","0,0","0,0","0,0","0,0","0,0"
"Bosnia and Herzegovina","2022-03-06","0,0","0,0","0,0","0,0","0,0","0,0","0,0","0,0","0,0","0,0","0,0","0,0","0,0","0,0","0,0","0,0","0,0","0,0","0,0","0,0","0,0","0,0","0,0","0,0","0,0","0,0","0,0","0,0","12,5","0,0","0,0","0,0","0,0","0,0","0,0","0,0","0,0","0,0","0,0","0,0","0,0","0,0","0,0","0,0","0,0","0,0","0,0","0,0","0,0","0,0","0,0","0,0","0,0","0,0","0,0","0,0","0,0","0,0","0,0","0,0","25,0","0,0","0,0","0,0","0,0","0,0","0,0","0,0","0,0","50,0","0,0","12,5","0,0","0,0","0,0","0,0","0,0"
"Bosnia and Herzegovina","2022-03-20","0,0","0,0","0,0","0,0","0,0","0,0","0,0","0,0","0,0","0,0","0,0","0,0","0,0","0,0","0,0","0,0","0,0","0,0","0,0","0,0","0,0","0,0","0,0","0,0","0,0","0,0","0,0","0,0","0,0","0,0","0,0","0,0","0,0","0,0","0,0","0,0","0,0","0,0","0,0","0,0","0,0","0,0","0,0","0,0","0,0","0,0","0,0","0,0","0,0","0,0","0,0","0,0","0,0","0,0","0,0","0,0","0,0","0,0","0,0","6,25","12,5","0,0","0,0","0,0","0,0","0,0","6,25","0,0","6,25","50,0","0,0","18,75","0,0","0,0","0,0","0,0","0,0"
"Bosnia and Herzegovina","2022-05-15","0,0","0,0","0,0","0,0","0,0","0,0","0,0","0,0","0,0","0,0","0,0","0,0","0,0","0,0","0,0","0,0","0,0","0,0","0,0","0,0","0,0","0,0","0,0","0,0","0,0","0,0","0,0","0,0","0,0","0,0","0,0","0,0","0,0","0,0","0,0","0,0","0,0","0,0","0,0","0,0","0,0","0,0","0,0","0,0","0,0","0,0","0,0","0,0","0,0","0,0","0,0","0,0","0,0","0,0","0,0","0,0","0,0","0,0","0,0","0,0","0,0","0,0","0,0","0,0","0,0","0,0","0,0","0,0","0,0","50,0","0,0","0,0","0,0","0,0","0,0","0,0","50,0"
"Bosnia and Herzegovina","2022-05-29","0,0","0,0","0,0","0,0","0,0","0,0","0,0","0,0","0,0","0,0","0,0","0,0","0,0","0,0","0,0","0,0","0,0","0,0","0,0","0,0","0,0","0,0","0,0","0,0","0,0","0,0","0,0","0,0","0,0","0,0","0,0","0,0","0,0","0,0","0,0","0,0","0,0","0,0","0,0","0,0","0,0","0,0","0,0","0,0","0,0","0,0","0,0","0,0","0,0","0,0","0,0","0,0","0,0","0,0","0,0","0,0","0,0","0,0","0,0","0,0","0,0","0,0","0,0","0,0","0,0","0,0","0,0","0,0","0,0","75,0","0,0","25,0","0,0","0,0","0,0","0,0","0,0"
"Bosnia and Herzegovina","2022-06-12","0,0","0,0","0,0","0,0","0,0","0,0","0,0","0,0","0,0","0,0","0,0","0,0","0,0","0,0","0,0","0,0","0,0","0,0","0,0","0,0","0,0","0,0","0,0","0,0","0,0","0,0","0,0","0,0","0,0","0,0","0,0","0,0","0,0","0,0","0,0","0,0","0,0","0,0","0,0","0,0","0,0","0,0","0,0","0,0","0,0","0,0","0,0","0,0","0,0","0,0","0,0","0,0","0,0","0,0","0,0","0,0","0,0","0,0","0,0","0,0","0,0","0,0","0,0","0,0","0,0","0,0","0,0","0,0","0,0","75,0","25,0","0,0","0,0","0,0","0,0","0,0","0,0"
"Bosnia and Herzegovina","2022-06-26","0,0","0,0","0,0","0,0","0,0","0,0","0,0","0,0","0,0","0,0","0,0","0,0","0,0","0,0","0,0","0,0","0,0","0,0","0,0","0,0","0,0","0,0","0,0","0,0","0,0","0,0","0,0","0,0","0,0","0,0","0,0","0,0","0,0","0,0","0,0","0,0","0,0","0,0","0,0","0,0","0,0","0,0","0,0","0,0","0,0","0,0","0,0","0,0","0,0","0,0","0,0","0,0","0,0","0,0","0,0","0,0","0,0","0,0","0,0","0,0","0,0","0,0","0,0","0,0","0,0","0,0","0,0","0,0","0,0","0,0","0,0","0,0","66,66666666666666","0,0","0,0","0,0","33,33333333333333"
"Bosnia and Herzegovina","2022-07-10","0,0","0,0","0,0","0,0","0,0","0,0","0,0","0,0","0,0","0,0","0,0","0,0","0,0","0,0","0,0","0,0","0,0","0,0","0,0","0,0","0,0","0,0","0,0","0,0","0,0","0,0","0,0","0,0","0,0","0,0","0,0","0,0","0,0","0,0","0,0","0,0","0,0","0,0","0,0","0,0","0,0","0,0","0,0","0,0","0,0","0,0","0,0","0,0","0,0","0,0","0,0","0,0","0,0","0,0","0,0","0,0","0,0","0,0","0,0","0,0","0,0","0,0","0,0","0,0","0,0","0,0","0,0","0,0","0,0","0,0","0,0","0,0","25,0","25,0","12,5","12,5","25,0"
"Bosnia and Herzegovina","2022-07-24","0,0","0,0","0,0","0,0","0,0","0,0","0,0","0,0","0,0","0,0","0,0","0,0","0,0","0,0","0,0","0,0","0,0","0,0","0,0","0,0","0,0","0,0","0,0","0,0","0,0","0,0","0,0","0,0","0,0","0,0","0,0","0,0","0,0","0,0","0,0","0,0","0,0","0,0","0,0","0,0","0,0","0,0","0,0","0,0","0,0","0,0","0,0","0,0","0,0","0,0","0,0","0,0","0,0","0,0","0,0","0,0","0,0","0,0","0,0","0,0","0,0","0,0","0,0","0,0","0,0","0,0","0,0","0,0","0,0","0,0","0,0","0,0","0,0","0,0","0,0","0,0","100,0"
