"location","date","A (Lineage)","A.2.5","Alpha (WHO VOC)","Alpha - Q.1 (WHO VOC)","B (Lineage)","B.1.1.277 - 20B/S:626S","B.1.1.28","B.1.1.318 (WHO FMV)","B.1.1.519 (WHO FMV)","B.1.160 - 20A/EU2","B.1.177 - 20E/EU1","B.1.221 - 20A/S:98F","B.1.258 - 20A/S:439K","Beta (WHO VOC)","C (Lineage)","Delta (WHO VOC)","Delta - AY.100 (WHO VOC)","Delta - AY.101 (WHO VOC)","Delta - AY.102 (WHO VOC)","Delta - AY.103 (WHO VOC)","Delta - AY.106 (WHO VOC)","Delta - AY.109 (WHO VOC)","Delta - AY.110 (WHO VOC)","Delta - AY.112 (WHO VOC)","Delta - AY.113 (WHO VOC)","Delta - AY.116 (WHO VOC)","Delta - AY.116.1 (WHO VOC)","Delta - AY.117 (WHO VOC)","Delta - AY.118 (WHO VOC)","Delta - AY.119 (WHO VOC)","Delta - AY.119.1 (WHO VOC)","Delta - AY.119.2 (WHO VOC)","Delta - AY.120 (WHO VOC)","Delta - AY.121 (WHO VOC)","Delta - AY.122 (WHO VOC)","Delta - AY.122.1 (WHO VOC)","Delta - AY.122.4 (WHO VOC)","Delta - AY.122.6 (WHO VOC)","Delta - AY.124 (WHO VOC)","Delta - AY.124.1 (WHO VOC)","Delta - AY.125 (WHO VOC)","Delta - AY.126 (WHO VOC)","Delta - AY.127 (WHO VOC)","Delta - AY.128 (WHO VOC)","Delta - AY.129 (WHO VOC)","Delta - AY.13 (WHO VOC)","Delta - AY.133 (WHO VOC)","Delta - AY.17 (WHO VOC)","Delta - AY.20 (WHO VOC)","Delta - AY.21 (WHO VOC)","Delta - AY.22 (WHO VOC)","Delta - AY.23 (WHO VOC)","Delta - AY.24 (WHO VOC)","Delta - AY.25 (WHO VOC)","Delta - AY.25.1 (WHO VOC)","Delta - AY.26 (WHO VOC)","Delta - AY.28 (WHO VOC)","Delta - AY.3 (WHO VOC)","Delta - AY.33 (WHO VOC)","Delta - AY.33.1 (WHO VOC)","Delta - AY.34 (WHO VOC)","Delta - AY.34.1 (WHO VOC)","Delta - AY.34.1.1 (WHO VOC)","Delta - AY.34.2 (WHO VOC)","Delta - AY.36 (WHO VOC)","Delta - AY.36.1 (WHO VOC)","Delta - AY.37 (WHO VOC)","Delta - AY.38 (WHO VOC)","Delta - AY.39 (WHO VOC)","Delta - AY.39.2 (WHO VOC)","Delta - AY.4 (WHO VOC)","Delta - AY.4.2 (WHO VOC)","Delta - AY.4.2.2 (WHO VOC)","Delta - AY.4.2.3 (WHO VOC)","Delta - AY.4.3 (WHO VOC)","Delta - AY.41 (WHO VOC)","Delta - AY.42 (WHO VOC)","Delta - AY.43 (WHO VOC)","Delta - AY.43.1 (WHO VOC)","Delta - AY.43.2 (WHO VOC)","Delta - AY.43.3 (WHO VOC)","Delta - AY.43.7 (WHO VOC)","Delta - AY.43.8 (WHO VOC)","Delta - AY.44 (WHO VOC)","Delta - AY.45 (WHO VOC)","Delta - AY.46 (WHO VOC)","Delta - AY.46.2 (WHO VOC)","Delta - AY.46.3 (WHO VOC)","Delta - AY.47 (WHO VOC)","Delta - AY.48 (WHO VOC)","Delta - AY.49 (WHO VOC)","Delta - AY.5 (WHO VOC)","Delta - AY.5.1 (WHO VOC)","Delta - AY.5.3 (WHO VOC)","Delta - AY.5.4 (WHO VOC)","Delta - AY.5.5 (WHO VOC)","Delta - AY.51 (WHO VOC)","Delta - AY.52 (WHO VOC)","Delta - AY.53 (WHO VOC)","Delta - AY.54 (WHO VOC)","Delta - AY.59 (WHO VOC)","Delta - AY.6 (WHO VOC)","Delta - AY.61 (WHO VOC)","Delta - AY.67 (WHO VOC)","Delta - AY.68 (WHO VOC)","Delta - AY.70 (WHO VOC)","Delta - AY.75 (WHO VOC)","Delta - AY.75.2 (WHO VOC)","Delta - AY.85 (WHO VOC)","Delta - AY.86 (WHO VOC)","Delta - AY.87 (WHO VOC)","Delta - AY.88 (WHO VOC)","Delta - AY.9.2 (WHO VOC)","Delta - AY.91 (WHO VOC)","Delta - AY.92 (WHO VOC)","Delta - AY.93 (WHO VOC)","Delta - AY.94 (WHO VOC)","Delta - AY.95 (WHO VOC)","Delta - AY.98 (WHO VOC)","Delta - AY.98.1 (WHO VOC)","Delta - AY.98.1.1 (WHO VOC)","Delta - AY.99 (WHO VOC)","Delta - AY.99.1 (WHO VOC)","Delta - AY.99.2 (WHO VOC)","Eta (WHO VOI)","Gamma (WHO VOC)","Gamma - P.1.1 (WHO VOC)","Gamma - P.1.10 (WHO VOC)","Gamma - P.1.10.1 (WHO VOC)","Gamma - P.1.11 (WHO VOC)","Gamma - P.1.12 (WHO VOC)","Gamma - P.1.13 (WHO VOC)","Gamma - P.1.14 (WHO VOC)","Gamma - P.1.15 (WHO VOC)","Gamma - P.1.16 (WHO VOC)","Gamma - P.1.17 (WHO VOC)","Gamma - P.1.17.1 (WHO VOC)","Gamma - P.1.2 (WHO VOC)","Gamma - P.1.3 (WHO VOC)","Gamma - P.1.4 (WHO VOC)","Gamma - P.1.5 (WHO VOC)","Gamma - P.1.6 (WHO VOC)","Gamma - P.1.7 (WHO VOC)","Gamma - P.1.7.1 (WHO VOC)","Gamma - P.1.8 (WHO VOC)","Gamma - P.1.9 (WHO VOC)","Lambda (WHO VOI)","Mu - 21H (WHO VOI)","Mu - 21H - BB.2 (WHO VOI)","N (Lineage)","Omicron - BA.1 (WHO VOC)","Omicron - BA.1.1 (WHO VOC)","Omicron - BA.1.1.1 (WHO VOC)","Omicron - BA.1.1.10 (WHO VOC)","Omicron - BA.1.1.11 (WHO VOC)","Omicron - BA.1.1.12 (WHO VOC)","Omicron - BA.1.1.13 (WHO VOC)","Omicron - BA.1.1.14 (WHO VOC)","Omicron - BA.1.1.15 (WHO VOC)","Omicron - BA.1.1.16 (WHO VOC)","Omicron - BA.1.1.18 (WHO VOC)","Omicron - BA.1.1.2 (WHO VOC)","Omicron - BA.1.1.7 (WHO VOC)","Omicron - BA.1.1.9 (WHO VOC)","Omicron - BA.1.10 (WHO VOC)","Omicron - BA.1.13 (WHO VOC)","Omicron - BA.1.14 (WHO VOC)","Omicron - BA.1.14.1 (WHO VOC)","Omicron - BA.1.14.2 (WHO VOC)","Omicron - BA.1.15 (WHO VOC)","Omicron - BA.1.15.1 (WHO VOC)","Omicron - BA.1.15.2 (WHO VOC)","Omicron - BA.1.16 (WHO VOC)","Omicron - BA.1.17 (WHO VOC)","Omicron - BA.1.17.1 (WHO VOC)","Omicron - BA.1.17.2 (WHO VOC)","Omicron - BA.1.18 (WHO VOC)","Omicron - BA.1.19 (WHO VOC)","Omicron - BA.1.20 (WHO VOC)","Omicron - BA.1.21 (WHO VOC)","Omicron - BA.1.24 (WHO VOC)","Omicron - BA.1.5 (WHO VOC)","Omicron - BA.1.7 (WHO VOC)","Omicron - BA.1.8 (WHO VOC)","Omicron - BA.1.9 (WHO VOC)","Omicron - BA.2 (WHO VOC)","Omicron - BA.2.1 (WHO VOC)","Omicron - BA.2.10 (WHO VOC)","Omicron - BA.2.10.1 (WHO VOC)","Omicron - BA.2.12 (WHO VOC)","Omicron - BA.2.12.1 (WHO VOC)","Omicron - BA.2.13 (WHO VOC)","Omicron - BA.2.14 (WHO VOC)","Omicron - BA.2.18 (WHO VOC)","Omicron - BA.2.2 (WHO VOC)","Omicron - BA.2.21 (WHO VOC)","Omicron - BA.2.22 (WHO VOC)","Omicron - BA.2.23 (WHO VOC)","Omicron - BA.2.3 (WHO VOC)","Omicron - BA.2.3.10 (WHO VOC)","Omicron - BA.2.3.2 (WHO VOC)","Omicron - BA.2.3.6 (WHO VOC)","Omicron - BA.2.31 (WHO VOC)","Omicron - BA.2.32 (WHO VOC)","Omicron - BA.2.34 (WHO VOC)","Omicron - BA.2.35 (WHO VOC)","Omicron - BA.2.36 (WHO VOC)","Omicron - BA.2.37 (WHO VOC)","Omicron - BA.2.38 (WHO VOC)","Omicron - BA.2.39 (WHO VOC)","Omicron - BA.2.42 (WHO VOC)","Omicron - BA.2.47 (WHO VOC)","Omicron - BA.2.48 (WHO VOC)","Omicron - BA.2.5 (WHO VOC)","Omicron - BA.2.51 (WHO VOC)","Omicron - BA.2.52 (WHO VOC)","Omicron - BA.2.56 (WHO VOC)","Omicron - BA.2.6 (WHO VOC)","Omicron - BA.2.62 (WHO VOC)","Omicron - BA.2.63 (WHO VOC)","Omicron - BA.2.64 (WHO VOC)","Omicron - BA.2.65 (WHO VOC)","Omicron - BA.2.67 (WHO VOC)","Omicron - BA.2.68 (WHO VOC)","Omicron - BA.2.7 (WHO VOC)","Omicron - BA.2.72 (WHO VOC)","Omicron - BA.2.76 (WHO VOC)","Omicron - BA.2.81 (WHO VOC)","Omicron - BA.2.9 (WHO VOC)","Omicron - BA.2.9.2 (WHO VOC)","Omicron - BA.2.9.3 (WHO VOC)","Omicron - BA.2.9.5 (WHO VOC)","Omicron - BA.3 (WHO VOC)","Omicron - BA.4 (WHO VOC)","Omicron - BA.4.1 (WHO VOC)","Omicron - BA.4.5 (WHO VOC)","Omicron - BA.4.6 (WHO VOC)","Omicron - BA.4.7 (WHO VOC)","Omicron - BA.5 (WHO VOC)","Omicron - BA.5.1 (WHO VOC)","Omicron - BA.5.1.1 (WHO VOC)","Omicron - BA.5.1.2 (WHO VOC)","Omicron - BA.5.1.4 (WHO VOC)","Omicron - BA.5.2 (WHO VOC)","Omicron - BA.5.2.1 (WHO VOC)","Omicron - BA.5.2.3 (WHO VOC)","Omicron - BA.5.2.4 (WHO VOC)","Omicron - BA.5.3 (WHO VOC)","Omicron - BA.5.3.1 (WHO VOC)","Omicron - BA.5.5 (WHO VOC)","Omicron - BA.5.6 (WHO VOC)","Omicron - BD.1 (WHO VOC)","Omicron - BE.1 (WHO VOC)","Omicron - BE.1.1 (WHO VOC)","Omicron - BE.3 (WHO VOC)","Omicron - BF.1 (WHO VOC)","Omicron - BF.2 (WHO VOC)","Omicron - BF.3 (WHO VOC)","Omicron - BF.5 (WHO VOC)","Omicron - BG.2 (WHO VOC)","Omicron - BG.4 (WHO VOC)","Other","P (Lineage)","P.6 (UY-GTI)","P.7","XE (Lineage)","XF (Lineage)","Zeta (WHO VOI)","Unknown"
"Brazil","2020-03-08","1","0","0","0","19","0","1","0","0","0","0","0","0","0","0","0","0","0","0","0","0","0","0","0","0","0","0","0","0","0","0","0","0","0","0","0","0","0","0","0","0","0","0","0","0","0","0","0","0","0","0","0","0","0","0","0","0","0","0","0","0","0","0","0","0","0","0","0","0","0","0","0","0","0","0","0","0","0","0","0","0","0","0","0","0","0","0","0","0","0","0","0","0","0","0","0","0","0","0","0","0","0","0","0","0","0","0","0","0","0","0","0","0","0","0","0","0","0","0","0","0","0","0","0","0","0","0","0","0","0","0","0","0","0","0","0","0","0","0","0","0","0","0","0","0","0","0","0","0","0","0","0","0","0","0","0","0","0","0","0","0","0","0","0","0","0","0","0","0","0","0","0","0","0","0","0","0","0","0","0","0","0","0","0","0","0","0","0","0","0","0","0","0","0","0","0","0","0","0","0","0","0","0","0","0","0","0","0","0","0","0","0","0","0","0","0","0","0","0","0","0","0","0","0","0","0","0","0","0","0","0","0","0","0","0","0","0","0","0","0","0","0","0","0","0","0","0","0","0","0","0","0","0","0","0","0","0","0","0","0","0","0","0","0","0","0","0","0","0"
"Brazil","2020-03-22","41","0","0","0","1065","0","392","0","0","0","0","0","0","0","0","0","0","0","0","0","0","0","0","0","0","0","0","0","0","0","0","0","0","0","0","0","0","0","0","0","0","0","0","0","0","0","0","0","0","0","0","0","0","0","0","0","0","0","0","0","0","0","0","0","0","0","0","0","0","0","0","0","0","0","0","0","0","0","0","0","0","0","0","0","0","0","0","0","0","0","0","0","0","0","0","0","0","0","0","0","0","0","0","0","0","0","0","0","0","0","0","0","0","0","0","0","0","0","0","0","0","0","0","0","0","0","0","0","0","0","0","0","0","0","0","0","0","0","0","0","0","0","0","0","0","0","0","0","0","30","0","0","0","0","0","0","0","0","0","0","0","0","0","0","0","0","0","0","0","0","0","0","0","0","0","0","0","0","0","0","0","0","0","0","0","0","0","0","0","0","0","0","0","0","0","0","0","0","0","0","0","0","0","0","0","0","0","0","0","0","0","0","0","0","0","0","0","0","0","0","0","0","0","0","0","0","0","0","0","0","0","0","0","0","0","0","0","0","0","0","0","0","0","0","0","0","0","0","0","0","0","0","0","0","0","0","0","0","0","0","0","0","0","0","0","0","0","0","0"
"Brazil","2020-04-05","0","0","0","0","5912","0","3583","0","0","0","0","0","0","0","0","0","0","0","0","0","0","0","0","0","0","0","0","0","0","0","0","0","0","0","0","0","0","0","0","0","0","0","0","0","0","0","0","0","0","0","0","0","0","0","0","0","0","0","0","0","0","0","0","0","0","0","0","0","0","0","0","0","0","0","0","0","0","0","0","0","0","0","0","0","0","0","0","0","0","0","0","0","0","0","0","0","0","0","0","0","0","0","0","0","0","0","0","0","0","0","0","0","0","0","0","0","0","0","0","0","0","0","0","0","0","0","0","0","0","0","0","0","0","0","0","0","0","0","0","0","0","0","0","0","0","0","0","0","0","90","0","0","0","0","0","0","0","0","0","0","0","0","0","0","0","0","0","0","0","0","0","0","0","0","0","0","0","0","0","0","0","0","0","0","0","0","0","0","0","0","0","0","0","0","0","0","0","0","0","0","0","0","0","0","0","0","0","0","0","0","0","0","0","0","0","0","0","0","0","0","0","0","0","0","0","0","0","0","0","0","0","0","0","0","0","0","0","0","0","0","0","0","0","0","0","0","0","0","0","0","0","0","0","0","0","0","0","0","0","0","0","0","0","0","0","0","0","0","0"
"Brazil","2020-04-19","0","0","0","0","17147","0","10229","0","0","0","0","0","0","0","0","0","0","0","0","0","0","0","0","0","0","0","0","0","0","0","0","0","0","0","0","0","0","0","0","0","0","0","0","0","0","0","0","0","0","0","0","0","0","0","0","0","0","0","0","0","0","0","0","0","0","0","0","0","0","0","0","0","0","0","0","0","0","0","0","0","0","0","0","0","0","0","0","0","0","0","0","0","0","0","0","0","0","0","0","0","0","0","0","0","0","0","0","0","0","0","0","0","0","0","0","0","0","0","0","0","0","0","0","0","0","0","0","0","0","0","0","0","0","0","0","0","0","0","0","0","0","0","0","0","0","0","0","0","0","50","0","0","0","0","0","0","0","0","0","0","0","0","0","0","0","0","0","0","0","0","0","0","0","0","0","0","0","0","0","0","0","0","0","0","0","0","0","0","0","0","0","0","0","0","0","0","0","0","0","0","0","0","0","0","0","0","0","0","0","0","0","0","0","0","0","0","0","0","0","0","0","0","0","0","0","0","0","0","0","0","0","0","0","0","0","0","0","0","0","0","0","0","0","0","0","0","0","0","0","0","0","0","0","0","0","0","0","0","0","0","0","0","0","0","0","0","0","99","0"
"Brazil","2020-05-03","0","0","0","0","43709","0","19352","0","0","0","0","0","0","0","0","0","0","0","0","0","0","0","0","0","0","0","0","0","0","0","0","0","0","0","0","0","0","0","0","0","0","0","0","0","0","0","0","0","0","0","0","0","0","0","0","0","0","0","0","0","0","0","0","0","0","0","0","0","0","0","0","0","0","0","0","0","0","0","0","0","0","0","0","0","0","0","0","0","0","0","0","0","0","0","0","0","0","0","0","0","0","0","0","0","0","0","0","0","0","0","0","0","0","0","0","0","0","0","0","0","0","0","0","0","0","0","0","0","0","0","0","0","0","0","0","0","0","0","0","0","0","0","0","0","0","0","0","0","0","112","0","0","0","0","0","0","0","0","0","0","0","0","0","0","0","0","0","0","0","0","0","0","0","0","0","0","0","0","0","0","0","0","0","0","0","0","0","0","0","0","0","0","0","0","0","0","0","0","0","0","0","0","0","0","0","0","0","0","0","0","0","0","0","0","0","0","0","0","0","0","0","0","0","0","0","0","0","0","0","0","0","0","0","0","0","0","0","0","0","0","0","0","0","0","0","0","0","0","0","0","0","0","0","0","0","0","0","0","0","0","0","0","0","0","0","0","0","0","0"
"Brazil","2020-05-17","0","0","0","0","85735","0","51441","0","0","0","0","0","0","0","0","0","0","0","0","0","0","0","0","0","0","0","0","0","0","0","0","0","0","0","0","0","0","0","0","0","0","0","0","0","0","0","0","0","0","0","0","0","0","0","0","0","0","0","0","0","0","0","0","0","0","0","0","0","0","0","0","0","0","0","0","0","0","0","0","0","0","0","0","0","0","0","0","0","0","0","0","0","0","0","0","0","0","0","0","0","0","0","0","0","0","0","0","0","0","0","0","0","0","0","0","0","0","0","0","0","0","0","0","0","0","520","0","0","0","0","0","0","0","520","0","0","0","0","0","0","0","0","0","0","0","0","0","0","0","520","0","0","0","0","0","0","0","0","0","0","0","0","0","0","0","0","0","0","0","0","0","0","0","0","0","0","0","0","0","0","0","0","0","0","0","0","0","0","0","0","0","0","0","0","0","0","0","0","0","0","0","0","0","0","0","0","0","0","0","0","0","0","0","0","0","0","0","0","0","0","0","0","0","0","0","0","0","0","0","0","0","0","0","0","0","0","0","0","0","0","0","0","0","0","0","0","0","0","0","0","0","0","0","0","0","0","0","0","0","0","0","0","0","0","0","0","0","520","0"
"Brazil","2020-05-31","0","0","0","0","206642","0","64227","0","0","0","0","0","0","0","0","0","0","0","0","0","0","0","0","0","0","0","0","0","0","0","0","0","0","0","0","0","0","0","0","0","0","0","0","0","0","0","0","0","0","0","0","0","0","0","0","0","0","0","0","0","0","0","0","0","0","0","0","0","0","0","0","0","0","0","0","0","0","0","0","0","0","0","0","0","0","0","0","0","0","0","0","0","0","0","0","0","0","0","0","0","0","0","0","0","0","0","0","0","0","0","0","0","0","0","0","0","0","0","0","0","0","0","0","0","0","0","0","0","0","0","0","0","0","0","0","0","0","0","0","0","0","0","0","0","0","0","0","0","0","2793","0","0","0","0","0","0","0","0","0","0","0","0","0","0","0","0","0","0","0","0","0","0","0","0","0","0","0","0","0","0","0","0","0","0","0","0","0","0","0","0","0","0","0","0","0","0","0","0","0","0","0","0","0","0","0","0","0","0","0","0","0","0","0","0","0","0","0","0","0","0","0","0","0","0","0","0","0","0","0","0","0","0","0","0","0","0","0","0","0","0","0","0","0","0","0","0","0","0","0","0","0","0","0","0","0","0","0","0","0","0","0","0","0","0","0","0","0","1397","0"
"Brazil","2020-06-14","0","0","0","0","267181","1378","82634","0","0","0","0","0","0","0","0","0","0","0","0","0","0","0","0","0","0","0","0","0","0","0","0","0","0","0","0","0","0","0","0","0","0","0","0","0","0","0","0","0","0","0","0","0","0","0","0","0","0","0","0","0","0","0","0","0","0","0","0","0","0","0","0","0","0","0","0","0","0","0","0","0","0","0","0","0","0","0","0","0","0","0","0","0","0","0","0","0","0","0","0","0","0","0","0","0","0","0","0","0","0","0","0","0","0","0","0","0","0","0","0","0","0","0","0","0","0","0","0","0","0","0","0","0","0","0","0","0","0","0","0","0","0","0","0","0","0","0","0","0","0","1378","0","0","0","0","0","0","0","0","0","0","0","0","0","0","0","0","0","0","0","0","0","0","0","0","0","0","0","0","0","0","0","0","0","0","0","0","0","0","0","0","0","0","0","0","0","0","0","0","0","0","0","0","0","0","0","0","0","0","0","0","0","0","0","0","0","0","0","0","0","0","0","0","0","0","0","0","0","0","0","0","0","0","0","0","0","0","0","0","0","0","0","0","0","0","0","0","0","0","0","0","0","0","0","0","0","0","0","0","0","0","0","0","0","0","0","0","0","0","0"
"Brazil","2020-06-28","0","0","0","0","306376","0","192419","0","0","0","0","0","0","0","0","0","0","0","0","0","0","0","0","0","0","0","0","0","0","0","0","0","0","0","0","0","0","0","0","0","0","0","0","0","0","0","0","0","0","0","0","0","0","0","0","0","0","0","0","0","0","0","0","0","0","0","0","0","0","0","0","0","0","0","0","0","0","0","0","0","0","0","0","0","0","0","0","0","0","0","0","0","0","0","0","0","0","0","0","0","0","0","0","0","0","0","0","0","0","0","0","0","0","0","0","0","0","0","0","0","0","0","0","0","0","0","0","0","0","0","0","0","0","0","0","0","0","0","0","0","0","0","0","0","0","0","0","0","0","0","0","0","0","0","0","0","0","0","0","0","0","0","0","0","0","0","0","0","0","0","0","0","0","0","0","0","0","0","0","0","0","0","0","0","0","0","0","0","0","0","0","0","0","0","0","0","0","0","0","0","0","0","0","0","0","0","0","0","0","0","0","0","0","0","0","0","0","0","0","0","0","0","0","0","0","0","0","0","0","0","0","0","0","0","0","0","0","0","0","0","0","0","0","0","0","0","0","0","0","0","0","0","0","0","0","0","0","0","0","0","0","0","0","0","1869","0","0","1869","0"
"Brazil","2020-07-12","0","0","0","0","297881","0","210735","0","0","0","0","0","0","0","0","0","0","0","0","0","0","0","0","0","0","0","0","0","0","0","0","0","0","0","0","0","0","0","0","0","0","0","0","0","0","0","0","0","0","0","0","0","0","0","0","0","0","0","0","0","0","0","0","0","0","0","0","0","0","0","0","0","0","0","0","0","0","0","0","0","0","0","0","0","0","0","0","0","0","0","0","0","0","0","0","0","0","0","0","0","0","0","0","0","0","0","0","0","0","0","0","0","0","0","0","0","0","0","0","0","0","0","0","0","0","0","0","0","0","0","0","0","0","0","0","0","0","0","0","0","0","0","0","0","0","0","0","0","0","4754","0","0","0","0","0","0","0","0","0","0","0","0","0","0","0","0","0","0","0","0","0","0","0","0","0","0","0","0","0","0","0","0","0","0","0","0","0","0","0","0","0","0","0","0","0","0","0","0","0","0","0","0","0","0","0","0","0","0","0","0","0","0","0","0","0","0","0","0","0","0","0","0","0","0","0","0","0","0","0","0","0","0","0","0","0","0","0","0","0","0","0","0","0","0","0","0","0","0","0","0","0","0","0","0","0","0","0","0","0","0","0","0","0","0","1585","0","0","1585","0"
"Brazil","2020-07-26","0","0","0","0","351033","0","189992","0","0","0","0","0","0","0","0","0","0","0","0","0","0","0","0","0","0","0","0","0","0","0","0","0","0","0","0","0","0","0","0","0","0","0","0","0","0","0","0","0","0","0","0","0","0","0","0","0","0","0","0","0","0","0","0","0","0","0","0","0","0","0","0","0","0","0","0","0","0","0","0","0","0","0","0","0","0","0","0","0","0","0","0","0","0","0","0","0","0","0","0","0","0","0","0","0","0","0","0","0","0","0","0","0","0","0","0","0","0","0","0","0","0","0","0","0","0","0","0","0","0","0","0","0","0","0","0","0","0","0","0","0","0","0","0","0","0","0","0","0","0","7238","0","0","0","0","0","0","0","0","0","0","0","0","0","0","0","0","0","0","0","0","0","0","0","0","0","0","0","0","0","0","0","0","0","0","0","0","0","0","0","0","0","0","0","0","0","0","0","0","0","0","0","0","0","0","0","0","0","0","0","0","0","0","0","0","0","0","0","0","0","0","0","0","0","0","0","0","0","0","0","0","0","0","0","0","0","0","0","0","0","0","0","0","0","0","0","0","0","0","0","0","0","0","0","0","0","0","0","0","0","0","0","5429","0","0","0","0","0","0","0"
"Brazil","2020-08-09","0","0","0","0","415425","0","191169","0","0","0","0","0","0","0","0","0","0","0","0","0","0","0","0","0","0","0","0","0","0","0","0","0","0","0","0","0","0","0","0","0","0","0","0","0","0","0","0","0","0","0","0","0","0","0","0","0","0","0","0","0","0","0","0","0","0","0","0","0","0","0","0","0","0","0","0","0","0","0","0","0","0","0","0","0","0","0","0","0","0","0","0","0","0","0","0","0","0","0","0","0","0","0","0","0","0","0","0","0","0","0","0","0","0","0","0","0","0","0","0","0","0","0","0","0","0","1839","0","0","0","0","0","0","0","0","0","0","0","0","0","0","0","0","0","0","0","0","0","0","0","5515","0","0","0","0","0","0","0","0","0","0","0","0","0","0","0","0","0","0","0","0","0","0","0","0","0","0","0","0","0","0","0","0","0","0","0","0","0","0","0","0","0","0","0","0","0","0","0","0","0","0","0","0","0","0","0","0","0","0","0","0","0","0","0","0","0","0","0","0","0","0","0","0","0","0","0","0","0","0","0","0","0","0","0","0","0","0","0","0","0","0","0","0","0","0","0","0","0","0","0","0","0","0","0","0","0","0","0","0","0","0","0","0","0","0","3677","0","0","1839","0"
"Brazil","2020-08-23","0","0","0","0","358800","0","197800","0","0","0","0","0","0","0","0","0","0","0","0","0","0","0","0","0","0","0","0","0","0","0","0","0","0","0","0","0","0","0","0","0","0","0","0","0","0","0","0","0","0","0","0","0","0","0","0","0","0","0","0","0","0","0","0","0","0","0","0","0","0","0","0","0","0","0","0","0","0","0","0","0","0","0","0","0","0","0","0","0","0","0","0","0","0","0","0","0","0","0","0","0","0","0","0","0","0","0","0","0","0","0","0","0","0","0","0","0","0","0","0","0","0","0","0","0","0","0","0","0","0","0","0","0","0","0","0","0","0","0","0","0","0","0","0","0","0","0","0","0","0","6134","1534","0","0","0","0","0","0","0","0","0","0","0","0","0","0","0","0","0","0","0","0","0","0","0","0","0","0","0","0","0","0","0","0","0","0","0","0","0","0","0","0","0","0","0","0","0","0","0","0","0","0","0","0","0","0","0","0","0","0","0","0","0","0","0","0","0","0","0","0","0","0","0","0","0","0","0","0","0","0","0","0","0","0","0","0","0","0","0","0","0","0","0","0","0","0","0","0","0","0","0","0","0","0","0","0","0","0","0","0","0","0","1534","0","0","0","0","0","1534","0"
"Brazil","2020-09-06","0","0","0","0","328552","7468","169876","0","0","0","0","0","0","0","0","0","0","0","0","0","0","0","0","0","0","0","0","0","0","0","0","0","0","0","0","0","0","0","0","0","0","0","0","0","0","0","0","0","0","0","0","0","0","0","0","0","0","0","0","0","0","0","0","0","0","0","0","0","0","0","0","0","0","0","0","0","0","0","0","0","0","0","0","0","0","0","0","0","0","0","0","0","0","0","0","0","0","0","0","0","0","0","0","0","0","0","0","0","0","0","0","0","0","0","0","0","0","0","0","0","0","0","0","0","0","1867","0","0","0","0","0","0","0","0","0","0","0","0","0","0","0","0","0","0","0","0","0","0","0","9334","0","0","0","0","0","0","0","0","0","0","0","0","0","0","0","0","0","0","0","0","0","0","0","0","0","0","0","0","0","0","0","0","0","0","0","0","0","0","0","0","0","0","0","0","0","0","0","0","0","0","0","0","0","0","0","0","0","0","0","0","0","0","0","0","0","0","0","0","0","0","0","0","0","0","0","0","0","0","0","0","0","0","0","0","0","0","0","0","0","0","0","0","0","0","0","0","0","0","0","0","0","0","0","0","0","0","0","0","0","0","0","0","0","0","5601","0","0","9334","0"
"Brazil","2020-09-20","0","0","0","0","211377","0","178069","0","0","0","0","0","0","0","0","0","0","0","0","0","0","0","0","0","0","0","0","0","0","0","0","0","0","0","0","0","0","0","0","0","0","0","0","0","0","0","0","0","0","0","0","0","0","0","0","0","0","0","0","0","0","0","0","0","0","0","0","0","0","0","0","0","0","0","0","0","0","0","0","0","0","0","0","0","0","0","0","0","0","0","0","0","0","0","0","0","0","0","0","0","0","0","0","0","0","0","0","0","0","0","0","0","0","0","0","0","0","0","0","0","0","0","0","0","0","1282","0","0","0","0","0","0","0","0","0","0","0","0","0","0","0","0","0","0","0","0","0","0","0","2563","0","0","0","0","0","0","0","0","0","0","0","0","0","0","0","0","0","0","0","0","0","0","0","0","0","0","0","0","0","0","0","0","0","0","0","0","0","0","0","0","0","0","0","0","0","0","0","0","0","0","0","0","0","0","0","0","0","0","0","0","0","0","0","0","0","0","0","0","0","0","0","0","0","0","0","0","0","0","0","0","0","0","0","0","0","0","0","0","0","0","0","0","0","0","0","0","0","0","0","0","0","0","0","0","0","0","0","0","0","0","0","1282","0","0","2563","0","0","8968","0"
"Brazil","2020-10-04","0","0","0","0","210885","2739","141047","0","0","0","0","0","0","0","0","0","0","0","0","0","0","0","0","0","0","0","0","0","0","0","0","0","0","0","0","0","0","0","0","0","0","0","0","0","0","0","0","0","0","0","0","0","0","0","0","0","0","0","0","0","0","0","0","0","0","0","0","0","0","0","0","0","0","0","0","0","0","0","0","0","0","0","0","0","0","0","0","0","0","0","0","0","0","0","0","0","0","0","0","0","0","0","0","0","0","0","0","0","0","0","0","0","0","0","0","0","0","0","0","0","0","0","0","0","0","1370","0","0","0","0","0","0","0","0","0","0","0","0","0","0","0","0","0","0","0","0","0","0","0","1370","0","0","0","0","0","0","0","0","0","0","0","0","0","0","0","0","0","0","0","0","0","0","0","0","0","0","0","0","0","0","0","0","0","0","0","0","0","0","0","0","0","0","0","0","0","0","0","0","0","0","0","0","0","0","0","0","0","0","0","0","0","0","0","0","0","0","0","0","0","0","0","0","0","0","0","0","0","0","0","0","0","0","0","0","0","0","0","0","0","0","0","0","0","0","0","0","0","0","0","0","0","0","0","0","0","0","0","0","0","0","0","5478","0","0","1370","0","0","6847","0"
"Brazil","2020-10-18","0","0","0","0","167371","1080","115540","0","0","0","0","0","1080","0","0","0","0","0","0","0","0","0","0","0","0","0","0","0","0","0","0","0","0","0","0","0","0","0","0","0","0","0","0","0","0","0","0","0","0","0","0","0","0","0","0","0","0","0","0","0","0","0","0","0","0","0","0","0","0","0","0","0","0","0","0","0","0","0","0","0","0","0","0","0","0","0","0","0","0","0","0","0","0","0","0","0","0","0","0","0","0","0","0","0","0","0","0","0","0","0","0","0","0","0","0","0","0","0","0","0","0","0","0","0","0","1080","0","0","0","0","0","0","0","0","0","0","0","0","0","0","0","0","0","0","0","0","0","0","0","2160","0","0","0","0","0","0","0","0","0","0","0","0","0","0","0","0","0","0","0","0","0","0","0","0","0","0","0","0","0","0","0","0","0","0","0","0","0","0","0","0","0","0","0","0","0","0","0","0","0","0","0","0","0","0","0","0","0","0","0","0","0","0","0","0","0","0","0","0","0","0","0","0","0","0","0","0","0","0","0","0","0","0","0","0","0","0","0","0","0","0","0","0","0","0","0","0","0","0","0","0","0","0","0","0","0","0","0","0","0","0","0","5400","0","0","2160","0","0","24836","0"
"Brazil","2020-11-01","0","0","0","0","141219","0","92588","0","0","0","0","0","0","0","0","0","0","0","0","0","0","0","0","0","0","0","0","0","0","0","0","0","0","0","0","0","0","0","0","0","0","0","0","0","0","0","0","0","0","0","0","0","0","0","0","0","0","0","0","0","0","0","0","0","0","0","0","0","0","0","0","0","0","0","0","0","0","0","0","0","0","0","0","0","0","0","0","0","0","0","0","0","0","0","0","0","0","0","0","0","0","0","0","0","0","0","0","0","0","0","0","0","0","0","0","0","0","0","0","0","0","0","0","0","0","4677","0","0","0","0","0","0","0","0","0","0","0","0","0","0","0","0","0","0","0","0","0","0","0","7482","0","0","0","0","0","0","0","0","0","0","0","0","0","0","0","0","0","0","0","0","0","0","0","0","0","0","0","0","0","0","0","0","0","0","0","0","0","0","0","0","0","0","0","0","0","0","0","0","0","0","0","0","0","0","0","0","0","0","0","0","0","0","0","0","0","0","0","0","0","0","0","0","0","0","0","0","0","0","0","0","0","0","0","0","0","0","0","0","0","0","0","0","0","0","0","0","0","0","0","0","0","0","0","0","0","0","0","0","0","0","0","13094","0","0","5612","0","0","44891","0"
"Brazil","2020-11-15","0","0","0","0","113136","0","131237","0","0","0","0","0","0","0","0","0","0","0","0","0","0","0","0","0","0","0","0","0","0","0","0","0","0","0","0","0","0","0","0","0","0","0","0","0","0","0","0","0","0","0","0","0","0","0","0","0","0","0","0","0","0","0","0","0","0","0","0","0","0","0","0","0","0","0","0","0","0","0","0","0","0","0","0","0","0","0","0","0","0","0","0","0","0","0","0","0","0","0","0","0","0","0","0","0","0","0","0","0","0","0","0","0","0","0","0","0","0","0","0","0","0","0","0","0","0","0","0","0","0","0","0","0","566","0","0","0","0","0","0","0","0","0","0","0","0","0","0","0","0","7920","0","0","0","0","0","0","0","0","0","0","0","0","0","0","0","0","0","0","0","0","0","0","0","0","0","0","0","0","0","0","0","0","0","0","0","0","0","0","0","0","0","0","0","0","0","0","0","0","0","0","0","0","0","0","0","0","0","0","0","0","0","0","0","0","0","0","0","0","0","0","0","0","0","0","0","0","0","0","0","0","0","0","0","0","0","0","0","0","0","0","0","0","0","0","0","0","0","0","0","0","0","0","0","0","0","0","0","0","0","0","0","10748","0","0","7354","0","0","46386","0"
"Brazil","2020-11-29","0","0","0","0","120371","0","165986","0","0","0","634","0","0","0","0","0","0","0","0","0","0","0","0","0","0","0","0","0","0","0","0","0","0","0","0","0","0","0","0","0","0","0","0","0","0","0","0","0","0","0","0","0","0","0","0","0","0","0","0","0","0","0","0","0","0","0","0","0","0","0","0","0","0","0","0","0","0","0","0","0","0","0","0","0","0","0","0","0","0","0","0","0","0","0","0","0","0","0","0","0","0","0","0","0","0","0","0","0","0","0","0","0","0","0","0","0","0","0","0","0","0","0","0","0","0","1901","0","0","0","0","0","0","0","0","0","0","0","0","0","0","0","0","0","0","0","0","0","0","0","18373","0","0","0","0","0","0","0","0","0","0","0","0","0","0","0","0","0","0","0","0","0","0","0","0","0","0","0","0","0","0","0","0","0","0","0","0","0","0","0","0","0","0","0","0","0","0","0","0","0","0","0","0","0","0","0","0","0","0","0","0","0","0","0","0","0","0","0","0","0","0","0","0","0","0","0","0","0","0","0","0","0","0","0","0","0","0","0","0","0","0","0","0","0","0","0","0","0","0","0","0","0","0","0","0","0","0","0","0","0","0","0","6969","0","0","22174","0","0","116570","0"
"Brazil","2020-12-13","0","0","0","0","124416","0","139563","0","0","0","1082","0","1082","0","0","0","0","0","0","0","0","0","0","0","0","0","0","0","0","0","0","0","0","0","0","0","0","0","0","0","0","0","0","0","0","0","0","0","0","0","0","0","0","0","0","0","0","0","0","0","0","0","0","0","0","0","0","0","0","0","0","0","0","0","0","0","0","0","0","0","0","0","0","0","0","0","0","0","0","0","0","0","0","0","0","0","0","0","0","0","0","0","0","0","0","0","0","0","0","0","0","0","0","0","0","0","0","0","0","0","0","0","0","0","0","7574","0","0","0","0","0","0","0","0","0","0","0","0","0","0","0","0","0","0","0","0","0","0","0","35702","0","0","0","0","0","0","0","0","0","0","0","0","0","0","0","0","0","0","0","0","0","0","0","0","0","0","0","0","0","0","0","0","0","0","0","0","0","0","0","0","0","0","0","0","0","0","0","0","0","0","0","0","0","0","0","0","0","0","0","0","0","0","0","0","0","0","0","0","0","0","0","0","0","0","0","0","0","0","0","0","0","0","0","0","0","0","0","0","0","0","0","0","0","0","0","0","0","0","0","0","0","0","0","0","0","0","0","0","0","0","0","31375","0","0","29211","0","0","218540","0"
"Brazil","2020-12-27","0","0","3697","0","94260","0","100729","0","0","925","0","0","0","0","0","0","0","0","0","0","0","0","0","0","0","0","0","0","0","0","0","0","0","0","0","0","0","0","0","0","0","0","0","0","0","0","0","0","0","0","0","0","0","0","0","0","0","0","0","0","0","0","0","0","0","0","0","0","0","0","0","0","0","0","0","0","0","0","0","0","0","0","0","0","0","0","0","0","0","0","0","0","0","0","0","0","0","0","0","0","0","0","0","0","0","0","0","0","0","0","0","0","0","0","0","0","0","0","0","0","0","0","0","0","0","81323","0","0","0","0","0","0","0","925","0","0","0","0","0","0","0","0","0","0","0","0","0","0","0","28648","0","0","0","0","0","0","0","0","0","0","0","0","0","0","0","0","0","0","0","0","0","0","0","0","0","0","0","0","0","0","0","0","0","0","0","0","0","0","0","0","0","0","0","0","0","0","0","0","0","0","0","0","0","0","0","0","0","0","0","0","0","0","0","0","0","0","0","0","0","0","0","0","0","0","0","0","0","0","0","0","0","0","0","0","0","0","0","0","0","0","0","0","0","0","0","0","0","0","0","0","0","0","0","0","0","0","0","0","0","0","0","31420","0","0","9242","0","0","229181","0"
"Brazil","2021-01-10","0","0","14643","0","53911","0","69884","0","0","1332","0","0","0","0","666","0","0","0","0","0","0","0","0","0","0","0","0","0","0","0","0","0","0","0","0","0","0","0","0","0","0","0","0","0","0","0","0","0","0","0","0","0","0","0","0","0","0","0","0","0","0","0","0","0","0","0","0","0","0","0","0","0","0","0","0","0","0","0","0","0","0","0","0","0","0","0","0","0","0","0","0","0","0","0","0","0","0","0","0","0","0","0","0","0","0","0","0","0","0","0","0","0","0","0","0","0","0","0","0","0","0","0","0","0","0","96507","0","1332","0","0","666","0","666","1332","0","0","0","0","0","0","0","0","0","0","0","0","0","0","0","22629","0","0","0","0","0","0","0","0","0","0","0","0","0","0","0","0","0","0","0","0","0","0","0","0","0","0","0","0","0","0","0","0","0","0","0","0","0","0","0","0","0","0","0","0","0","0","0","0","0","0","0","0","0","0","0","0","0","0","0","0","0","0","0","0","0","0","0","0","0","0","0","0","0","0","0","0","0","0","0","0","0","0","0","0","0","0","0","0","0","0","0","0","0","0","0","0","0","0","0","0","0","0","0","0","0","0","0","0","0","0","0","38603","0","0","13977","0","0","306823","0"
"Brazil","2021-01-24","0","0","22410","0","47621","0","79134","0","1401","0","2101","701","0","0","0","0","0","0","0","0","0","0","0","0","0","0","0","0","0","0","0","0","0","0","0","0","0","0","0","0","0","0","0","0","0","0","0","0","0","0","0","0","0","0","0","0","0","0","0","0","0","0","0","0","0","0","0","0","0","0","0","0","0","0","0","0","0","0","0","0","0","0","0","0","0","0","0","0","0","0","0","0","0","0","0","0","0","0","0","0","0","0","0","0","0","0","0","0","0","0","0","0","0","0","0","0","0","0","0","0","0","0","0","0","0","150565","0","3502","0","0","701","0","7704","1401","0","0","0","0","0","0","0","0","0","0","0","0","0","0","0","25912","701","0","0","0","0","0","0","0","0","0","0","0","0","0","0","0","0","0","0","0","0","0","0","0","0","0","0","0","0","0","0","0","0","0","0","0","0","0","0","0","0","0","0","0","0","0","0","0","0","0","0","0","0","0","0","0","0","0","0","0","0","0","0","0","0","0","0","0","0","0","0","0","0","0","0","0","0","0","0","0","0","0","0","0","0","0","0","0","0","0","0","0","0","0","0","0","0","0","0","0","0","0","0","0","0","0","0","0","0","0","0","54624","0","0","14707","0","0","327040","0"
"Brazil","2021-02-07","0","0","8335","0","37504","0","55363","0","1191","0","1191","0","0","0","1191","0","0","0","0","0","0","0","0","0","0","0","0","0","0","0","0","0","0","0","0","0","0","0","0","0","0","0","0","0","0","0","0","0","0","0","0","0","0","0","0","0","0","0","0","0","0","0","0","0","0","0","0","0","0","0","0","0","0","0","0","0","0","0","0","0","0","0","0","0","0","0","0","0","0","0","0","0","0","0","0","0","0","0","0","0","0","0","0","0","0","0","0","0","0","0","0","0","0","0","0","0","0","0","0","0","0","0","0","0","0","202997","1191","0","0","0","0","0","10121","0","0","0","0","2977","0","0","0","0","0","0","0","0","0","0","0","16669","0","0","0","0","0","0","0","0","0","0","0","0","0","0","0","0","0","0","0","0","0","0","0","0","0","0","0","0","0","0","0","0","0","0","0","0","0","0","0","0","0","0","0","0","0","0","0","0","0","0","0","0","0","0","0","0","0","0","0","0","0","0","0","0","0","0","0","0","0","0","0","0","0","0","0","0","0","0","0","0","0","0","0","0","0","0","0","0","0","0","0","0","0","0","0","0","0","0","0","0","0","0","0","0","0","0","0","0","0","0","0","67864","0","0","12502","0","0","259550","0"
"Brazil","2021-02-21","0","0","16948","0","11864","0","28387","0","424","0","0","0","0","0","424","0","0","0","0","0","0","0","0","0","0","0","0","0","0","0","0","0","0","0","0","0","0","0","0","0","0","0","0","0","0","0","0","0","0","0","0","0","0","0","0","0","0","0","0","0","0","0","0","0","0","0","0","0","0","0","0","0","0","0","0","0","0","0","0","0","0","0","0","0","0","0","0","0","0","0","0","0","0","0","0","0","0","0","0","0","0","0","0","0","0","0","0","0","0","0","0","0","0","0","0","0","0","0","0","0","0","0","0","0","424","307594","0","2119","0","0","1695","0","22032","5508","0","0","0","4661","0","0","0","0","0","0","0","0","0","0","0","10169","0","0","0","0","0","0","0","0","0","0","0","0","0","0","0","0","0","0","0","0","0","0","0","0","0","0","0","0","0","0","0","0","0","0","0","0","0","0","0","0","0","0","0","0","0","0","0","0","0","0","0","0","0","0","0","0","0","0","0","0","0","0","0","0","0","0","0","0","0","0","0","0","0","0","0","0","0","0","0","0","0","0","0","0","0","0","0","0","0","0","0","0","0","0","0","0","0","0","0","0","0","0","0","0","0","0","0","0","0","0","0","53808","1695","424","5932","0","0","170745","0"
"Brazil","2021-03-07","0","816","19566","0","6522","0","25273","0","0","0","0","0","0","1223","0","0","0","0","0","0","0","0","0","0","0","0","0","0","0","0","0","0","0","0","0","0","0","0","0","0","0","0","0","0","0","0","0","0","0","0","0","0","0","0","0","0","0","0","0","0","0","0","0","0","0","0","0","0","0","0","0","0","0","0","0","0","0","0","0","0","0","0","0","0","0","0","0","0","0","0","0","0","0","0","0","0","0","0","0","0","0","0","0","0","0","0","0","0","0","0","0","0","0","0","0","0","0","0","0","0","0","0","0","408","0","545394","408","4484","408","0","4077","0","24458","21604","0","0","0","22827","0","0","0","0","0","0","0","408","1223","0","0","2446","0","0","0","0","0","0","0","0","0","0","0","0","0","0","0","0","0","0","0","0","0","0","0","0","0","0","0","0","0","0","0","0","0","0","0","0","0","0","0","0","0","0","0","0","0","0","0","0","0","0","0","0","0","0","0","0","0","0","0","0","0","0","0","0","0","0","0","0","0","0","0","0","0","0","0","0","0","0","0","0","0","0","0","0","0","0","0","0","0","0","0","0","0","0","0","0","0","0","0","0","0","0","0","0","0","0","0","0","0","0","0","59105","0","0","6522","0","0","107204","0"
"Brazil","2021-03-21","0","405","37199","0","7683","0","10109","0","0","0","0","0","405","1213","0","0","0","0","0","0","0","0","0","0","0","0","0","0","0","0","0","0","0","0","0","0","0","0","0","0","0","0","0","0","0","0","0","0","0","0","0","0","0","0","0","0","0","0","0","0","0","0","0","0","0","0","0","0","0","0","0","0","0","0","0","0","0","0","0","0","0","0","0","0","0","0","0","0","0","0","0","0","0","0","0","0","0","0","0","0","0","0","0","0","0","0","0","0","0","0","0","0","0","0","0","0","0","0","0","0","0","0","0","0","0","637224","0","6065","0","405","4044","0","112000","29112","0","809","0","19408","405","809","0","0","809","0","0","809","0","0","0","405","0","0","0","0","0","0","0","0","0","0","0","0","0","0","0","0","0","0","0","0","0","0","0","0","0","0","0","0","0","0","0","0","0","0","0","0","0","0","0","0","0","0","0","0","0","0","0","0","0","0","0","0","0","0","0","0","0","0","0","0","0","0","0","0","0","0","0","0","0","0","0","0","0","0","0","0","0","0","0","0","0","0","0","0","0","0","0","0","0","0","0","0","0","0","0","0","0","0","0","0","0","0","0","0","0","0","0","0","0","0","0","31538","12130","405","2831","0","0","61863","0"
"Brazil","2021-04-04","0","311","49733","311","3109","0","10258","933","0","0","0","0","0","0","0","0","0","0","0","0","0","0","0","0","0","0","0","0","0","0","0","0","0","0","0","0","0","0","0","0","0","0","0","0","0","0","0","0","0","0","0","0","0","0","0","0","0","0","0","0","0","0","0","0","0","0","0","0","0","0","0","0","0","0","0","0","0","311","0","0","0","0","0","0","0","0","0","0","0","0","0","0","0","0","0","0","0","0","0","0","0","0","0","0","0","0","0","0","0","0","0","0","0","0","0","0","0","0","0","0","0","0","0","0","0","710248","311","5595","0","0","2798","311","115940","7460","0","933","0","9636","0","622","311","311","933","0","0","0","0","0","0","933","0","0","0","0","0","0","0","0","0","0","0","0","0","0","0","0","0","0","0","0","0","0","0","0","0","0","0","0","0","0","0","0","0","0","0","0","0","0","0","0","0","0","0","0","0","0","0","0","0","0","0","0","0","0","0","0","0","0","0","0","0","0","0","0","0","0","0","0","0","0","0","0","0","0","0","0","0","0","0","0","0","0","0","0","0","0","0","0","0","0","0","0","0","0","0","0","0","0","0","0","0","0","0","0","0","0","0","0","0","0","0","16475","13677","1244","622","0","0","32638","0"
"Brazil","2021-04-18","0","231","32459","461","1612","0","4374","691","0","0","231","0","0","691","0","461","0","0","0","0","0","0","0","0","0","231","0","0","0","0","0","0","0","0","0","0","0","0","0","0","0","0","0","0","0","0","0","0","0","0","0","0","0","0","0","0","0","0","0","0","0","0","0","0","0","0","0","0","0","0","0","0","231","0","0","0","0","0","0","0","0","0","0","0","0","0","0","0","0","0","0","0","0","0","0","0","0","0","0","0","0","0","0","0","0","0","0","0","0","0","0","0","0","0","0","0","0","0","0","0","0","0","231","231","0","700730","231","11971","0","0","3223","0","125229","4144","0","2533","0","13582","0","1612","231","1152","2763","0","0","231","0","0","0","691","0","0","0","0","0","0","0","0","0","0","0","0","0","0","0","0","0","0","0","0","0","0","0","0","0","0","0","0","0","0","0","0","0","0","0","0","0","0","0","0","0","0","0","0","0","0","0","0","0","0","0","0","0","0","0","0","0","0","0","0","0","0","0","0","0","0","0","0","0","0","0","0","0","0","0","0","0","0","0","0","0","0","0","0","0","0","0","0","0","0","0","0","0","0","0","0","0","0","0","0","0","0","0","0","0","0","0","0","0","0","0","22330","13352","231","0","0","0","12431","0"
"Brazil","2021-05-02","192","192","18774","0","1533","0","958","958","0","0","0","0","192","0","0","575","0","0","0","0","0","0","0","0","0","0","0","0","0","0","0","0","0","0","0","0","0","0","0","0","0","0","0","0","0","0","0","0","0","0","0","0","0","0","0","0","0","0","0","0","0","0","0","0","0","0","0","0","0","0","0","0","0","0","0","0","0","0","0","0","0","0","0","0","0","0","0","0","0","0","0","0","0","0","0","0","0","0","0","0","0","575","0","0","0","0","0","0","0","0","0","0","0","0","0","0","0","0","0","0","0","0","0","0","0","617434","192","7089","1150","0","1533","192","106897","2299","0","575","0","13219","384","4215","384","2491","7280","0","0","192","0","0","0","1150","0","0","0","0","0","0","0","0","192","0","0","0","0","0","0","0","0","0","0","0","0","0","0","0","0","0","0","0","0","0","0","0","0","0","0","0","0","0","0","0","0","0","0","0","0","0","0","0","0","0","0","0","0","0","0","0","0","0","0","0","0","0","0","0","0","0","0","0","0","0","0","0","0","0","0","0","0","0","0","0","0","0","0","0","0","0","0","0","0","0","0","0","0","0","0","0","0","0","0","0","0","0","0","0","0","0","0","0","0","0","0","8238","9004","192","0","0","0","3449","0"
"Brazil","2021-05-16","0","0","18517","0","469","0","704","938","0","0","0","0","0","235","0","0","0","0","0","0","0","0","0","0","0","0","0","0","0","0","0","0","0","0","0","0","0","0","0","0","0","0","0","0","0","0","0","0","0","0","0","0","0","0","0","0","0","0","0","0","0","0","0","0","0","0","0","0","0","0","0","0","0","0","0","0","0","0","0","0","0","0","0","0","0","0","0","0","0","0","0","0","0","0","0","0","0","0","0","0","0","1876","0","0","0","0","0","0","0","0","0","0","0","0","0","0","0","0","0","0","0","0","0","235","0","669407","1172","8673","2813","469","9610","0","89536","7501","0","1641","0","13360","1876","4923","0","6563","12657","0","469","2344","235","0","0","0","0","0","0","0","0","0","0","0","0","0","0","0","0","0","0","0","0","0","0","0","0","0","0","0","0","0","0","0","0","0","0","0","0","0","0","0","0","0","0","0","0","0","0","0","0","0","0","0","0","0","0","0","0","0","0","0","0","0","0","0","0","0","0","0","0","0","0","0","0","0","0","0","0","0","0","0","0","0","0","0","0","0","0","0","0","0","0","0","0","0","0","0","0","0","0","0","0","0","0","0","0","0","0","0","0","0","0","0","0","0","0","10782","6095","469","0","0","0","469","0"
"Brazil","2021-05-30","0","0","26908","0","1130","0","3199","377","0","0","0","0","0","0","0","377","0","377","0","0","0","0","0","0","0","0","0","0","0","0","0","0","0","0","0","0","0","0","0","0","0","0","189","0","0","0","0","0","0","0","0","0","0","0","189","0","0","0","0","0","0","0","0","0","0","0","0","0","0","0","0","0","0","0","0","0","0","0","0","0","0","0","0","0","0","0","0","0","0","0","0","0","0","0","0","0","0","0","0","0","0","189","0","0","0","0","0","0","0","0","0","0","0","0","0","0","0","0","0","0","0","0","0","565","0","663100","189","9973","377","753","6398","0","92202","2823","0","565","0","9973","3011","9221","753","9033","25027","0","377","1506","1130","0","0","0","0","0","0","0","0","0","0","0","0","0","0","0","0","0","0","0","0","0","0","0","0","0","0","0","0","0","0","0","0","0","0","0","0","0","0","0","0","0","0","0","0","0","0","0","0","0","0","0","0","0","0","0","0","0","0","0","0","0","0","0","0","0","0","0","0","0","0","0","0","0","0","0","0","0","0","0","0","0","0","0","0","0","0","0","0","0","0","0","0","0","0","0","0","0","0","0","0","0","0","0","0","0","0","0","0","0","0","0","0","0","0","7527","6586","377","0","0","0","189","0"
"Brazil","2021-06-13","0","0","27215","0","2333","0","1711","778","0","0","0","0","0","0","0","312","312","4355","0","0","0","0","0","0","0","0","0","0","0","0","0","0","0","0","0","0","0","0","0","0","0","0","0","0","0","0","0","0","0","0","0","0","0","0","0","0","0","0","0","0","0","0","0","0","0","0","0","0","0","0","0","0","0","0","0","0","0","0","0","0","0","0","0","0","0","0","0","0","0","0","0","0","0","0","0","0","0","0","0","0","0","0","0","0","0","0","0","0","0","0","0","0","0","0","0","0","0","0","0","0","0","0","156","1556","0","657658","467","7465","934","156","8243","156","93774","778","156","1867","156","8865","156","7776","156","6221","43388","156","2022","3888","1089","156","0","156","0","0","0","0","0","0","0","0","0","0","0","0","0","0","0","0","0","0","0","0","0","0","0","0","0","0","0","0","0","0","0","0","0","0","0","0","0","0","0","0","0","0","0","0","0","0","0","0","0","0","0","0","0","0","0","0","0","0","0","0","0","0","0","0","0","0","0","0","0","0","0","0","0","0","0","0","0","0","0","0","0","0","0","0","0","0","0","0","0","0","0","0","0","0","0","0","0","0","0","0","0","0","0","0","0","0","0","0","0","0","0","10109","6999","0","0","0","0","0","0"
"Brazil","2021-06-27","0","0","18110","0","1235","0","618","206","0","0","0","0","0","0","0","0","0","12760","0","0","0","0","0","0","0","206","0","0","0","0","0","0","0","0","206","0","0","0","0","0","0","0","0","0","0","0","0","0","0","0","0","412","0","0","206","0","0","0","0","0","0","0","0","0","0","0","0","0","0","0","0","0","0","0","0","0","0","0","0","0","0","0","0","0","0","0","0","618","0","0","0","0","0","0","0","0","0","0","0","0","0","412","0","0","0","0","0","0","0","0","0","0","0","0","0","0","0","0","0","0","0","0","824","6586","0","707510","618","6997","1029","1441","4939","0","106189","1853","0","618","0","8850","0","20168","206","16875","55770","0","3705","6997","1029","618","0","0","0","0","0","0","0","0","0","0","0","0","0","0","0","0","0","0","0","0","0","0","0","0","0","0","0","0","0","0","0","0","0","0","0","0","0","0","0","0","0","0","0","0","0","0","0","0","0","0","0","0","0","0","0","0","0","0","0","0","0","0","0","0","0","0","0","0","0","0","0","0","0","0","0","0","0","0","0","0","0","0","0","0","0","0","0","0","0","0","0","0","0","0","0","0","0","0","0","0","0","0","0","0","0","0","0","0","0","0","0","0","0","9467","4116","618","0","0","0","206","0"
"Brazil","2021-07-11","0","0","7104","0","677","0","226","790","0","0","0","0","0","0","0","339","226","10148","113","0","0","0","0","0","0","113","0","0","0","0","0","0","0","0","226","0","0","0","0","0","0","0","0","0","0","113","0","0","0","0","0","0","113","0","0","0","0","226","0","0","0","0","0","0","0","0","0","0","0","0","0","0","0","0","0","0","0","113","0","113","0","0","0","0","0","0","0","1241","0","0","0","0","0","0","0","0","0","0","0","0","0","113","0","0","0","0","0","0","0","0","0","0","0","226","0","0","0","0","0","0","0","0","677","25369","0","456967","339","3270","451","902","4736","0","60208","1128","226","339","0","6653","113","13417","226","5300","48595","0","3947","7329","226","339","0","0","0","0","0","0","0","0","0","0","0","0","0","0","0","0","0","0","0","0","0","0","0","0","0","0","0","0","0","0","0","0","0","0","0","0","0","0","0","0","0","0","0","0","0","0","0","0","0","0","0","0","0","0","0","0","0","0","0","0","0","0","0","0","0","0","0","0","0","0","0","0","0","0","0","0","0","0","0","0","0","0","0","0","0","0","0","0","0","0","0","0","0","0","0","0","0","0","0","0","0","0","0","0","0","0","0","0","0","0","0","0","0","4398","564","564","0","0","0","226","0"
"Brazil","2021-07-25","0","102","3949","0","1013","0","405","709","0","0","0","0","102","0","0","203","709","16300","0","0","0","0","0","0","0","102","0","0","0","0","0","0","0","0","1114","0","0","0","0","0","102","0","0","0","0","102","0","0","0","0","0","0","0","0","0","203","0","0","0","0","0","203","0","0","0","0","0","0","0","0","203","0","0","0","0","0","102","709","203","304","0","0","0","0","0","0","0","2936","102","304","0","203","203","0","0","0","0","0","0","0","0","304","0","0","0","0","0","0","102","0","0","0","203","102","0","0","0","0","0","0","0","0","2025","41508","0","357979","810","3746","304","2633","4354","304","48899","1114","912","1013","0","3848","0","14883","0","6176","57099","304","5771","4860","102","405","0","102","0","0","0","0","0","0","0","0","0","0","0","0","0","0","0","0","0","0","0","0","0","0","0","0","0","0","0","0","0","0","0","102","0","0","0","0","0","0","0","0","0","0","0","0","0","0","0","0","0","0","0","0","0","0","0","0","0","0","0","0","0","0","0","0","0","0","0","0","0","0","0","0","0","0","0","0","0","0","0","0","0","0","0","0","0","0","0","0","0","0","0","0","0","0","0","0","0","0","0","0","0","0","0","0","0","0","0","0","0","0","0","6379","912","102","0","0","0","1519","0"
"Brazil","2021-08-08","0","164","2541","0","410","0","410","328","0","0","0","0","0","0","0","164","738","15405","0","0","0","0","0","0","0","82","0","0","0","0","0","82","246","0","164","0","0","0","164","82","0","82","0","0","0","0","0","164","656","0","0","0","0","410","328","902","0","164","0","0","656","984","574","0","410","0","0","410","82","0","0","0","0","0","82","0","410","2295","2377","2213","0","0","0","164","0","0","0","6637","246","0","0","984","82","0","82","0","0","0","82","0","0","328","0","0","0","0","0","0","82","0","0","0","82","0","0","0","0","0","0","82","0","164","6064","96441","0","203861","82","2704","328","2131","4589","0","29006","820","0","738","164","2786","0","11881","0","3278","57684","0","4097","3278","0","410","0","0","0","0","0","0","0","0","0","0","0","0","0","0","0","0","0","0","0","0","0","0","0","0","0","0","0","0","0","0","0","0","0","0","0","0","0","0","0","0","0","0","0","0","0","0","0","0","0","0","0","0","0","0","0","0","0","0","0","0","0","0","0","0","0","0","0","0","0","0","0","0","0","0","0","0","0","0","0","0","0","0","0","0","0","0","0","0","0","0","0","0","0","0","0","0","0","0","0","0","0","0","0","0","0","0","0","0","0","0","0","0","0","2704","410","0","0","0","0","82","0"
"Brazil","2021-08-22","79","0","946","0","709","0","0","79","0","0","0","0","0","79","158","631","867","22290","158","0","0","0","0","0","0","788","0","237","79","0","0","0","158","0","867","0","0","0","79","79","79","0","0","0","79","0","0","0","631","0","0","0","0","79","158","1497","0","79","0","0","0","867","2993","0","1733","394","0","0","79","0","237","0","0","0","0","0","867","4647","2363","5120","0","0","0","316","0","394","0","13075","79","79","0","1497","316","0","0","0","0","0","0","0","0","394","0","0","0","0","0","79","0","0","0","0","0","0","0","0","79","79","79","316","0","237","10476","170283","0","83567","0","709","79","867","1812","79","5120","473","0","158","0","1024","0","12445","0","6223","36231","0","3387","1891","158","158","237","0","0","0","0","0","0","0","0","0","0","0","0","0","0","0","0","0","0","0","0","0","0","0","0","0","0","0","0","0","0","0","0","0","0","0","0","0","0","0","0","0","0","0","0","0","0","0","0","0","0","0","0","0","0","0","0","0","0","0","0","0","0","0","0","0","0","0","0","0","0","0","0","0","0","0","0","0","0","0","0","0","0","0","0","0","0","0","0","0","0","0","0","0","0","0","0","0","0","0","0","0","0","0","0","0","0","0","0","0","0","0","0","2442","237","0","0","0","0","0","0"
"Brazil","2021-09-05","51","0","252","0","101","0","101","0","0","0","0","0","0","0","0","404","2419","16023","152","152","51","303","0","0","0","1411","0","101","0","0","0","0","0","51","504","51","0","0","51","353","101","51","51","0","51","0","0","0","202","0","0","0","0","152","252","2671","0","404","0","0","51","1714","6903","0","3074","202","0","0","51","0","51","0","0","0","0","51","1008","10027","3628","8415","0","0","0","404","0","252","0","14159","101","101","0","1462","0","51","0","51","0","0","0","51","0","1814","0","0","0","51","51","0","101","0","0","0","51","0","0","0","51","101","0","303","0","504","9070","164658","0","27057","51","101","0","504","202","0","1159","202","0","0","0","252","0","6702","51","2721","22069","0","958","555","0","0","51","0","0","0","0","0","0","0","0","0","0","0","0","0","0","0","0","0","0","0","0","0","0","0","0","0","0","0","0","0","0","0","0","0","0","0","0","0","0","0","0","0","0","0","0","0","0","0","0","0","0","0","0","0","0","0","0","0","0","0","0","0","0","0","0","0","0","0","0","0","0","0","0","0","0","0","0","0","0","0","0","0","0","0","0","0","0","0","0","0","0","0","0","0","0","0","0","0","0","0","0","0","0","0","0","0","0","0","0","0","0","0","0","1714","0","0","0","0","0","0","0"
"Brazil","2021-09-19","0","36","0","0","461","0","0","0","0","0","0","0","0","0","71","249","2800","14355","36","71","36","71","0","71","0","1808","0","0","36","107","0","0","0","0","957","71","0","0","142","107","0","0","0","0","71","0","0","0","284","0","0","0","0","142","0","1560","0","957","0","0","142","1135","7231","0","2978","36","0","0","36","0","107","0","0","0","0","0","1170","8896","2871","5069","0","0","36","249","426","0","0","9853","355","0","36","1383","0","36","71","71","0","0","0","0","0","1028","0","0","0","0","0","0","36","0","0","0","0","36","0","0","71","0","0","213","36","319","7337","124579","0","8329","36","213","0","71","36","36","390","0","0","107","0","178","0","2092","36","816","8967","36","426","213","0","36","0","0","0","0","0","0","0","0","0","0","0","0","0","0","0","0","0","0","0","0","0","0","0","0","0","0","0","0","0","0","0","0","0","0","0","0","0","0","0","0","0","0","0","0","0","0","0","0","0","0","0","0","0","0","0","0","0","0","0","0","0","0","0","0","0","0","0","0","0","0","0","0","0","0","0","0","0","0","0","0","0","0","0","0","0","0","0","0","0","0","0","0","0","0","0","0","0","0","0","0","0","0","0","0","0","0","0","0","0","0","0","0","0","1950","36","0","0","0","0","0","0"
"Brazil","2021-10-03","0","45","0","0","267","0","0","0","0","0","0","0","0","0","0","267","4619","16210","223","311","0","223","0","45","0","1821","0","0","45","89","0","0","0","0","533","0","0","0","178","311","0","0","89","0","0","0","0","0","178","0","45","0","0","445","45","1910","0","1866","0","0","134","1599","9904","0","3642","45","45","0","0","0","267","0","0","0","89","0","1954","12390","4086","6706","45","0","533","45","0","267","0","9282","134","0","0","933","45","134","0","0","0","0","0","0","0","445","0","0","45","0","45","0","0","0","0","45","0","0","0","45","45","0","45","0","0","267","5019","127408","0","2931","0","223","0","223","89","0","89","0","89","0","0","89","0","1111","0","800","5640","0","445","267","0","0","0","0","0","0","0","0","0","0","0","0","0","0","0","0","0","0","0","0","0","0","0","0","0","0","0","0","0","0","0","0","0","0","0","0","0","0","0","0","0","0","0","0","0","0","0","0","0","0","0","0","0","0","0","0","0","0","0","0","0","0","0","0","0","0","0","0","0","0","0","0","0","0","0","0","0","0","0","0","0","0","0","0","0","0","0","0","0","0","0","0","0","0","0","0","0","0","0","0","0","0","0","0","0","0","0","0","0","0","0","0","0","0","0","800","0","0","0","0","0","0","0"
"Brazil","2021-10-17","0","33","0","0","66","0","33","0","0","0","0","0","0","0","0","425","3465","16704","131","66","0","0","33","33","33","2060","66","131","164","33","99","0","33","33","1177","0","0","0","164","327","99","66","0","0","0","0","0","0","99","0","0","0","0","131","164","2092","0","2092","33","33","66","850","6178","33","2321","33","0","0","99","66","99","0","0","0","0","0","1471","8630","4184","4446","0","262","164","33","33","33","0","5198","33","33","0","850","0","33","66","0","0","33","0","0","0","883","0","0","0","0","0","33","33","0","0","66","197","33","33","0","0","0","0","0","0","491","5100","100481","0","1046","0","33","0","0","0","0","0","0","0","0","0","0","0","295","0","262","1504","0","33","131","0","0","0","0","0","0","0","0","0","0","0","0","0","0","0","0","0","0","0","0","0","0","0","0","0","0","0","0","0","0","0","0","0","0","0","0","0","0","0","0","0","0","0","0","0","0","0","0","0","0","0","0","0","0","0","0","0","0","0","0","0","0","0","0","0","0","0","0","0","0","0","0","0","0","0","0","0","0","0","0","0","0","0","0","0","0","0","0","0","0","0","0","0","0","0","0","0","0","0","0","0","0","0","0","0","0","0","0","0","0","0","0","0","0","0","785","0","0","0","0","0","0","0"
"Brazil","2021-10-31","0","0","0","0","0","0","0","0","0","0","0","0","0","0","0","126","3095","16226","42","42","0","0","0","168","84","1966","42","0","84","0","42","0","0","42","1757","0","0","0","377","586","0","0","84","42","42","0","0","0","293","0","0","0","0","753","377","1297","0","2677","0","0","168","628","6440","0","1506","0","0","0","42","0","126","0","0","0","0","0","837","11082","4726","3262","0","586","920","84","0","0","0","3722","0","42","0","1255","42","0","0","0","0","0","0","0","0","1171","42","0","0","0","0","0","0","0","0","0","544","0","84","126","0","0","0","0","0","210","4015","91664","0","210","0","42","0","0","42","0","0","42","0","0","0","0","0","0","0","377","795","168","168","0","0","0","0","0","0","0","0","0","0","0","0","0","0","0","0","0","0","0","0","0","0","0","0","0","0","0","0","0","0","0","0","0","0","0","0","0","0","0","0","0","0","0","0","0","0","0","0","0","0","0","0","0","0","0","0","0","0","0","0","0","0","0","0","0","0","0","0","0","0","0","0","0","0","0","0","0","0","0","0","0","0","0","0","0","0","0","0","0","0","0","0","0","0","0","0","0","0","0","0","0","0","0","0","0","0","0","0","0","0","0","0","0","0","0","0","502","0","0","0","0","0","0","0"
"Brazil","2021-11-14","0","30","0","0","30","0","0","0","0","0","0","0","0","0","0","118","2898","13959","205","0","0","59","88","30","0","1347","0","30","30","59","410","0","0","0","1727","0","0","0","293","322","0","0","0","0","0","0","0","0","147","30","0","30","0","235","176","293","0","3044","0","0","176","1873","8399","0","1698","30","0","0","30","0","147","59","0","0","0","0","264","10477","6819","4712","0","1376","293","59","0","59","0","2985","322","30","0","322","0","0","0","0","30","0","30","0","0","615","0","0","0","0","0","0","0","0","0","0","1230","0","59","0","0","0","30","0","0","205","4039","74447","0","176","0","0","0","0","0","0","59","0","0","0","0","0","0","59","0","205","88","30","0","0","0","0","0","0","0","0","0","0","0","0","0","0","0","0","0","0","0","0","0","0","0","0","0","0","0","0","0","0","0","0","0","0","0","0","0","0","0","0","0","0","0","0","0","0","0","0","0","0","0","0","0","0","0","0","0","0","0","0","0","0","0","0","0","0","0","0","0","0","0","0","0","0","0","0","0","0","0","0","0","0","0","0","0","0","0","0","0","0","0","0","0","0","0","0","0","0","0","0","0","0","0","0","0","0","0","0","0","0","0","0","0","0","0","0","0","352","0","0","0","0","0","59","0"
"Brazil","2021-11-28","0","0","0","0","92","0","0","0","0","0","0","0","0","0","0","399","2329","12718","31","62","0","31","0","62","31","828","0","0","31","0","276","0","0","0","2084","31","0","0","368","675","0","0","31","0","31","0","0","0","31","0","0","31","0","92","184","154","0","1471","0","0","123","1686","7845","31","675","62","0","0","184","0","154","0","0","0","0","0","368","10328","3739","3923","0","1533","552","184","31","31","0","2513","123","0","0","399","0","0","0","0","0","0","0","0","0","613","0","31","0","0","0","0","0","0","0","0","460","0","0","0","0","31","0","0","0","31","2636","61657","0","184","0","0","0","0","62","0","31","0","0","0","0","0","0","0","0","184","92","0","0","0","0","0","0","0","62","31","0","0","0","0","0","0","0","0","0","0","0","0","0","0","31","0","0","0","0","0","0","31","0","0","0","0","0","0","0","0","0","0","0","31","0","0","0","0","0","0","0","0","0","0","0","0","0","0","0","0","0","0","0","0","0","0","0","0","0","0","0","0","0","0","0","0","0","0","0","0","0","0","0","0","0","0","31","0","0","0","0","0","0","0","0","0","0","0","0","0","0","0","0","0","0","0","0","0","0","0","0","0","0","0","0","0","0","0","0","583","0","0","0","0","0","0","0"
"Brazil","2021-12-12","0","0","0","0","0","0","0","0","0","0","0","0","0","0","0","96","1302","10218","64","64","0","32","0","0","0","1048","64","32","32","0","254","32","0","64","3174","0","32","32","572","0","32","159","0","0","32","0","64","0","159","0","0","0","0","64","223","191","0","1460","0","0","64","1492","5903","0","794","96","0","0","254","0","350","127","96","0","0","32","159","9552","3523","5427","32","1904","730","254","159","0","32","1714","64","0","0","127","0","0","0","0","0","0","0","0","0","350","0","0","32","0","0","32","0","32","0","0","635","0","64","0","0","0","0","0","0","223","2444","48455","0","223","0","0","0","0","0","0","0","0","0","0","0","0","0","0","0","0","32","0","0","32","0","32","0","0","1302","889","64","0","0","0","0","0","0","0","0","0","0","0","0","0","96","318","0","0","0","0","0","32","0","32","64","64","0","0","0","0","0","0","0","0","0","0","0","0","0","0","0","0","0","0","0","0","0","0","0","0","0","0","0","0","0","0","0","0","0","0","0","0","0","0","0","0","0","0","0","0","0","0","0","0","0","0","0","0","0","0","0","0","0","0","0","0","0","0","0","0","0","0","0","0","0","0","0","0","0","0","0","0","0","0","0","0","0","0","0","318","0","0","0","0","0","0","0"
"Brazil","2021-12-26","0","0","0","0","18","0","0","0","0","0","0","0","0","0","0","90","466","2686","36","54","0","0","0","0","0","341","0","18","0","18","18","18","0","0","699","0","0","0","72","0","0","18","0","0","0","0","0","0","36","0","0","0","0","54","54","126","18","394","0","0","18","466","1648","0","144","18","0","0","36","0","36","0","0","18","18","0","162","4028","609","1862","18","341","162","0","0","0","0","627","18","54","0","18","0","0","0","0","0","0","0","0","18","72","0","18","0","0","18","0","36","0","0","0","323","0","36","0","0","0","0","0","0","108","931","14698","0","394","0","18","0","0","18","0","0","0","0","0","0","0","0","0","0","0","0","0","0","0","0","0","0","0","8504","3617","72","18","0","0","0","144","36","0","0","0","0","0","36","18","645","1773","269","591","0","0","0","126","0","126","0","36","36","90","18","0","0","0","376","0","0","0","0","0","0","0","0","0","0","0","0","0","0","0","0","0","0","0","0","0","0","0","0","0","0","0","0","0","0","0","0","0","0","0","0","0","0","0","0","0","0","0","0","0","0","0","0","0","0","0","0","0","0","0","0","0","0","0","0","0","0","0","0","0","0","0","0","0","0","0","0","0","0","0","0","1021","0","0","0","0","36","0","0"
"Brazil","2022-01-09","0","0","0","0","32","0","0","0","0","0","0","0","0","0","0","96","0","1214","32","32","0","0","0","32","0","0","0","0","0","0","0","0","0","0","416","0","0","0","32","32","0","0","0","0","0","0","0","0","0","0","0","0","0","0","96","64","0","0","0","0","0","320","735","0","0","0","0","0","0","0","0","32","0","0","0","0","192","2491","288","320","32","128","192","64","32","0","0","192","32","0","0","0","0","0","0","0","0","0","0","0","0","32","0","0","0","0","0","0","0","0","0","0","288","0","0","0","0","0","0","0","0","0","607","10057","0","862","0","0","0","0","32","0","0","0","0","0","0","0","0","0","0","0","0","0","0","0","0","0","0","0","119718","58391","2554","32","0","0","32","3416","2491","0","160","32","0","0","0","352","14271","19602","5013","18102","160","0","0","2523","0","4853","384","32","575","128","0","0","32","32","7152","160","0","0","0","0","0","0","0","0","0","0","0","0","0","0","0","0","0","0","0","0","0","0","0","0","0","0","0","0","0","0","0","0","0","0","0","0","0","0","0","0","0","0","0","0","0","0","0","0","0","0","0","0","0","0","0","0","0","0","0","0","0","0","0","0","0","0","0","0","0","0","0","0","0","0","0","6737","0","0","0","0","0","0","0"
"Brazil","2022-01-23","0","0","0","0","153","0","0","0","0","0","0","0","0","0","0","457","0","609","0","153","0","0","0","0","0","305","0","0","0","0","0","0","0","0","305","0","0","0","0","0","0","0","0","0","0","0","0","0","0","0","0","0","0","0","153","0","0","0","0","0","0","0","305","0","0","0","0","0","0","0","0","0","0","0","0","0","0","1827","0","0","0","0","609","0","0","0","0","153","0","0","0","0","0","0","0","0","0","0","0","0","0","0","0","0","0","0","0","0","0","0","153","0","153","0","0","0","0","0","0","0","0","0","609","7609","0","0","0","0","0","0","0","0","0","0","0","0","0","0","0","0","0","0","0","0","0","0","0","0","0","0","606407","408279","22218","0","153","153","305","19935","18109","0","1066","153","0","153","0","1066","64217","127673","26174","84152","305","0","1066","11870","0","52348","1522","761","914","153","0","153","153","0","20392","7913","0","0","0","0","0","0","0","0","0","0","0","0","0","0","0","0","0","0","0","0","0","0","0","0","0","0","0","0","0","0","0","0","0","0","0","0","0","0","0","0","0","0","0","0","0","0","0","0","0","0","0","0","0","0","0","0","0","0","0","0","0","0","0","0","0","153","0","0","0","0","0","0","0","0","0","33783","0","0","0","0","0","0","0"
"Brazil","2022-02-06","0","0","0","0","264","0","528","0","0","0","0","0","0","0","0","264","0","264","0","0","0","0","0","0","0","0","0","0","0","0","0","0","0","0","264","0","0","0","0","0","0","0","0","0","0","0","0","0","0","0","0","0","0","0","0","0","0","0","0","0","0","0","0","0","0","0","0","0","0","0","264","0","0","0","0","0","264","528","0","0","0","0","0","0","0","0","0","0","0","0","0","0","0","0","0","0","0","0","0","0","0","0","0","0","0","0","0","0","0","0","0","0","0","0","0","0","0","0","0","0","0","0","0","3694","0","0","0","0","0","0","0","0","0","0","0","0","0","0","0","0","0","0","0","0","0","0","0","0","0","0","949306","651956","39841","264","792","0","264","27704","15040","792","3167","264","264","0","264","11082","118730","234557","51978","160153","1320","0","264","20053","264","69391","6860","792","2639","528","0","0","0","0","55144","12137","0","264","0","0","0","0","0","0","0","0","0","0","0","0","0","0","0","0","0","0","0","0","0","0","0","0","0","0","0","0","0","0","0","0","0","0","0","0","0","0","0","0","264","0","0","0","0","0","0","0","0","0","0","0","0","0","0","0","0","0","0","0","0","0","0","264","0","0","0","0","0","0","0","0","0","49075","0","0","0","0","0","0","0"
"Brazil","2022-02-20","272","0","0","0","0","0","0","0","0","0","0","0","0","0","0","0","0","0","0","0","0","0","0","0","0","0","0","0","0","0","0","0","0","0","272","0","0","0","0","0","0","0","0","0","0","0","0","0","0","0","0","0","0","0","0","0","0","0","0","0","0","0","0","0","0","0","0","0","0","0","0","0","0","0","0","0","0","272","0","0","0","0","0","0","0","0","0","0","0","0","0","0","0","0","0","0","0","0","0","0","0","0","0","0","0","0","0","0","0","0","0","0","0","0","0","0","0","0","0","0","0","0","0","1360","0","272","0","0","0","0","0","0","0","0","0","0","0","0","0","0","0","0","0","0","0","0","0","0","0","0","592152","456213","41870","0","0","0","272","28548","2176","272","2991","0","0","0","0","4894","83195","193850","26645","100596","544","0","272","19576","0","23654","2176","272","1632","0","0","816","0","0","28276","28276","272","272","0","0","0","0","0","0","0","0","0","0","1360","0","0","0","0","0","272","0","0","0","0","0","0","0","0","0","0","0","0","0","0","0","0","0","0","0","0","0","0","0","272","0","0","0","0","0","272","0","0","0","0","0","0","0","0","0","0","0","0","0","0","0","0","0","0","0","0","0","0","0","0","0","0","27460","0","0","0","0","0","0","0"
"Brazil","2022-03-06","0","0","0","0","0","0","0","0","0","0","0","0","0","0","0","0","0","0","0","0","0","0","0","0","0","0","0","0","0","0","0","0","0","0","0","0","0","0","0","0","0","0","0","0","0","0","0","0","0","0","0","0","0","0","0","0","0","0","0","0","0","0","0","0","0","0","0","0","0","0","0","0","0","0","0","0","0","0","0","0","0","0","0","0","0","0","0","230","0","0","0","0","0","0","0","0","0","0","0","0","0","0","0","0","0","0","0","0","0","0","0","0","0","0","0","0","0","0","0","0","0","0","0","1607","0","0","0","0","0","0","0","0","0","0","0","0","0","0","0","0","0","0","0","0","0","0","0","0","0","0","248246","287938","23173","230","0","0","0","22944","1148","0","0","230","0","0","0","2065","32350","74566","10096","43363","459","0","459","10096","0","9407","1377","0","1607","230","0","230","0","0","10325","37169","230","0","0","0","0","0","0","0","230","0","0","0","1607","0","0","0","0","0","0","0","0","0","0","0","0","0","0","0","0","0","0","0","0","0","0","230","0","0","0","0","0","0","230","0","0","0","0","0","230","0","0","0","0","0","0","0","0","0","0","0","0","0","0","0","0","0","0","0","0","0","0","0","0","0","0","16061","0","0","0","0","0","0","0"
"Brazil","2022-03-20","0","0","0","0","0","0","0","0","0","0","0","0","0","0","0","0","0","0","0","0","0","0","0","0","0","0","0","0","0","0","0","0","0","0","0","0","0","0","0","0","0","0","0","0","0","0","0","0","0","0","0","0","0","0","0","0","0","0","0","0","0","0","0","0","0","0","0","0","0","0","0","0","0","0","0","0","0","0","0","0","0","0","0","0","0","0","0","220","0","0","0","0","0","0","0","0","0","0","0","0","0","0","0","0","0","0","0","0","0","0","0","0","0","0","0","0","0","0","0","0","0","0","0","440","0","0","0","0","0","0","0","0","0","0","0","0","0","0","0","0","0","0","0","0","0","0","0","0","0","0","138350","190616","15812","0","0","0","0","16910","0","659","0","0","0","0","0","879","18886","57976","8785","25694","0","0","0","9663","0","6149","879","0","0","440","0","220","0","0","3514","67638","659","659","220","0","0","0","0","0","0","0","0","220","1977","0","0","0","0","0","0","0","0","0","0","0","0","0","0","0","0","0","220","0","0","0","0","0","0","0","0","0","0","220","4173","0","0","0","0","0","0","0","220","0","0","0","0","0","0","0","0","0","0","0","0","0","0","0","0","0","0","0","0","0","0","0","0","8345","0","0","0","659","0","0","0"
"Brazil","2022-04-03","0","0","0","0","0","0","0","0","0","0","0","0","0","0","0","0","0","0","0","0","0","0","0","0","0","0","0","0","0","0","0","0","0","0","0","0","0","0","0","0","0","0","0","0","0","0","0","0","0","0","0","0","0","0","0","0","0","0","0","0","0","0","0","0","0","0","0","0","0","0","0","0","0","0","0","0","0","0","0","0","0","0","0","0","0","0","0","0","0","0","0","0","0","0","0","0","0","0","0","0","0","0","0","0","0","0","0","0","0","0","0","0","0","0","0","0","0","0","0","0","0","0","0","0","0","0","0","0","0","0","0","0","0","0","0","0","0","0","0","0","0","0","0","0","0","0","0","0","0","0","42545","93880","5275","704","0","0","0","15823","0","0","0","0","0","0","0","0","3165","20745","1759","9142","0","352","0","6329","0","8439","0","0","0","0","0","0","0","0","0","133261","704","1407","0","352","0","352","0","0","0","0","0","1055","1407","0","0","0","0","0","0","0","0","352","0","0","0","0","0","0","0","0","352","0","0","0","0","0","0","0","0","0","0","352","4923","0","0","0","0","0","0","0","0","0","0","0","0","0","0","0","0","0","0","0","0","0","0","0","0","0","0","0","0","0","0","0","0","12307","0","0","0","0","0","0","0"
"Brazil","2022-04-17","0","0","0","0","174","0","0","0","0","0","0","0","0","0","0","0","0","0","0","0","0","0","0","0","0","0","0","0","0","0","0","0","0","0","0","0","0","0","0","0","0","0","0","0","0","0","0","0","0","0","0","0","0","0","0","0","0","0","0","0","0","0","0","0","0","0","0","0","0","0","0","0","0","0","0","0","0","0","0","0","0","0","0","0","0","0","0","0","0","0","0","0","0","0","0","0","0","0","0","0","0","0","0","0","0","0","0","0","0","0","0","0","0","0","0","0","0","0","0","0","0","0","0","0","0","0","0","0","0","0","0","0","0","0","0","0","0","0","0","0","0","0","0","0","0","0","0","0","0","0","11939","32873","1558","0","0","0","0","4326","174","0","0","0","0","0","0","0","1039","3980","174","2077","0","0","0","174","0","0","0","0","174","0","0","0","0","0","174","156925","693","1904","0","0","866","347","0","0","0","0","0","2942","2942","174","174","0","0","0","0","0","174","1039","174","0","0","0","0","174","0","0","3461","0","174","0","0","520","0","0","0","0","0","0","11592","0","0","0","0","0","174","0","0","0","0","0","0","0","0","0","0","0","0","0","0","0","0","0","0","0","0","0","0","0","0","0","0","6575","0","0","0","0","0","0","0"
"Brazil","2022-05-01","0","0","0","0","0","0","0","0","0","0","0","0","0","0","0","0","0","0","0","0","0","0","0","0","0","0","0","0","0","0","0","0","0","0","0","0","0","0","0","0","0","0","0","0","0","0","0","0","0","0","0","0","0","0","0","0","0","0","0","0","0","0","0","0","0","0","0","0","0","0","0","0","0","0","0","0","0","0","0","0","0","0","0","0","0","0","0","0","0","0","0","0","0","0","0","0","0","0","0","0","0","0","0","0","0","0","0","0","0","0","0","0","0","0","0","0","0","0","0","0","0","0","0","248","0","0","0","0","0","0","0","0","0","0","0","0","0","0","0","0","0","0","0","0","0","0","0","0","0","0","3954","12603","1236","0","0","0","0","742","0","0","0","0","0","0","0","0","248","2719","0","989","0","0","0","248","0","248","0","0","0","0","0","0","0","0","742","132693","248","1236","0","0","1236","0","248","0","0","248","0","1483","3213","0","0","0","0","0","0","0","248","2719","0","0","0","0","0","0","0","0","7661","0","0","0","0","495","0","0","0","0","0","989","10626","0","495","0","248","0","0","0","0","0","0","0","0","0","0","0","0","0","0","0","0","0","0","0","0","0","0","0","0","0","0","0","0","13591","0","0","0","248","0","0","0"
"Brazil","2022-05-15","0","0","0","0","0","0","0","0","0","0","0","0","0","0","0","0","0","0","0","0","0","0","0","0","0","0","0","0","0","0","0","0","0","0","0","0","0","0","0","0","0","0","0","0","0","0","0","0","0","0","0","0","0","0","0","0","0","0","0","0","0","0","0","0","0","0","0","0","0","0","0","0","0","0","0","0","0","0","0","0","0","0","0","0","0","0","0","0","0","0","0","0","0","0","0","0","0","0","0","0","0","0","0","0","0","0","0","0","0","0","0","0","0","0","0","0","0","0","0","0","0","0","0","0","0","0","0","0","0","0","0","0","0","0","0","0","0","0","0","0","0","0","0","0","0","0","0","0","0","0","7553","14712","866","0","0","0","0","315","0","0","79","0","0","0","0","0","1653","1259","630","4957","0","0","0","79","0","158","0","0","0","0","0","0","0","0","315","137597","394","394","0","79","4878","237","0","79","0","0","158","2125","3226","0","79","866","79","79","0","0","787","1181","79","0","158","709","473","473","158","0","7868","315","0","79","0","0","0","0","79","158","0","3462","14633","158","3069","0","0","1102","945","0","0","0","158","1889","0","0","0","158","2597","0","0","79","0","0","0","0","0","0","0","0","0","0","0","0","79","10228","0","0","0","0","0","0","0"
"Brazil","2022-05-29","0","0","0","0","0","0","0","0","0","0","0","0","0","0","0","0","0","0","0","0","0","0","0","0","0","0","0","0","0","0","0","0","0","0","0","0","0","0","0","0","0","0","0","0","0","0","0","0","0","0","0","0","0","0","0","0","0","0","0","0","0","0","0","0","0","0","0","0","0","0","0","0","0","0","0","0","0","0","0","0","0","0","0","0","0","0","0","0","0","0","0","0","0","0","0","0","0","0","0","0","0","0","0","0","0","0","0","0","0","0","0","0","0","0","0","0","0","0","0","0","0","0","0","0","0","0","0","0","0","0","0","0","0","0","0","0","0","0","0","0","0","0","0","0","0","0","0","0","0","0","5873","8964","722","0","0","0","0","0","0","0","0","0","0","0","104","0","1443","928","825","4225","0","0","0","0","0","0","0","0","0","0","0","0","0","0","104","145473","207","104","0","207","7418","413","0","0","0","0","0","4637","5770","0","104","722","104","0","0","104","413","619","0","104","0","310","207","104","0","0","11230","0","0","0","207","207","0","0","619","310","0","8758","11333","0","1134","0","0","2782","3297","0","0","0","207","8140","0","0","0","413","5873","0","0","0","0","0","0","0","104","0","0","0","0","0","0","0","0","20400","0","0","0","0","0","0","0"
"Brazil","2022-06-12","0","0","0","0","0","0","0","0","0","0","0","0","0","0","0","0","0","0","0","0","0","0","0","0","0","0","0","0","0","0","0","0","0","0","0","0","0","0","0","0","0","0","0","0","0","0","0","0","0","0","0","0","0","0","0","0","0","0","0","0","0","0","0","0","0","0","0","0","0","0","0","0","0","0","0","0","0","0","0","0","0","0","0","0","0","0","0","0","0","0","0","0","0","0","0","0","0","0","0","0","0","0","0","0","0","0","0","0","0","0","0","0","0","0","0","0","0","0","0","0","0","0","0","0","0","0","0","0","0","0","0","0","0","0","0","0","0","0","0","0","0","0","0","0","0","0","0","0","0","0","544","1738","544","0","0","0","0","0","0","0","0","0","0","0","0","0","0","0","109","109","0","0","0","0","0","0","0","0","0","0","0","0","0","0","0","180180","761","109","0","109","15749","1087","0","0","0","0","0","6734","9232","0","218","435","109","109","0","0","761","544","0","109","0","869","1847","435","0","109","29542","109","0","109","0","761","218","0","109","544","218","21939","16617","218","5431","109","0","44529","17812","0","326","0","2824","48114","0","0","0","1630","52458","0","0","0","109","218","218","109","0","0","109","0","0","0","544","0","0","35841","0","0","0","0","0","0","0"
"Brazil","2022-06-26","0","0","0","0","152","0","0","0","0","0","0","0","0","0","0","0","0","0","0","0","0","0","0","0","0","0","0","0","0","0","0","0","0","0","0","0","0","0","0","0","0","0","0","0","0","0","0","0","0","0","0","0","0","0","0","0","0","0","0","0","0","0","0","0","0","0","0","0","0","0","0","0","0","0","0","0","0","0","0","0","0","0","0","0","0","0","0","0","0","0","0","0","0","0","0","0","0","0","0","0","0","0","0","0","0","0","0","0","0","0","0","0","0","0","0","0","0","0","0","0","0","0","152","0","0","0","0","0","0","0","0","0","0","0","0","0","0","0","0","0","0","0","0","0","0","0","0","0","0","0","456","1368","0","0","0","0","0","0","0","0","0","0","0","0","0","0","0","304","0","0","0","0","0","0","0","0","0","0","0","0","0","0","0","0","0","81617","608","0","0","0","14287","304","0","152","0","0","0","3192","5016","0","0","0","0","152","0","0","1368","0","0","0","0","152","1216","0","0","0","17327","0","0","152","0","152","152","152","0","0","0","14895","10184","152","3344","0","0","76450","42101","0","1368","0","6536","104567","152","608","0","10488","110191","0","0","0","304","1216","152","0","304","456","152","152","0","456","0","152","0","53500","0","0","0","0","0","0","0"
"Brazil","2022-07-10","0","0","0","0","0","0","0","0","0","0","0","0","0","0","0","0","0","0","0","0","0","0","0","0","0","0","0","0","0","0","0","0","0","0","0","0","0","0","0","0","0","0","0","0","0","0","0","0","0","0","0","0","0","0","0","0","0","0","0","0","0","0","0","0","0","0","0","0","0","0","0","0","0","0","0","0","0","0","0","0","0","0","0","0","0","0","0","0","0","0","0","0","0","0","0","0","0","0","0","0","0","0","0","0","0","0","0","0","0","0","0","0","0","0","0","0","0","0","0","0","0","0","0","0","0","0","0","0","0","0","0","0","0","0","0","0","0","0","0","0","0","0","0","0","0","0","0","0","0","0","159","318","0","0","0","0","0","0","0","0","0","0","0","0","0","0","0","0","0","0","0","0","0","0","0","0","0","0","0","0","0","0","0","0","0","36150","159","0","0","318","6501","476","0","318","0","0","0","1903","952","0","0","0","0","0","0","0","952","0","159","0","0","318","1269","0","0","159","12843","159","0","0","0","0","0","0","0","0","0","6184","2696","0","2696","0","0","129219","47090","952","5867","0","16490","192164","0","1745","159","35516","289831","0","159","0","952","4440","2220","0","635","476","2537","318","0","318","318","159","0","67068","0","0","0","0","0","0","0"
"Brazil","2022-07-24","0","0","0","0","0","0","0","0","0","0","0","0","0","0","0","0","0","0","0","0","0","0","0","0","0","0","0","0","0","0","0","0","0","0","0","0","0","0","0","0","0","0","0","0","0","0","0","0","0","0","0","0","0","0","0","0","0","0","0","0","0","0","0","0","0","0","0","0","0","0","0","0","0","0","0","0","0","0","0","0","0","0","0","0","0","0","0","0","0","0","0","0","0","0","0","0","0","0","0","0","0","0","0","0","0","0","0","0","0","0","0","0","0","0","0","0","0","0","0","0","0","0","0","0","0","0","0","0","0","0","0","0","0","0","0","0","0","0","0","0","0","0","0","0","0","0","0","0","0","0","896","0","0","0","0","0","0","0","0","0","0","0","0","0","0","0","0","0","299","0","0","299","0","0","0","0","0","0","0","0","0","0","0","0","0","15827","0","0","0","0","2688","0","0","0","0","0","0","1195","0","0","0","0","0","0","0","0","896","0","0","0","0","0","0","0","0","0","8959","0","0","0","0","0","0","0","0","0","0","2987","896","0","1195","0","0","65996","40016","896","10751","0","17918","145131","0","3584","0","14036","291156","299","0","0","896","2987","1792","0","1195","896","896","598","0","299","0","0","0","59426","0","0","0","0","0","0","0"
"Brazil","2022-08-07","0","0","0","0","0","0","0","0","0","0","0","0","0","0","0","0","0","0","0","0","0","0","0","0","0","0","0","0","0","0","0","0","0","0","0","0","0","0","0","0","0","0","0","0","0","0","0","0","0","0","0","0","0","0","0","0","0","0","0","0","0","0","0","0","0","0","0","0","0","0","0","0","0","0","0","0","0","0","0","0","0","0","0","0","0","0","0","0","0","0","0","0","0","0","0","0","0","0","0","0","0","0","0","0","0","0","0","0","0","0","0","0","0","0","0","0","0","0","0","0","0","0","0","0","0","0","0","0","0","0","0","0","0","0","0","0","0","0","0","0","0","0","0","0","0","0","0","0","0","0","305","0","0","0","0","0","0","305","0","0","0","0","0","0","0","0","0","0","0","305","0","0","0","0","0","0","0","0","0","0","0","0","0","0","0","7615","0","0","0","0","914","305","0","0","0","0","0","305","0","0","0","0","0","0","0","0","0","0","0","0","0","0","0","0","0","0","1523","0","0","0","0","0","0","0","0","0","0","3046","0","0","0","0","0","28326","14011","0","10051","0","16143","89241","305","1828","0","9442","198584","305","0","914","305","610","1828","0","3046","0","0","610","0","914","0","0","0","35940","0","0","0","0","0","0","0"
"Brazil","2022-08-21","0","0","0","0","0","0","0","0","0","0","0","0","0","0","0","0","0","0","0","0","0","0","0","0","0","0","0","0","0","0","0","0","0","0","0","0","0","0","0","0","0","0","0","0","0","0","0","0","0","0","0","0","0","0","0","0","0","0","0","0","0","0","0","0","0","0","0","0","0","0","0","0","0","0","0","0","0","0","0","0","0","0","0","0","0","0","0","0","0","0","0","0","0","0","0","0","0","0","0","0","0","0","0","0","0","0","0","0","0","0","0","0","0","0","0","0","0","0","0","0","0","0","0","0","0","0","0","0","0","0","0","0","0","0","0","0","0","0","0","0","0","0","0","0","0","0","0","0","0","0","0","0","0","0","0","0","0","0","0","0","0","0","0","0","0","0","0","301","0","0","0","0","0","0","0","0","0","0","0","0","0","0","0","0","0","3903","0","0","0","0","301","0","0","0","0","0","0","0","0","0","0","0","0","0","0","0","0","0","0","0","0","0","0","0","0","0","601","0","0","0","0","0","0","0","0","0","0","0","301","0","0","0","0","15011","6905","301","9307","601","6605","56739","0","601","0","5704","110475","0","0","301","1201","1802","2702","0","3903","601","601","0","301","0","1201","0","0","15611","0","0","0","0","0","0","0"
"Brazil","2022-09-04","0","0","0","0","0","0","0","0","0","0","0","0","0","0","0","0","0","0","0","0","0","0","0","0","0","0","0","0","0","0","0","0","0","0","0","0","0","0","0","0","0","0","0","0","0","0","0","0","0","0","0","0","0","0","0","0","0","0","0","0","0","0","0","0","0","0","0","0","0","0","0","0","0","0","0","0","0","0","0","0","0","0","0","0","0","0","0","0","0","0","0","0","0","0","0","0","0","0","0","0","0","0","0","0","0","0","0","0","0","0","0","0","0","0","0","0","0","0","0","0","0","0","0","0","0","0","0","0","0","0","0","0","0","0","0","0","0","0","0","0","0","0","0","0","0","0","0","0","0","0","0","0","0","0","0","0","0","0","0","0","0","0","0","0","0","0","0","0","0","0","0","0","0","0","0","0","0","0","0","0","0","0","0","0","0","0","0","0","0","0","0","0","0","0","0","0","0","0","0","0","0","0","0","0","0","0","0","0","0","0","0","0","0","0","0","0","0","0","0","0","0","0","0","0","0","0","0","0","0","0","0","0","0","13122","8202","0","9842","0","1641","54128","0","0","0","8202","63970","0","0","0","0","4921","0","0","0","0","0","0","0","1641","0","0","0","26244","0","0","0","0","0","0","0"
"Brazil","2022-09-18","0","0","0","0","0","0","0","0","0","0","0","0","0","0","0","0","0","0","0","0","0","0","0","0","0","0","0","0","0","0","0","0","0","0","0","0","0","0","0","0","0","0","0","0","0","0","0","0","0","0","0","0","0","0","0","0","0","0","0","0","0","0","0","0","0","0","0","0","0","0","0","0","0","0","0","0","0","0","0","0","0","0","0","0","0","0","0","0","0","0","0","0","0","0","0","0","0","0","0","0","0","0","0","0","0","0","0","0","0","0","0","0","0","0","0","0","0","0","0","0","0","0","0","0","0","0","0","0","0","0","0","0","0","0","0","0","0","0","0","0","0","0","0","0","0","0","0","0","0","0","0","0","0","0","0","0","0","0","0","0","0","0","0","0","0","0","0","0","0","0","0","0","0","0","0","0","0","0","0","0","0","0","0","0","0","0","0","0","0","0","0","0","0","0","0","0","0","0","0","0","0","0","0","0","0","0","0","0","0","0","0","0","0","0","0","0","0","0","0","0","0","0","0","0","0","0","0","0","0","0","0","0","0","0","16099","0","0","0","0","16099","0","0","0","0","48295","0","0","0","0","0","0","0","0","0","0","0","0","0","0","0","0","32197","0","0","0","0","0","0","0"
"Brazil","2022-10-02","0","0","0","0","0","0","0","0","0","0","0","0","0","0","0","0","0","0","0","0","0","0","0","0","0","0","0","0","0","0","0","0","0","0","0","0","0","0","0","0","0","0","0","0","0","0","0","0","0","0","0","0","0","0","0","0","0","0","0","0","0","0","0","0","0","0","0","0","0","0","0","0","0","0","0","0","0","0","0","0","0","0","0","0","0","0","0","0","0","0","0","0","0","0","0","0","0","0","0","0","0","0","0","0","0","0","0","0","0","0","0","0","0","0","0","0","0","0","0","0","0","0","0","0","0","0","0","0","0","0","0","0","0","0","0","0","0","0","0","0","0","0","0","0","0","0","0","0","0","0","0","0","0","0","0","0","0","0","0","0","0","0","0","0","0","0","0","0","0","0","0","0","0","0","0","0","0","0","0","0","0","0","0","0","0","0","0","0","0","0","0","0","0","0","0","0","0","0","0","0","0","0","0","0","0","0","0","0","0","0","0","0","0","0","0","0","0","0","0","0","0","0","0","0","0","0","0","0","0","0","0","0","0","0","0","0","0","0","0","0","0","0","0","0","0","0","0","0","0","0","0","0","0","0","0","0","0","0","0","0","0","0","0","0","0","0","0","0","103827"
"Brazil","2022-10-16","0","0","0","0","0","0","0","0","0","0","0","0","0","0","0","0","0","0","0","0","0","0","0","0","0","0","0","0","0","0","0","0","0","0","0","0","0","0","0","0","0","0","0","0","0","0","0","0","0","0","0","0","0","0","0","0","0","0","0","0","0","0","0","0","0","0","0","0","0","0","0","0","0","0","0","0","0","0","0","0","0","0","0","0","0","0","0","0","0","0","0","0","0","0","0","0","0","0","0","0","0","0","0","0","0","0","0","0","0","0","0","0","0","0","0","0","0","0","0","0","0","0","0","0","0","0","0","0","0","0","0","0","0","0","0","0","0","0","0","0","0","0","0","0","0","0","0","0","0","0","0","0","0","0","0","0","0","0","0","0","0","0","0","0","0","0","0","0","0","0","0","0","0","0","0","0","0","0","0","0","0","0","0","0","0","0","0","0","0","0","0","0","0","0","0","0","0","0","0","0","0","0","0","0","0","0","0","0","0","0","0","0","0","0","0","0","0","0","0","0","0","0","0","0","0","0","0","0","0","0","0","0","0","0","0","0","0","0","0","0","0","0","0","0","0","0","0","0","0","0","0","0","0","0","0","0","0","0","0","0","0","0","0","0","0","0","0","0","73938"
"Brazil","2022-10-30","0","0","0","0","0","0","0","0","0","0","0","0","0","0","0","0","0","0","0","0","0","0","0","0","0","0","0","0","0","0","0","0","0","0","0","0","0","0","0","0","0","0","0","0","0","0","0","0","0","0","0","0","0","0","0","0","0","0","0","0","0","0","0","0","0","0","0","0","0","0","0","0","0","0","0","0","0","0","0","0","0","0","0","0","0","0","0","0","0","0","0","0","0","0","0","0","0","0","0","0","0","0","0","0","0","0","0","0","0","0","0","0","0","0","0","0","0","0","0","0","0","0","0","0","0","0","0","0","0","0","0","0","0","0","0","0","0","0","0","0","0","0","0","0","0","0","0","0","0","0","0","0","0","0","0","0","0","0","0","0","0","0","0","0","0","0","0","0","0","0","0","0","0","0","0","0","0","0","0","0","0","0","0","0","0","0","0","0","0","0","0","0","0","0","0","0","0","0","0","0","0","0","0","0","0","0","0","0","0","0","0","0","0","0","0","0","0","0","0","0","0","0","0","0","0","0","0","0","0","0","0","0","0","0","0","0","0","0","0","0","0","0","0","0","0","0","0","0","0","0","0","0","0","0","0","0","0","0","0","0","0","0","0","0","0","0","0","0","79668"
