"location","date","A (Lineage)","A.23.1","Alpha (WHO VOC)","Alpha - Q.1 (WHO VOC)","Alpha - Q.6 (WHO VOC)","B (Lineage)","B.1.160 - 20A/EU2","B.1.466.2 (WHO FMV)","Delta (WHO VOC)","Delta - AY.102 (WHO VOC)","Delta - AY.104 (WHO VOC)","Delta - AY.110 (WHO VOC)","Delta - AY.112 (WHO VOC)","Delta - AY.114 (WHO VOC)","Delta - AY.121 (WHO VOC)","Delta - AY.122 (WHO VOC)","Delta - AY.16 (WHO VOC)","Delta - AY.28 (WHO VOC)","Delta - AY.29.1 (WHO VOC)","Delta - AY.30 (WHO VOC)","Delta - AY.34.1 (WHO VOC)","Delta - AY.36 (WHO VOC)","Delta - AY.36.1 (WHO VOC)","Delta - AY.37 (WHO VOC)","Delta - AY.39.1 (WHO VOC)","Delta - AY.4 (WHO VOC)","Delta - AY.42 (WHO VOC)","Delta - AY.49 (WHO VOC)","Delta - AY.50 (WHO VOC)","Delta - AY.57 (WHO VOC)","Delta - AY.59 (WHO VOC)","Delta - AY.67 (WHO VOC)","Delta - AY.74 (WHO VOC)","Delta - AY.79 (WHO VOC)","Delta - AY.85 (WHO VOC)","Delta - AY.9 (WHO VOC)","Delta - AY.9.2 (WHO VOC)","Epsilon (WHO VOI)","Omicron - BA.1 (WHO VOC)","Omicron - BA.1.1 (WHO VOC)","Omicron - BA.1.1.1 (WHO VOC)","Omicron - BA.1.1.12 (WHO VOC)","Omicron - BA.1.1.15 (WHO VOC)","Omicron - BA.1.1.17 (WHO VOC)","Omicron - BA.1.1.18 (WHO VOC)","Omicron - BA.1.15 (WHO VOC)","Omicron - BA.1.15.1 (WHO VOC)","Omicron - BA.1.16.1 (WHO VOC)","Omicron - BA.1.17 (WHO VOC)","Omicron - BA.1.17.2 (WHO VOC)","Omicron - BA.1.18 (WHO VOC)","Omicron - BA.1.19 (WHO VOC)","Omicron - BA.1.20 (WHO VOC)","Omicron - BA.2 (WHO VOC)","Omicron - BA.2.10 (WHO VOC)","Omicron - BA.2.10.1 (WHO VOC)","Omicron - BA.2.12.1 (WHO VOC)","Omicron - BA.2.17 (WHO VOC)","Omicron - BA.2.3 (WHO VOC)","Omicron - BA.2.3.2 (WHO VOC)","Omicron - BA.2.32 (WHO VOC)","Omicron - BA.2.38 (WHO VOC)","Omicron - BA.2.56 (WHO VOC)","Omicron - BA.2.64 (WHO VOC)","Omicron - BA.2.65 (WHO VOC)","Omicron - BA.2.73 (WHO VOC)","Omicron - BA.2.75 (WHO VOC)","Omicron - BA.2.9 (WHO VOC)","Omicron - BA.2.9.5 (WHO VOC)","Omicron - BA.4 (WHO VOC)","Omicron - BA.4.1 (WHO VOC)","Omicron - BA.4.6 (WHO VOC)","Omicron - BA.5 (WHO VOC)","Omicron - BA.5.1 (WHO VOC)","Omicron - BA.5.2 (WHO VOC)","Omicron - BA.5.2.1 (WHO VOC)","Omicron - BA.5.3.1 (WHO VOC)","Omicron - BA.5.5 (WHO VOC)","Omicron - BA.5.6 (WHO VOC)","Omicron - BE.1 (WHO VOC)","Omicron - BE.1.1 (WHO VOC)","Omicron - BE.3 (WHO VOC)","Omicron - BF.1 (WHO VOC)","Omicron - BF.5 (WHO VOC)","Other"
"Cambodia","2020-02-09","0,0","0,0","0,0","0,0","0,0","100,0","0,0","0,0","0,0","0,0","0,0","0,0","0,0","0,0","0,0","0,0","0,0","0,0","0,0","0,0","0,0","0,0","0,0","0,0","0,0","0,0","0,0","0,0","0,0","0,0","0,0","0,0","0,0","0,0","0,0","0,0","0,0","0,0","0,0","0,0","0,0","0,0","0,0","0,0","0,0","0,0","0,0","0,0","0,0","0,0","0,0","0,0","0,0","0,0","0,0","0,0","0,0","0,0","0,0","0,0","0,0","0,0","0,0","0,0","0,0","0,0","0,0","0,0","0,0","0,0","0,0","0,0","0,0","0,0","0,0","0,0","0,0","0,0","0,0","0,0","0,0","0,0","0,0","0,0","0,0"
"Cambodia","2020-03-08","0,0","0,0","0,0","0,0","0,0","100,0","0,0","0,0","0,0","0,0","0,0","0,0","0,0","0,0","0,0","0,0","0,0","0,0","0,0","0,0","0,0","0,0","0,0","0,0","0,0","0,0","0,0","0,0","0,0","0,0","0,0","0,0","0,0","0,0","0,0","0,0","0,0","0,0","0,0","0,0","0,0","0,0","0,0","0,0","0,0","0,0","0,0","0,0","0,0","0,0","0,0","0,0","0,0","0,0","0,0","0,0","0,0","0,0","0,0","0,0","0,0","0,0","0,0","0,0","0,0","0,0","0,0","0,0","0,0","0,0","0,0","0,0","0,0","0,0","0,0","0,0","0,0","0,0","0,0","0,0","0,0","0,0","0,0","0,0","0,0"
"Cambodia","2020-03-22","12,5","0,0","0,0","0,0","0,0","87,5","0,0","0,0","0,0","0,0","0,0","0,0","0,0","0,0","0,0","0,0","0,0","0,0","0,0","0,0","0,0","0,0","0,0","0,0","0,0","0,0","0,0","0,0","0,0","0,0","0,0","0,0","0,0","0,0","0,0","0,0","0,0","0,0","0,0","0,0","0,0","0,0","0,0","0,0","0,0","0,0","0,0","0,0","0,0","0,0","0,0","0,0","0,0","0,0","0,0","0,0","0,0","0,0","0,0","0,0","0,0","0,0","0,0","0,0","0,0","0,0","0,0","0,0","0,0","0,0","0,0","0,0","0,0","0,0","0,0","0,0","0,0","0,0","0,0","0,0","0,0","0,0","0,0","0,0","0,0"
"Cambodia","2020-04-05","0,0","0,0","0,0","0,0","0,0","100,0","0,0","0,0","0,0","0,0","0,0","0,0","0,0","0,0","0,0","0,0","0,0","0,0","0,0","0,0","0,0","0,0","0,0","0,0","0,0","0,0","0,0","0,0","0,0","0,0","0,0","0,0","0,0","0,0","0,0","0,0","0,0","0,0","0,0","0,0","0,0","0,0","0,0","0,0","0,0","0,0","0,0","0,0","0,0","0,0","0,0","0,0","0,0","0,0","0,0","0,0","0,0","0,0","0,0","0,0","0,0","0,0","0,0","0,0","0,0","0,0","0,0","0,0","0,0","0,0","0,0","0,0","0,0","0,0","0,0","0,0","0,0","0,0","0,0","0,0","0,0","0,0","0,0","0,0","0,0"
"Cambodia","2020-11-01","0,0","0,0","0,0","0,0","0,0","100,0","0,0","0,0","0,0","0,0","0,0","0,0","0,0","0,0","0,0","0,0","0,0","0,0","0,0","0,0","0,0","0,0","0,0","0,0","0,0","0,0","0,0","0,0","0,0","0,0","0,0","0,0","0,0","0,0","0,0","0,0","0,0","0,0","0,0","0,0","0,0","0,0","0,0","0,0","0,0","0,0","0,0","0,0","0,0","0,0","0,0","0,0","0,0","0,0","0,0","0,0","0,0","0,0","0,0","0,0","0,0","0,0","0,0","0,0","0,0","0,0","0,0","0,0","0,0","0,0","0,0","0,0","0,0","0,0","0,0","0,0","0,0","0,0","0,0","0,0","0,0","0,0","0,0","0,0","0,0"
"Cambodia","2020-11-15","0,0","0,0","0,0","0,0","0,0","0,0","100,0","0,0","0,0","0,0","0,0","0,0","0,0","0,0","0,0","0,0","0,0","0,0","0,0","0,0","0,0","0,0","0,0","0,0","0,0","0,0","0,0","0,0","0,0","0,0","0,0","0,0","0,0","0,0","0,0","0,0","0,0","0,0","0,0","0,0","0,0","0,0","0,0","0,0","0,0","0,0","0,0","0,0","0,0","0,0","0,0","0,0","0,0","0,0","0,0","0,0","0,0","0,0","0,0","0,0","0,0","0,0","0,0","0,0","0,0","0,0","0,0","0,0","0,0","0,0","0,0","0,0","0,0","0,0","0,0","0,0","0,0","0,0","0,0","0,0","0,0","0,0","0,0","0,0","0,0"
"Cambodia","2020-11-29","0,0","37,5","0,0","0,0","0,0","12,5","0,0","0,0","0,0","0,0","0,0","0,0","0,0","0,0","0,0","0,0","0,0","0,0","0,0","0,0","0,0","0,0","0,0","0,0","0,0","0,0","0,0","0,0","0,0","0,0","0,0","0,0","0,0","0,0","0,0","0,0","0,0","0,0","0,0","0,0","0,0","0,0","0,0","0,0","0,0","0,0","0,0","0,0","0,0","0,0","0,0","0,0","0,0","0,0","0,0","0,0","0,0","0,0","0,0","0,0","0,0","0,0","0,0","0,0","0,0","0,0","0,0","0,0","0,0","0,0","0,0","0,0","0,0","0,0","0,0","0,0","0,0","0,0","0,0","0,0","0,0","0,0","0,0","0,0","50,0"
"Cambodia","2020-12-13","0,0","87,5","0,0","0,0","0,0","12,5","0,0","0,0","0,0","0,0","0,0","0,0","0,0","0,0","0,0","0,0","0,0","0,0","0,0","0,0","0,0","0,0","0,0","0,0","0,0","0,0","0,0","0,0","0,0","0,0","0,0","0,0","0,0","0,0","0,0","0,0","0,0","0,0","0,0","0,0","0,0","0,0","0,0","0,0","0,0","0,0","0,0","0,0","0,0","0,0","0,0","0,0","0,0","0,0","0,0","0,0","0,0","0,0","0,0","0,0","0,0","0,0","0,0","0,0","0,0","0,0","0,0","0,0","0,0","0,0","0,0","0,0","0,0","0,0","0,0","0,0","0,0","0,0","0,0","0,0","0,0","0,0","0,0","0,0","0,0"
"Cambodia","2020-12-27","0,0","0,0","0,0","0,0","0,0","100,0","0,0","0,0","0,0","0,0","0,0","0,0","0,0","0,0","0,0","0,0","0,0","0,0","0,0","0,0","0,0","0,0","0,0","0,0","0,0","0,0","0,0","0,0","0,0","0,0","0,0","0,0","0,0","0,0","0,0","0,0","0,0","0,0","0,0","0,0","0,0","0,0","0,0","0,0","0,0","0,0","0,0","0,0","0,0","0,0","0,0","0,0","0,0","0,0","0,0","0,0","0,0","0,0","0,0","0,0","0,0","0,0","0,0","0,0","0,0","0,0","0,0","0,0","0,0","0,0","0,0","0,0","0,0","0,0","0,0","0,0","0,0","0,0","0,0","0,0","0,0","0,0","0,0","0,0","0,0"
"Cambodia","2021-01-10","0,0","0,0","0,0","0,0","0,0","100,0","0,0","0,0","0,0","0,0","0,0","0,0","0,0","0,0","0,0","0,0","0,0","0,0","0,0","0,0","0,0","0,0","0,0","0,0","0,0","0,0","0,0","0,0","0,0","0,0","0,0","0,0","0,0","0,0","0,0","0,0","0,0","0,0","0,0","0,0","0,0","0,0","0,0","0,0","0,0","0,0","0,0","0,0","0,0","0,0","0,0","0,0","0,0","0,0","0,0","0,0","0,0","0,0","0,0","0,0","0,0","0,0","0,0","0,0","0,0","0,0","0,0","0,0","0,0","0,0","0,0","0,0","0,0","0,0","0,0","0,0","0,0","0,0","0,0","0,0","0,0","0,0","0,0","0,0","0,0"
"Cambodia","2021-01-24","0,0","0,0","0,0","0,0","0,0","0,0","0,0","0,0","0,0","0,0","0,0","0,0","0,0","0,0","0,0","0,0","0,0","0,0","0,0","0,0","0,0","0,0","0,0","0,0","0,0","0,0","0,0","0,0","0,0","0,0","0,0","0,0","0,0","0,0","0,0","0,0","0,0","100,0","0,0","0,0","0,0","0,0","0,0","0,0","0,0","0,0","0,0","0,0","0,0","0,0","0,0","0,0","0,0","0,0","0,0","0,0","0,0","0,0","0,0","0,0","0,0","0,0","0,0","0,0","0,0","0,0","0,0","0,0","0,0","0,0","0,0","0,0","0,0","0,0","0,0","0,0","0,0","0,0","0,0","0,0","0,0","0,0","0,0","0,0","0,0"
"Cambodia","2021-02-07","0,0","0,0","100,0","0,0","0,0","0,0","0,0","0,0","0,0","0,0","0,0","0,0","0,0","0,0","0,0","0,0","0,0","0,0","0,0","0,0","0,0","0,0","0,0","0,0","0,0","0,0","0,0","0,0","0,0","0,0","0,0","0,0","0,0","0,0","0,0","0,0","0,0","0,0","0,0","0,0","0,0","0,0","0,0","0,0","0,0","0,0","0,0","0,0","0,0","0,0","0,0","0,0","0,0","0,0","0,0","0,0","0,0","0,0","0,0","0,0","0,0","0,0","0,0","0,0","0,0","0,0","0,0","0,0","0,0","0,0","0,0","0,0","0,0","0,0","0,0","0,0","0,0","0,0","0,0","0,0","0,0","0,0","0,0","0,0","0,0"
"Cambodia","2021-02-21","0,0","0,0","83,33333333333334","0,0","0,0","16,666666666666664","0,0","0,0","0,0","0,0","0,0","0,0","0,0","0,0","0,0","0,0","0,0","0,0","0,0","0,0","0,0","0,0","0,0","0,0","0,0","0,0","0,0","0,0","0,0","0,0","0,0","0,0","0,0","0,0","0,0","0,0","0,0","0,0","0,0","0,0","0,0","0,0","0,0","0,0","0,0","0,0","0,0","0,0","0,0","0,0","0,0","0,0","0,0","0,0","0,0","0,0","0,0","0,0","0,0","0,0","0,0","0,0","0,0","0,0","0,0","0,0","0,0","0,0","0,0","0,0","0,0","0,0","0,0","0,0","0,0","0,0","0,0","0,0","0,0","0,0","0,0","0,0","0,0","0,0","0,0"
"Cambodia","2021-03-07","0,0","0,0","100,0","0,0","0,0","0,0","0,0","0,0","0,0","0,0","0,0","0,0","0,0","0,0","0,0","0,0","0,0","0,0","0,0","0,0","0,0","0,0","0,0","0,0","0,0","0,0","0,0","0,0","0,0","0,0","0,0","0,0","0,0","0,0","0,0","0,0","0,0","0,0","0,0","0,0","0,0","0,0","0,0","0,0","0,0","0,0","0,0","0,0","0,0","0,0","0,0","0,0","0,0","0,0","0,0","0,0","0,0","0,0","0,0","0,0","0,0","0,0","0,0","0,0","0,0","0,0","0,0","0,0","0,0","0,0","0,0","0,0","0,0","0,0","0,0","0,0","0,0","0,0","0,0","0,0","0,0","0,0","0,0","0,0","0,0"
"Cambodia","2021-03-21","0,0","0,0","100,0","0,0","0,0","0,0","0,0","0,0","0,0","0,0","0,0","0,0","0,0","0,0","0,0","0,0","0,0","0,0","0,0","0,0","0,0","0,0","0,0","0,0","0,0","0,0","0,0","0,0","0,0","0,0","0,0","0,0","0,0","0,0","0,0","0,0","0,0","0,0","0,0","0,0","0,0","0,0","0,0","0,0","0,0","0,0","0,0","0,0","0,0","0,0","0,0","0,0","0,0","0,0","0,0","0,0","0,0","0,0","0,0","0,0","0,0","0,0","0,0","0,0","0,0","0,0","0,0","0,0","0,0","0,0","0,0","0,0","0,0","0,0","0,0","0,0","0,0","0,0","0,0","0,0","0,0","0,0","0,0","0,0","0,0"
"Cambodia","2021-04-04","0,0","0,0","33,33333333333333","0,0","0,0","0,0","0,0","66,66666666666666","0,0","0,0","0,0","0,0","0,0","0,0","0,0","0,0","0,0","0,0","0,0","0,0","0,0","0,0","0,0","0,0","0,0","0,0","0,0","0,0","0,0","0,0","0,0","0,0","0,0","0,0","0,0","0,0","0,0","0,0","0,0","0,0","0,0","0,0","0,0","0,0","0,0","0,0","0,0","0,0","0,0","0,0","0,0","0,0","0,0","0,0","0,0","0,0","0,0","0,0","0,0","0,0","0,0","0,0","0,0","0,0","0,0","0,0","0,0","0,0","0,0","0,0","0,0","0,0","0,0","0,0","0,0","0,0","0,0","0,0","0,0","0,0","0,0","0,0","0,0","0,0","0,0"
"Cambodia","2021-04-18","0,0","0,0","82,05128205128204","10,256410256410255","0,0","5,128205128205128","0,0","2,564102564102564","0,0","0,0","0,0","0,0","0,0","0,0","0,0","0,0","0,0","0,0","0,0","0,0","0,0","0,0","0,0","0,0","0,0","0,0","0,0","0,0","0,0","0,0","0,0","0,0","0,0","0,0","0,0","0,0","0,0","0,0","0,0","0,0","0,0","0,0","0,0","0,0","0,0","0,0","0,0","0,0","0,0","0,0","0,0","0,0","0,0","0,0","0,0","0,0","0,0","0,0","0,0","0,0","0,0","0,0","0,0","0,0","0,0","0,0","0,0","0,0","0,0","0,0","0,0","0,0","0,0","0,0","0,0","0,0","0,0","0,0","0,0","0,0","0,0","0,0","0,0","0,0","0,0"
"Cambodia","2021-05-02","0,0","0,0","100,0","0,0","0,0","0,0","0,0","0,0","0,0","0,0","0,0","0,0","0,0","0,0","0,0","0,0","0,0","0,0","0,0","0,0","0,0","0,0","0,0","0,0","0,0","0,0","0,0","0,0","0,0","0,0","0,0","0,0","0,0","0,0","0,0","0,0","0,0","0,0","0,0","0,0","0,0","0,0","0,0","0,0","0,0","0,0","0,0","0,0","0,0","0,0","0,0","0,0","0,0","0,0","0,0","0,0","0,0","0,0","0,0","0,0","0,0","0,0","0,0","0,0","0,0","0,0","0,0","0,0","0,0","0,0","0,0","0,0","0,0","0,0","0,0","0,0","0,0","0,0","0,0","0,0","0,0","0,0","0,0","0,0","0,0"
"Cambodia","2021-05-16","0,0","0,0","98,07692307692307","1,9230769230769231","0,0","0,0","0,0","0,0","0,0","0,0","0,0","0,0","0,0","0,0","0,0","0,0","0,0","0,0","0,0","0,0","0,0","0,0","0,0","0,0","0,0","0,0","0,0","0,0","0,0","0,0","0,0","0,0","0,0","0,0","0,0","0,0","0,0","0,0","0,0","0,0","0,0","0,0","0,0","0,0","0,0","0,0","0,0","0,0","0,0","0,0","0,0","0,0","0,0","0,0","0,0","0,0","0,0","0,0","0,0","0,0","0,0","0,0","0,0","0,0","0,0","0,0","0,0","0,0","0,0","0,0","0,0","0,0","0,0","0,0","0,0","0,0","0,0","0,0","0,0","0,0","0,0","0,0","0,0","0,0","0,0"
"Cambodia","2021-05-30","0,0","0,0","89,85507246376811","0,0","0,0","4,3478260869565215","0,0","1,4492753623188406","0,0","0,0","0,0","0,0","0,0","0,0","0,0","0,0","0,0","0,0","0,0","4,3478260869565215","0,0","0,0","0,0","0,0","0,0","0,0","0,0","0,0","0,0","0,0","0,0","0,0","0,0","0,0","0,0","0,0","0,0","0,0","0,0","0,0","0,0","0,0","0,0","0,0","0,0","0,0","0,0","0,0","0,0","0,0","0,0","0,0","0,0","0,0","0,0","0,0","0,0","0,0","0,0","0,0","0,0","0,0","0,0","0,0","0,0","0,0","0,0","0,0","0,0","0,0","0,0","0,0","0,0","0,0","0,0","0,0","0,0","0,0","0,0","0,0","0,0","0,0","0,0","0,0","0,0"
"Cambodia","2021-06-13","0,0","0,0","76,31578947368422","0,0","0,0","6,578947368421052","0,0","0,0","0,0","0,0","0,0","0,0","0,0","0,0","0,0","0,0","0,0","0,0","0,0","15,789473684210526","0,0","0,0","0,0","0,0","0,0","0,0","0,0","0,0","0,0","0,0","0,0","0,0","0,0","0,0","0,0","0,0","0,0","0,0","0,0","0,0","0,0","0,0","0,0","0,0","0,0","0,0","0,0","0,0","0,0","0,0","0,0","0,0","0,0","0,0","0,0","0,0","0,0","0,0","0,0","0,0","0,0","0,0","0,0","0,0","0,0","0,0","0,0","0,0","0,0","0,0","0,0","0,0","0,0","0,0","0,0","0,0","0,0","0,0","0,0","0,0","0,0","0,0","0,0","0,0","1,3157894736842104"
"Cambodia","2021-06-27","0,0","0,0","70,2127659574468","1,0638297872340425","0,0","0,0","0,0","0,0","0,0","0,0","0,0","0,0","0,0","0,0","0,0","0,0","0,0","0,0","0,0","27,659574468085108","0,0","0,0","0,0","0,0","0,0","0,0","0,0","0,0","0,0","0,0","0,0","0,0","0,0","0,0","1,0638297872340425","0,0","0,0","0,0","0,0","0,0","0,0","0,0","0,0","0,0","0,0","0,0","0,0","0,0","0,0","0,0","0,0","0,0","0,0","0,0","0,0","0,0","0,0","0,0","0,0","0,0","0,0","0,0","0,0","0,0","0,0","0,0","0,0","0,0","0,0","0,0","0,0","0,0","0,0","0,0","0,0","0,0","0,0","0,0","0,0","0,0","0,0","0,0","0,0","0,0","0,0"
"Cambodia","2021-07-11","0,0","0,0","60,49382716049383","0,0","0,0","0,0","0,0","0,0","1,2345679012345678","0,0","0,0","0,0","0,0","1,2345679012345678","0,0","0,0","0,0","0,0","0,0","34,5679012345679","0,0","0,0","0,0","0,0","0,0","0,0","0,0","1,2345679012345678","0,0","0,0","0,0","0,0","0,0","0,0","1,2345679012345678","0,0","0,0","0,0","0,0","0,0","0,0","0,0","0,0","0,0","0,0","0,0","0,0","0,0","0,0","0,0","0,0","0,0","0,0","0,0","0,0","0,0","0,0","0,0","0,0","0,0","0,0","0,0","0,0","0,0","0,0","0,0","0,0","0,0","0,0","0,0","0,0","0,0","0,0","0,0","0,0","0,0","0,0","0,0","0,0","0,0","0,0","0,0","0,0","0,0","0,0"
"Cambodia","2021-07-25","0,0","0,0","57,02479338842975","0,0","0,0","0,0","0,0","0,0","0,8264462809917356","0,0","0,0","0,0","0,0","0,0","0,0","0,0","0,0","0,0","0,0","32,231404958677686","0,0","0,0","0,0","0,0","0,0","0,0","0,0","0,0","1,6528925619834711","0,0","0,0","0,0","0,0","0,0","7,43801652892562","0,0","0,0","0,0","0,0","0,0","0,0","0,0","0,0","0,0","0,0","0,0","0,0","0,0","0,0","0,0","0,0","0,0","0,0","0,0","0,0","0,0","0,0","0,0","0,0","0,0","0,0","0,0","0,0","0,0","0,0","0,0","0,0","0,0","0,0","0,0","0,0","0,0","0,0","0,0","0,0","0,0","0,0","0,0","0,0","0,0","0,0","0,0","0,0","0,0","0,8264462809917356"
"Cambodia","2021-08-08","0,0","0,0","49,42528735632184","0,0","0,0","0,0","0,0","0,0","1,1494252873563218","0,0","0,0","0,0","0,0","0,0","0,0","0,0","1,1494252873563218","0,0","0,0","18,39080459770115","0,0","0,0","0,0","0,0","0,0","0,0","0,0","0,0","1,1494252873563218","0,0","16,091954022988507","0,0","0,0","0,0","12,643678160919542","0,0","0,0","0,0","0,0","0,0","0,0","0,0","0,0","0,0","0,0","0,0","0,0","0,0","0,0","0,0","0,0","0,0","0,0","0,0","0,0","0,0","0,0","0,0","0,0","0,0","0,0","0,0","0,0","0,0","0,0","0,0","0,0","0,0","0,0","0,0","0,0","0,0","0,0","0,0","0,0","0,0","0,0","0,0","0,0","0,0","0,0","0,0","0,0","0,0","0,0"
"Cambodia","2021-08-22","0,0","0,0","66,98113207547169","0,0","0,0","0,0","0,0","0,0","0,9433962264150944","0,0","0,0","0,0","0,0","0,0","0,0","0,0","0,0","0,0","0,0","23,58490566037736","0,0","0,0","0,0","0,0","0,0","0,0","0,0","0,0","0,0","0,0","0,0","0,0","0,0","0,0","8,49056603773585","0,0","0,0","0,0","0,0","0,0","0,0","0,0","0,0","0,0","0,0","0,0","0,0","0,0","0,0","0,0","0,0","0,0","0,0","0,0","0,0","0,0","0,0","0,0","0,0","0,0","0,0","0,0","0,0","0,0","0,0","0,0","0,0","0,0","0,0","0,0","0,0","0,0","0,0","0,0","0,0","0,0","0,0","0,0","0,0","0,0","0,0","0,0","0,0","0,0","0,0"
"Cambodia","2021-09-05","0,0","0,0","57,291666666666664","0,0","0,0","0,0","0,0","0,0","0,0","0,0","0,0","0,0","0,0","0,0","0,0","0,0","0,0","0,0","0,0","26,041666666666668","0,0","0,0","0,0","1,0416666666666665","0,0","0,0","0,0","0,0","0,0","0,0","0,0","0,0","0,0","5,208333333333334","9,375","0,0","0,0","0,0","0,0","0,0","0,0","0,0","0,0","0,0","0,0","0,0","0,0","0,0","0,0","0,0","0,0","0,0","0,0","0,0","0,0","0,0","0,0","0,0","0,0","0,0","0,0","0,0","0,0","0,0","0,0","0,0","0,0","0,0","0,0","0,0","0,0","0,0","0,0","0,0","0,0","0,0","0,0","0,0","0,0","0,0","0,0","0,0","0,0","0,0","1,0416666666666665"
"Cambodia","2021-09-19","0,0","0,0","56,060606060606055","0,0","0,7575757575757576","0,0","0,0","0,0","0,7575757575757576","0,0","0,0","0,0","0,0","0,0","0,0","0,0","0,0","0,0","0,0","18,181818181818183","0,7575757575757576","0,0","0,0","0,0","0,0","0,0","0,7575757575757576","0,0","0,0","0,0","0,0","0,0","0,0","0,0","22,727272727272727","0,0","0,0","0,0","0,0","0,0","0,0","0,0","0,0","0,0","0,0","0,0","0,0","0,0","0,0","0,0","0,0","0,0","0,0","0,0","0,0","0,0","0,0","0,0","0,0","0,0","0,0","0,0","0,0","0,0","0,0","0,0","0,0","0,0","0,0","0,0","0,0","0,0","0,0","0,0","0,0","0,0","0,0","0,0","0,0","0,0","0,0","0,0","0,0","0,0","0,0"
"Cambodia","2021-10-03","0,0","0,0","34,57943925233645","0,0","0,0","0,9345794392523363","0,0","0,0","15,887850467289718","0,0","0,0","0,0","2,803738317757009","0,0","0,0","0,0","0,0","0,0","0,0","28,971962616822427","0,9345794392523363","0,0","0,0","0,0","0,0","0,0","0,0","0,0","0,0","0,0","0,0","1,8691588785046727","0,0","0,0","12,149532710280374","0,0","0,0","0,0","0,0","0,0","0,0","0,0","0,0","0,0","0,0","0,0","0,0","0,0","0,0","0,0","0,0","0,0","0,0","0,0","0,0","0,0","0,0","0,0","0,0","0,0","0,0","0,0","0,0","0,0","0,0","0,0","0,0","0,0","0,0","0,0","0,0","0,0","0,0","0,0","0,0","0,0","0,0","0,0","0,0","0,0","0,0","0,0","0,0","0,0","1,8691588785046727"
"Cambodia","2021-10-17","0,0","0,0","21,48148148148148","0,0","0,0","0,0","0,0","0,0","2,2222222222222223","0,0","0,0","0,0","0,0","0,7407407407407408","0,0","0,0","0,0","0,0","0,0","60,74074074074074","0,7407407407407408","0,0","0,0","0,0","0,0","0,0","0,0","0,0","0,0","0,0","0,0","0,0","0,0","0,0","13,333333333333334","0,0","0,7407407407407408","0,0","0,0","0,0","0,0","0,0","0,0","0,0","0,0","0,0","0,0","0,0","0,0","0,0","0,0","0,0","0,0","0,0","0,0","0,0","0,0","0,0","0,0","0,0","0,0","0,0","0,0","0,0","0,0","0,0","0,0","0,0","0,0","0,0","0,0","0,0","0,0","0,0","0,0","0,0","0,0","0,0","0,0","0,0","0,0","0,0","0,0","0,0","0,0"
"Cambodia","2021-10-31","0,0","0,0","3,7037037037037033","0,0","0,0","0,7407407407407408","0,0","0,0","0,7407407407407408","0,0","0,0","0,0","0,0","0,7407407407407408","0,7407407407407408","0,0","0,0","0,7407407407407408","0,0","65,18518518518519","0,0","0,0","0,0","0,0","0,0","0,0","0,0","0,0","0,0","0,0","0,0","0,0","0,0","0,0","27,40740740740741","0,0","0,0","0,0","0,0","0,0","0,0","0,0","0,0","0,0","0,0","0,0","0,0","0,0","0,0","0,0","0,0","0,0","0,0","0,0","0,0","0,0","0,0","0,0","0,0","0,0","0,0","0,0","0,0","0,0","0,0","0,0","0,0","0,0","0,0","0,0","0,0","0,0","0,0","0,0","0,0","0,0","0,0","0,0","0,0","0,0","0,0","0,0","0,0","0,0","0,0"
"Cambodia","2021-11-14","0,0","0,0","0,0","0,0","0,0","0,0","0,0","0,0","2,797202797202797","0,0","0,0","0,0","0,0","0,0","0,0","0,0","0,0","0,0","0,0","70,62937062937063","0,0","0,0","0,0","0,0","0,0","0,0","0,0","0,0","0,0","0,0","0,0","0,0","0,0","0,0","25,874125874125873","0,0","0,6993006993006993","0,0","0,0","0,0","0,0","0,0","0,0","0,0","0,0","0,0","0,0","0,0","0,0","0,0","0,0","0,0","0,0","0,0","0,0","0,0","0,0","0,0","0,0","0,0","0,0","0,0","0,0","0,0","0,0","0,0","0,0","0,0","0,0","0,0","0,0","0,0","0,0","0,0","0,0","0,0","0,0","0,0","0,0","0,0","0,0","0,0","0,0","0,0","0,0"
"Cambodia","2021-11-28","0,0","0,0","0,0","0,0","0,0","0,0","0,0","0,0","2,013422818791946","0,0","0,0","0,0","0,0","0,0","0,0","0,0","0,0","0,0","0,6711409395973155","59,73154362416108","0,0","0,0","0,0","0,0","0,6711409395973155","0,0","0,0","0,0","0,0","0,0","0,0","0,0","0,0","0,0","36,91275167785235","0,0","0,0","0,0","0,0","0,0","0,0","0,0","0,0","0,0","0,0","0,0","0,0","0,0","0,0","0,0","0,0","0,0","0,0","0,0","0,0","0,0","0,0","0,0","0,0","0,0","0,0","0,0","0,0","0,0","0,0","0,0","0,0","0,0","0,0","0,0","0,0","0,0","0,0","0,0","0,0","0,0","0,0","0,0","0,0","0,0","0,0","0,0","0,0","0,0","0,0"
"Cambodia","2021-12-12","0,0","0,0","0,7692307692307693","0,0","0,0","0,0","0,0","0,0","0,7692307692307693","2,307692307692308","0,0","0,0","0,0","0,0","0,0","0,0","0,0","0,0","0,0","50,0","0,0","1,5384615384615385","0,0","0,0","0,0","0,0","0,0","0,0","0,0","1,5384615384615385","0,0","0,0","0,0","0,7692307692307693","41,53846153846154","0,0","0,0","0,0","0,0","0,0","0,0","0,0","0,0","0,0","0,0","0,7692307692307693","0,0","0,0","0,0","0,0","0,0","0,0","0,0","0,0","0,0","0,0","0,0","0,0","0,0","0,0","0,0","0,0","0,0","0,0","0,0","0,0","0,0","0,0","0,0","0,0","0,0","0,0","0,0","0,0","0,0","0,0","0,0","0,0","0,0","0,0","0,0","0,0","0,0","0,0","0,0"
"Cambodia","2021-12-26","0,0","0,0","0,0","0,0","0,0","0,0","0,0","0,0","0,0","0,0","0,9615384615384616","0,0","0,0","0,0","0,0","0,9615384615384616","0,0","0,0","0,0","42,30769230769231","0,0","0,0","0,0","0,0","0,0","0,0","0,0","0,0","0,0","1,9230769230769231","0,0","0,0","1,9230769230769231","0,0","31,73076923076923","0,0","0,0","0,0","4,807692307692308","10,576923076923077","0,0","0,0","0,0","0,0","0,9615384615384616","1,9230769230769231","0,0","0,0","0,0","0,9615384615384616","0,0","0,0","0,0","0,0","0,0","0,0","0,0","0,0","0,0","0,0","0,0","0,0","0,0","0,0","0,0","0,0","0,0","0,0","0,0","0,0","0,0","0,0","0,0","0,0","0,0","0,0","0,0","0,0","0,0","0,0","0,0","0,0","0,0","0,0","0,9615384615384616"
"Cambodia","2022-01-09","0,0","0,0","0,0","0,0","0,0","0,0","0,0","0,0","0,0","0,0","0,0","0,0","0,0","0,0","0,0","0,0","0,0","0,0","0,0","7,4324324324324325","0,0","0,0","2,7027027027027026","0,0","0,0","0,6756756756756757","0,0","0,0","0,0","0,0","0,0","0,0","0,0","0,0","21,62162162162162","0,6756756756756757","0,0","0,0","18,91891891891892","31,756756756756754","0,0","0,0","3,3783783783783785","0,0","1,3513513513513513","2,7027027027027026","0,0","0,0","0,6756756756756757","0,0","0,6756756756756757","0,0","1,3513513513513513","0,0","0,0","0,0","0,0","0,0","0,0","0,0","0,0","0,0","0,0","0,0","0,0","0,0","0,0","0,0","0,0","0,0","0,0","0,0","0,0","0,0","0,0","0,0","0,0","0,0","0,0","0,0","0,0","0,0","0,0","0,0","6,081081081081082"
"Cambodia","2022-01-23","0,0","0,0","0,0","0,0","0,0","0,7042253521126761","0,0","0,0","0,7042253521126761","0,0","0,0","0,0","0,0","1,4084507042253522","0,0","0,0","0,0","0,0","0,0","3,5211267605633805","0,0","0,0","0,7042253521126761","0,0","0,0","0,0","0,7042253521126761","0,0","0,0","0,0","0,0","0,0","0,0","0,0","19,718309859154928","0,0","0,0","0,0","15,492957746478872","23,239436619718308","4,225352112676056","0,0","0,0","0,7042253521126761","0,0","6,338028169014084","0,7042253521126761","1,4084507042253522","0,7042253521126761","1,4084507042253522","0,0","0,0","0,0","4,225352112676056","1,4084507042253522","0,0","0,0","0,0","4,225352112676056","0,0","0,0","0,0","0,0","0,0","0,0","0,0","0,0","0,0","0,0","0,0","0,0","0,0","0,0","0,0","0,0","0,0","0,0","0,0","0,0","0,0","0,0","0,0","0,0","0,0","8,450704225352112"
"Cambodia","2022-02-06","0,0","0,0","0,0","0,0","0,0","0,0","0,0","0,0","0,0","0,0","0,0","0,5128205128205128","0,0","0,0","0,0","0,5128205128205128","0,0","0,0","0,0","0,0","0,0","0,0","0,0","0,0","0,0","0,0","0,0","0,0","0,0","0,0","0,0","0,0","0,0","0,0","5,641025641025641","0,0","0,0","0,0","9,230769230769232","15,897435897435896","1,0256410256410255","0,0","0,5128205128205128","0,0","2,564102564102564","0,0","0,0","1,0256410256410255","0,0","0,0","0,0","0,5128205128205128","0,0","15,384615384615385","22,05128205128205","0,0","0,0","0,0","24,615384615384617","0,0","0,0","0,0","0,0","0,0","0,0","0,0","0,0","0,0","0,0","0,0","0,0","0,0","0,0","0,0","0,0","0,0","0,0","0,0","0,0","0,0","0,0","0,0","0,0","0,0","0,5128205128205128"
"Cambodia","2022-02-20","0,0","0,0","0,0","0,0","0,0","0,0","0,0","0,0","0,0","0,0","0,0","0,0","0,0","0,0","0,0","0,0","0,0","0,0","0,0","0,0","0,0","0,0","0,0","0,0","0,0","0,0","0,0","0,0","0,0","0,0","0,0","0,0","0,0","0,0","0,0","0,0","0,0","0,0","1,694915254237288","6,779661016949152","0,0","0,0","0,5649717514124294","0,0","0,5649717514124294","0,0","0,0","0,5649717514124294","0,0","0,0","0,0","0,5649717514124294","0,0","28,8135593220339","23,163841807909606","0,0","0,0","0,0","35,59322033898305","0,0","0,0","0,0","0,0","0,0","0,0","0,0","0,0","0,0","0,0","0,0","0,0","0,0","0,0","0,0","0,0","0,0","0,0","0,0","0,0","0,0","0,0","0,0","0,0","0,0","1,694915254237288"
"Cambodia","2022-03-06","0,0","0,0","0,0","0,0","0,0","0,0","0,0","0,0","0,0","0,0","0,0","0,0","0,0","0,0","0,0","0,0","0,0","0,0","0,0","0,0","0,0","0,0","0,0","0,0","0,0","0,0","0,0","0,0","0,0","0,0","0,0","0,0","0,0","0,0","0,0","0,0","0,0","0,0","1,0204081632653061","4,081632653061225","0,0","0,5102040816326531","0,0","0,0","0,0","0,0","0,0","0,0","0,5102040816326531","0,0","0,0","0,0","0,0","32,6530612244898","11,73469387755102","1,0204081632653061","0,0","0,0","45,40816326530612","0,0","0,5102040816326531","0,0","0,0","0,5102040816326531","0,0","0,0","0,0","0,0","0,0","0,0","0,0","0,0","0,0","0,0","0,0","0,0","0,0","0,0","0,0","0,0","0,0","0,0","0,0","0,0","2,0408163265306123"
"Cambodia","2022-03-20","0,0","0,0","0,0","0,0","0,0","0,0","0,0","0,0","0,0","0,0","0,0","0,0","0,0","0,0","0,0","0,0","0,0","0,0","0,0","0,0","0,0","0,0","0,0","0,0","0,0","0,0","0,0","0,0","0,0","0,0","0,0","0,0","0,0","0,0","0,0","0,0","0,0","0,0","0,0","1,8018018018018018","0,0","0,0","0,0","0,0","0,0","0,0","0,0","0,0","0,9009009009009009","0,0","0,0","0,0","0,0","26,126126126126124","2,7027027027027026","0,9009009009009009","0,0","0,0","32,432432432432435","0,0","0,0","0,0","0,0","0,0","0,0","0,0","0,0","0,9009009009009009","0,0","0,0","0,0","0,0","0,0","0,0","0,0","0,0","0,0","0,0","0,0","0,0","0,0","0,0","0,0","0,0","34,234234234234236"
"Cambodia","2022-04-03","0,0","0,0","0,0","0,0","0,0","0,0","0,0","0,0","0,0","0,0","0,0","0,0","0,0","0,0","0,0","0,0","0,0","0,0","0,0","0,0","0,0","0,0","0,0","0,0","0,0","0,0","0,0","0,0","0,0","0,0","0,0","0,0","0,0","0,0","0,0","0,0","0,0","0,0","0,0","0,0","0,0","0,0","0,0","0,0","0,0","0,0","0,0","0,0","0,0","0,0","0,0","0,0","0,0","8,47457627118644","8,47457627118644","0,0","0,0","0,0","20,33898305084746","0,0","0,0","0,0","0,0","0,0","0,0","0,0","0,0","0,0","0,0","0,0","0,0","0,0","0,0","0,0","0,0","0,0","0,0","0,0","0,0","0,0","0,0","0,0","0,0","0,0","62,71186440677966"
"Cambodia","2022-04-17","0,0","0,0","0,0","0,0","0,0","0,0","0,0","0,0","0,0","0,0","0,0","0,0","0,0","0,0","0,0","0,0","0,0","0,0","0,0","0,0","0,0","0,0","0,0","0,0","0,0","0,0","0,0","0,0","0,0","0,0","0,0","0,0","0,0","0,0","0,0","0,0","0,0","0,0","0,0","0,0","0,0","0,0","0,0","0,0","0,0","0,0","0,0","0,0","0,0","0,0","0,0","0,0","0,0","10,16949152542373","10,16949152542373","0,0","0,0","0,0","18,64406779661017","0,0","0,0","0,0","0,0","0,0","0,0","0,0","0,0","6,779661016949152","0,0","0,0","0,0","0,0","0,0","0,0","0,0","0,0","0,0","0,0","0,0","0,0","0,0","0,0","0,0","0,0","54,23728813559322"
"Cambodia","2022-05-01","0,0","0,0","0,0","0,0","0,0","0,0","0,0","0,0","0,0","0,0","0,0","0,0","0,0","0,0","0,0","0,0","0,0","0,0","0,0","0,0","0,0","0,0","0,0","0,0","0,0","0,0","0,0","0,0","0,0","0,0","0,0","0,0","0,0","0,0","0,0","0,0","0,0","0,0","0,0","0,0","0,0","0,0","0,0","0,0","0,0","0,0","0,0","0,0","0,0","0,0","0,0","0,0","0,0","37,2093023255814","11,627906976744185","0,0","0,0","0,0","39,53488372093023","0,0","0,0","2,3255813953488373","2,3255813953488373","0,0","0,0","0,0","0,0","2,3255813953488373","0,0","0,0","0,0","0,0","0,0","0,0","0,0","0,0","0,0","0,0","0,0","0,0","0,0","0,0","0,0","0,0","4,651162790697675"
"Cambodia","2022-05-15","0,0","0,0","0,0","0,0","0,0","0,0","0,0","0,0","0,0","0,0","0,0","0,0","0,0","0,0","0,0","0,0","0,0","0,0","0,0","5,555555555555555","0,0","0,0","0,0","0,0","0,0","0,0","0,0","0,0","0,0","0,0","0,0","0,0","0,0","0,0","0,0","0,0","0,0","0,0","0,0","0,0","0,0","0,0","0,0","0,0","0,0","0,0","0,0","0,0","0,0","0,0","0,0","0,0","0,0","38,88888888888889","5,555555555555555","0,0","0,0","0,0","44,44444444444444","0,0","0,0","0,0","0,0","0,0","5,555555555555555","0,0","0,0","0,0","0,0","0,0","0,0","0,0","0,0","0,0","0,0","0,0","0,0","0,0","0,0","0,0","0,0","0,0","0,0","0,0","0,0"
"Cambodia","2022-05-29","0,0","0,0","0,0","0,0","0,0","0,0","0,0","0,0","0,0","0,0","0,0","0,0","0,0","0,0","0,0","0,0","0,0","0,0","0,0","0,0","0,0","0,0","0,0","0,0","0,0","0,0","0,0","0,0","0,0","0,0","0,0","0,0","0,0","0,0","0,0","0,0","0,0","0,0","0,0","0,0","0,0","0,0","0,0","0,0","0,0","0,0","0,0","0,0","0,0","0,0","0,0","0,0","0,0","17,647058823529413","5,88235294117647","0,0","5,88235294117647","0,0","35,294117647058826","0,0","0,0","0,0","0,0","0,0","0,0","0,0","0,0","5,88235294117647","11,76470588235294","0,0","0,0","0,0","0,0","0,0","0,0","0,0","0,0","0,0","0,0","0,0","0,0","0,0","0,0","0,0","17,647058823529413"
"Cambodia","2022-06-12","0,0","0,0","0,0","0,0","0,0","0,0","0,0","0,0","0,0","0,0","0,0","0,0","0,0","0,0","0,0","0,0","0,0","0,0","0,0","0,0","0,0","0,0","0,0","0,0","0,0","0,0","0,0","0,0","0,0","0,0","0,0","0,0","0,0","0,0","0,0","0,0","0,0","0,0","0,0","0,0","0,0","0,0","0,0","0,0","0,0","0,0","0,0","0,0","0,0","0,0","0,0","0,0","0,0","6,666666666666667","6,666666666666667","0,0","6,666666666666667","0,0","6,666666666666667","0,0","0,0","0,0","0,0","0,0","0,0","0,0","0,0","0,0","13,333333333333334","0,0","0,0","0,0","0,0","0,0","0,0","0,0","0,0","0,0","0,0","0,0","0,0","0,0","0,0","0,0","60,0"
"Cambodia","2022-06-26","0,0","0,0","0,0","0,0","0,0","0,0","0,0","0,0","0,0","0,0","0,0","0,0","0,0","0,0","0,0","0,0","0,0","0,0","0,0","0,0","0,0","0,0","0,0","0,0","0,0","0,0","0,0","0,0","0,0","0,0","0,0","0,0","0,0","0,0","0,0","0,0","0,0","0,0","0,0","0,0","0,0","0,0","0,0","0,0","0,0","0,0","0,0","0,0","0,0","0,0","0,0","0,0","0,0","3,571428571428571","0,0","0,0","0,0","0,0","3,571428571428571","0,0","0,0","3,571428571428571","0,0","0,0","0,0","0,0","0,0","0,0","0,0","3,571428571428571","3,571428571428571","0,0","0,0","7,142857142857142","14,285714285714285","3,571428571428571","7,142857142857142","3,571428571428571","0,0","0,0","0,0","0,0","0,0","0,0","46,42857142857143"
"Cambodia","2022-07-10","0,0","0,0","0,0","0,0","0,0","0,0","0,0","0,0","0,0","0,0","0,0","0,0","0,0","0,0","0,0","0,0","0,0","0,0","0,0","0,0","0,0","0,0","0,0","0,0","0,0","0,0","0,0","0,0","0,0","0,0","0,0","0,0","0,0","0,0","0,0","0,0","0,0","0,0","0,0","0,0","0,0","0,0","0,0","0,0","0,0","0,0","0,0","0,0","0,0","0,0","0,0","0,0","0,0","5,0","0,0","0,0","0,0","0,0","2,5","0,0","0,0","5,0","0,0","0,0","0,0","0,0","0,0","0,0","0,0","0,0","2,5","0,0","0,0","0,0","22,5","2,5","10,0","2,5","2,5","0,0","0,0","0,0","2,5","0,0","42,5"
"Cambodia","2022-07-24","0,0","0,0","0,0","0,0","0,0","0,0","0,0","0,0","0,0","0,0","0,0","0,0","0,0","0,0","0,0","0,0","0,0","0,0","0,0","0,0","0,0","0,0","0,0","0,0","0,0","0,0","0,0","0,0","0,0","0,0","0,0","0,0","0,0","0,0","0,0","0,0","0,0","0,0","0,0","0,0","0,0","0,0","0,0","0,0","0,0","0,0","0,0","0,0","0,0","0,0","0,0","0,0","0,0","9,859154929577464","1,4084507042253522","0,0","0,0","1,4084507042253522","1,4084507042253522","5,633802816901409","0,0","1,4084507042253522","0,0","0,0","0,0","0,0","1,4084507042253522","0,0","0,0","2,8169014084507045","2,8169014084507045","1,4084507042253522","1,4084507042253522","2,8169014084507045","16,901408450704224","4,225352112676056","1,4084507042253522","0,0","1,4084507042253522","0,0","0,0","0,0","0,0","0,0","42,25352112676056"
"Cambodia","2022-08-07","0,0","0,0","0,0","0,0","0,0","0,0","0,0","0,0","0,0","0,0","0,0","0,0","0,0","0,0","0,0","0,0","0,0","0,0","0,0","0,0","0,0","0,0","0,0","0,0","0,0","0,0","0,0","0,0","0,0","0,0","0,0","0,0","0,0","0,0","0,0","0,0","0,0","0,0","0,0","0,0","0,0","0,0","0,0","0,0","0,0","0,0","0,0","0,0","0,0","0,0","0,0","0,0","0,0","1,1904761904761905","0,0","0,0","0,0","0,0","4,761904761904762","0,0","0,0","0,0","0,0","0,0","0,0","0,0","0,0","0,0","0,0","0,0","4,761904761904762","0,0","0,0","3,571428571428571","41,66666666666667","1,1904761904761905","2,380952380952381","2,380952380952381","1,1904761904761905","0,0","1,1904761904761905","0,0","1,1904761904761905","0,0","34,523809523809526"
"Cambodia","2022-08-21","0,0","0,0","0,0","0,0","0,0","0,0","0,0","0,0","0,0","0,0","0,0","0,0","0,0","0,0","0,0","0,0","0,0","0,0","0,0","0,0","0,0","0,0","0,0","0,0","0,0","0,0","0,0","0,0","0,0","0,0","0,0","0,0","0,0","0,0","0,0","0,0","0,0","0,0","0,0","0,0","0,0","0,0","0,0","0,0","0,0","0,0","0,0","0,0","0,0","0,0","0,0","0,0","0,0","2,631578947368421","0,0","0,0","0,0","0,0","1,3157894736842104","0,0","0,0","0,0","0,0","0,0","0,0","0,0","0,0","0,0","0,0","0,0","0,0","0,0","5,263157894736842","6,578947368421052","55,26315789473685","7,894736842105263","5,263157894736842","1,3157894736842104","0,0","0,0","1,3157894736842104","1,3157894736842104","0,0","3,9473684210526314","7,894736842105263"
"Cambodia","2022-09-04","0,0","0,0","0,0","0,0","0,0","0,0","0,0","0,0","0,0","0,0","0,0","0,0","0,0","0,0","0,0","0,0","0,0","0,0","0,0","0,0","0,0","0,0","0,0","0,0","0,0","0,0","0,0","0,0","0,0","0,0","0,0","0,0","0,0","0,0","0,0","0,0","0,0","0,0","0,0","0,0","0,0","0,0","0,0","0,0","0,0","0,0","0,0","0,0","0,0","0,0","0,0","0,0","0,0","1,639344262295082","0,0","0,0","0,0","0,0","1,639344262295082","0,0","0,0","0,0","0,0","0,0","0,0","1,639344262295082","0,0","0,0","0,0","0,0","0,0","0,0","0,0","8,19672131147541","59,01639344262295","8,19672131147541","6,557377049180328","3,278688524590164","0,0","1,639344262295082","0,0","0,0","0,0","0,0","8,19672131147541"
"Cambodia","2022-09-18","0,0","0,0","0,0","0,0","0,0","0,0","0,0","0,0","0,0","0,0","0,0","0,0","0,0","0,0","0,0","0,0","0,0","0,0","0,0","0,0","0,0","0,0","0,0","0,0","0,0","0,0","0,0","0,0","0,0","0,0","0,0","0,0","0,0","0,0","0,0","0,0","0,0","0,0","0,0","0,0","0,0","0,0","0,0","0,0","0,0","0,0","0,0","0,0","0,0","0,0","0,0","0,0","0,0","0,0","0,0","0,0","0,0","0,0","0,0","0,0","0,0","0,0","0,0","0,0","0,0","0,0","0,0","0,0","0,0","0,0","2,5","0,0","0,0","17,5","45,0","15,0","2,5","2,5","0,0","0,0","0,0","0,0","0,0","2,5","12,5"
"Cambodia","2022-10-02","0,0","0,0","0,0","0,0","0,0","0,0","0,0","0,0","0,0","0,0","0,0","0,0","0,0","0,0","0,0","0,0","0,0","0,0","0,0","0,0","0,0","0,0","0,0","0,0","0,0","0,0","0,0","0,0","0,0","0,0","0,0","0,0","0,0","0,0","0,0","0,0","0,0","0,0","0,0","0,0","0,0","0,0","0,0","0,0","0,0","0,0","0,0","0,0","0,0","0,0","0,0","0,0","0,0","0,0","0,0","0,0","0,0","0,0","0,0","0,0","0,0","0,0","0,0","0,0","0,0","0,0","5,88235294117647","0,0","0,0","0,0","0,0","0,0","0,0","0,0","70,58823529411765","11,76470588235294","0,0","0,0","0,0","0,0","5,88235294117647","0,0","0,0","0,0","5,88235294117647"
