"location","date","A (Lineage)","A.23.1","A.27","Alpha (WHO VOC)","B (Lineage)","B.1.1.318 (WHO FMV)","B.1.160 - 20A/EU2","B.1.177 - 20E/EU1","B.1.619 (WHO FMV)","B.1.620 - 20A/S:126A","B.1.640 (WHO FMV)","Beta (WHO VOC)","C (Lineage)","Delta (WHO VOC)","Delta - AY.100 (WHO VOC)","Delta - AY.102 (WHO VOC)","Delta - AY.102.2 (WHO VOC)","Delta - AY.109 (WHO VOC)","Delta - AY.110 (WHO VOC)","Delta - AY.111 (WHO VOC)","Delta - AY.112 (WHO VOC)","Delta - AY.113 (WHO VOC)","Delta - AY.121 (WHO VOC)","Delta - AY.122 (WHO VOC)","Delta - AY.123 (WHO VOC)","Delta - AY.126 (WHO VOC)","Delta - AY.129 (WHO VOC)","Delta - AY.26 (WHO VOC)","Delta - AY.33 (WHO VOC)","Delta - AY.34 (WHO VOC)","Delta - AY.34.1 (WHO VOC)","Delta - AY.36 (WHO VOC)","Delta - AY.37 (WHO VOC)","Delta - AY.39 (WHO VOC)","Delta - AY.39.1 (WHO VOC)","Delta - AY.4 (WHO VOC)","Delta - AY.4.6 (WHO VOC)","Delta - AY.4.7 (WHO VOC)","Delta - AY.42 (WHO VOC)","Delta - AY.43 (WHO VOC)","Delta - AY.45 (WHO VOC)","Delta - AY.46.3 (WHO VOC)","Delta - AY.67 (WHO VOC)","Delta - AY.7 (WHO VOC)","Delta - AY.70 (WHO VOC)","Delta - AY.75 (WHO VOC)","Delta - AY.75.2 (WHO VOC)","Delta - AY.84 (WHO VOC)","Delta - AY.98 (WHO VOC)","Epsilon (WHO VOI)","Eta (WHO VOI)","L (Lineage)","Omicron - BA.1 (WHO VOC)","Omicron - BA.1.1 (WHO VOC)","Omicron - BA.1.1.1 (WHO VOC)","Omicron - BA.1.1.11 (WHO VOC)","Omicron - BA.1.1.14 (WHO VOC)","Omicron - BA.1.1.16 (WHO VOC)","Omicron - BA.1.12 (WHO VOC)","Omicron - BA.1.13 (WHO VOC)","Omicron - BA.1.14 (WHO VOC)","Omicron - BA.1.15 (WHO VOC)","Omicron - BA.1.15.1 (WHO VOC)","Omicron - BA.1.17 (WHO VOC)","Omicron - BA.1.17.2 (WHO VOC)","Omicron - BA.1.18 (WHO VOC)","Omicron - BA.1.19 (WHO VOC)","Omicron - BA.1.21 (WHO VOC)","Omicron - BA.2.9 (WHO VOC)","Other","W (Lineage)"
"Cameroon","2020-03-08","0,0","0,0","0,0","0,0","100,0","0,0","0,0","0,0","0,0","0,0","0,0","0,0","0,0","0,0","0,0","0,0","0,0","0,0","0,0","0,0","0,0","0,0","0,0","0,0","0,0","0,0","0,0","0,0","0,0","0,0","0,0","0,0","0,0","0,0","0,0","0,0","0,0","0,0","0,0","0,0","0,0","0,0","0,0","0,0","0,0","0,0","0,0","0,0","0,0","0,0","0,0","0,0","0,0","0,0","0,0","0,0","0,0","0,0","0,0","0,0","0,0","0,0","0,0","0,0","0,0","0,0","0,0","0,0","0,0","0,0","0,0"
"Cameroon","2020-03-22","0,0","0,0","0,0","0,0","100,0","0,0","0,0","0,0","0,0","0,0","0,0","0,0","0,0","0,0","0,0","0,0","0,0","0,0","0,0","0,0","0,0","0,0","0,0","0,0","0,0","0,0","0,0","0,0","0,0","0,0","0,0","0,0","0,0","0,0","0,0","0,0","0,0","0,0","0,0","0,0","0,0","0,0","0,0","0,0","0,0","0,0","0,0","0,0","0,0","0,0","0,0","0,0","0,0","0,0","0,0","0,0","0,0","0,0","0,0","0,0","0,0","0,0","0,0","0,0","0,0","0,0","0,0","0,0","0,0","0,0","0,0"
"Cameroon","2020-04-05","0,0","0,0","0,0","0,0","100,0","0,0","0,0","0,0","0,0","0,0","0,0","0,0","0,0","0,0","0,0","0,0","0,0","0,0","0,0","0,0","0,0","0,0","0,0","0,0","0,0","0,0","0,0","0,0","0,0","0,0","0,0","0,0","0,0","0,0","0,0","0,0","0,0","0,0","0,0","0,0","0,0","0,0","0,0","0,0","0,0","0,0","0,0","0,0","0,0","0,0","0,0","0,0","0,0","0,0","0,0","0,0","0,0","0,0","0,0","0,0","0,0","0,0","0,0","0,0","0,0","0,0","0,0","0,0","0,0","0,0","0,0"
"Cameroon","2020-04-19","0,0","0,0","0,0","0,0","100,0","0,0","0,0","0,0","0,0","0,0","0,0","0,0","0,0","0,0","0,0","0,0","0,0","0,0","0,0","0,0","0,0","0,0","0,0","0,0","0,0","0,0","0,0","0,0","0,0","0,0","0,0","0,0","0,0","0,0","0,0","0,0","0,0","0,0","0,0","0,0","0,0","0,0","0,0","0,0","0,0","0,0","0,0","0,0","0,0","0,0","0,0","0,0","0,0","0,0","0,0","0,0","0,0","0,0","0,0","0,0","0,0","0,0","0,0","0,0","0,0","0,0","0,0","0,0","0,0","0,0","0,0"
"Cameroon","2020-05-03","0,0","0,0","0,0","0,0","100,0","0,0","0,0","0,0","0,0","0,0","0,0","0,0","0,0","0,0","0,0","0,0","0,0","0,0","0,0","0,0","0,0","0,0","0,0","0,0","0,0","0,0","0,0","0,0","0,0","0,0","0,0","0,0","0,0","0,0","0,0","0,0","0,0","0,0","0,0","0,0","0,0","0,0","0,0","0,0","0,0","0,0","0,0","0,0","0,0","0,0","0,0","0,0","0,0","0,0","0,0","0,0","0,0","0,0","0,0","0,0","0,0","0,0","0,0","0,0","0,0","0,0","0,0","0,0","0,0","0,0","0,0"
"Cameroon","2020-05-17","0,0","0,0","0,0","0,0","100,0","0,0","0,0","0,0","0,0","0,0","0,0","0,0","0,0","0,0","0,0","0,0","0,0","0,0","0,0","0,0","0,0","0,0","0,0","0,0","0,0","0,0","0,0","0,0","0,0","0,0","0,0","0,0","0,0","0,0","0,0","0,0","0,0","0,0","0,0","0,0","0,0","0,0","0,0","0,0","0,0","0,0","0,0","0,0","0,0","0,0","0,0","0,0","0,0","0,0","0,0","0,0","0,0","0,0","0,0","0,0","0,0","0,0","0,0","0,0","0,0","0,0","0,0","0,0","0,0","0,0","0,0"
"Cameroon","2020-05-31","0,0","0,0","0,0","0,0","100,0","0,0","0,0","0,0","0,0","0,0","0,0","0,0","0,0","0,0","0,0","0,0","0,0","0,0","0,0","0,0","0,0","0,0","0,0","0,0","0,0","0,0","0,0","0,0","0,0","0,0","0,0","0,0","0,0","0,0","0,0","0,0","0,0","0,0","0,0","0,0","0,0","0,0","0,0","0,0","0,0","0,0","0,0","0,0","0,0","0,0","0,0","0,0","0,0","0,0","0,0","0,0","0,0","0,0","0,0","0,0","0,0","0,0","0,0","0,0","0,0","0,0","0,0","0,0","0,0","0,0","0,0"
"Cameroon","2020-06-14","0,0","0,0","0,0","0,0","100,0","0,0","0,0","0,0","0,0","0,0","0,0","0,0","0,0","0,0","0,0","0,0","0,0","0,0","0,0","0,0","0,0","0,0","0,0","0,0","0,0","0,0","0,0","0,0","0,0","0,0","0,0","0,0","0,0","0,0","0,0","0,0","0,0","0,0","0,0","0,0","0,0","0,0","0,0","0,0","0,0","0,0","0,0","0,0","0,0","0,0","0,0","0,0","0,0","0,0","0,0","0,0","0,0","0,0","0,0","0,0","0,0","0,0","0,0","0,0","0,0","0,0","0,0","0,0","0,0","0,0","0,0"
"Cameroon","2020-06-28","0,0","0,0","0,0","0,0","100,0","0,0","0,0","0,0","0,0","0,0","0,0","0,0","0,0","0,0","0,0","0,0","0,0","0,0","0,0","0,0","0,0","0,0","0,0","0,0","0,0","0,0","0,0","0,0","0,0","0,0","0,0","0,0","0,0","0,0","0,0","0,0","0,0","0,0","0,0","0,0","0,0","0,0","0,0","0,0","0,0","0,0","0,0","0,0","0,0","0,0","0,0","0,0","0,0","0,0","0,0","0,0","0,0","0,0","0,0","0,0","0,0","0,0","0,0","0,0","0,0","0,0","0,0","0,0","0,0","0,0","0,0"
"Cameroon","2020-08-23","0,0","0,0","0,0","0,0","100,0","0,0","0,0","0,0","0,0","0,0","0,0","0,0","0,0","0,0","0,0","0,0","0,0","0,0","0,0","0,0","0,0","0,0","0,0","0,0","0,0","0,0","0,0","0,0","0,0","0,0","0,0","0,0","0,0","0,0","0,0","0,0","0,0","0,0","0,0","0,0","0,0","0,0","0,0","0,0","0,0","0,0","0,0","0,0","0,0","0,0","0,0","0,0","0,0","0,0","0,0","0,0","0,0","0,0","0,0","0,0","0,0","0,0","0,0","0,0","0,0","0,0","0,0","0,0","0,0","0,0","0,0"
"Cameroon","2020-11-01","0,0","0,0","0,0","0,0","50,0","0,0","0,0","0,0","0,0","0,0","0,0","0,0","0,0","0,0","0,0","0,0","0,0","0,0","0,0","0,0","0,0","0,0","0,0","0,0","0,0","0,0","0,0","0,0","0,0","0,0","0,0","0,0","0,0","0,0","0,0","0,0","0,0","0,0","0,0","0,0","0,0","0,0","0,0","0,0","0,0","0,0","0,0","0,0","0,0","0,0","0,0","0,0","0,0","0,0","0,0","0,0","0,0","0,0","0,0","0,0","0,0","0,0","0,0","0,0","0,0","0,0","0,0","0,0","0,0","0,0","50,0"
"Cameroon","2020-11-29","0,0","0,0","0,0","0,0","80,0","0,0","20,0","0,0","0,0","0,0","0,0","0,0","0,0","0,0","0,0","0,0","0,0","0,0","0,0","0,0","0,0","0,0","0,0","0,0","0,0","0,0","0,0","0,0","0,0","0,0","0,0","0,0","0,0","0,0","0,0","0,0","0,0","0,0","0,0","0,0","0,0","0,0","0,0","0,0","0,0","0,0","0,0","0,0","0,0","0,0","0,0","0,0","0,0","0,0","0,0","0,0","0,0","0,0","0,0","0,0","0,0","0,0","0,0","0,0","0,0","0,0","0,0","0,0","0,0","0,0","0,0"
"Cameroon","2020-12-13","0,0","0,0","0,0","0,0","100,0","0,0","0,0","0,0","0,0","0,0","0,0","0,0","0,0","0,0","0,0","0,0","0,0","0,0","0,0","0,0","0,0","0,0","0,0","0,0","0,0","0,0","0,0","0,0","0,0","0,0","0,0","0,0","0,0","0,0","0,0","0,0","0,0","0,0","0,0","0,0","0,0","0,0","0,0","0,0","0,0","0,0","0,0","0,0","0,0","0,0","0,0","0,0","0,0","0,0","0,0","0,0","0,0","0,0","0,0","0,0","0,0","0,0","0,0","0,0","0,0","0,0","0,0","0,0","0,0","0,0","0,0"
"Cameroon","2020-12-27","0,0","0,0","0,0","0,0","100,0","0,0","0,0","0,0","0,0","0,0","0,0","0,0","0,0","0,0","0,0","0,0","0,0","0,0","0,0","0,0","0,0","0,0","0,0","0,0","0,0","0,0","0,0","0,0","0,0","0,0","0,0","0,0","0,0","0,0","0,0","0,0","0,0","0,0","0,0","0,0","0,0","0,0","0,0","0,0","0,0","0,0","0,0","0,0","0,0","0,0","0,0","0,0","0,0","0,0","0,0","0,0","0,0","0,0","0,0","0,0","0,0","0,0","0,0","0,0","0,0","0,0","0,0","0,0","0,0","0,0","0,0"
"Cameroon","2021-01-10","0,0","0,0","0,0","0,0","77,77777777777779","0,0","0,0","0,0","0,0","0,0","0,0","2,7777777777777777","2,7777777777777777","0,0","0,0","0,0","0,0","0,0","0,0","0,0","0,0","0,0","0,0","0,0","0,0","0,0","0,0","0,0","0,0","0,0","0,0","0,0","0,0","0,0","0,0","0,0","0,0","0,0","0,0","0,0","0,0","0,0","0,0","0,0","0,0","0,0","0,0","0,0","0,0","0,0","0,0","0,0","8,333333333333332","2,7777777777777777","0,0","0,0","0,0","0,0","0,0","0,0","0,0","0,0","0,0","0,0","0,0","0,0","0,0","2,7777777777777777","0,0","2,7777777777777777","0,0"
"Cameroon","2021-01-24","0,0","0,0","3,4482758620689653","0,0","86,20689655172413","0,0","0,0","0,0","0,0","0,0","0,0","6,896551724137931","0,0","0,0","0,0","0,0","0,0","0,0","0,0","0,0","0,0","0,0","0,0","0,0","0,0","0,0","0,0","0,0","0,0","0,0","0,0","0,0","0,0","0,0","0,0","0,0","0,0","0,0","0,0","0,0","0,0","0,0","0,0","0,0","0,0","0,0","0,0","0,0","0,0","0,0","0,0","0,0","0,0","0,0","0,0","0,0","0,0","0,0","0,0","0,0","0,0","0,0","0,0","0,0","0,0","0,0","0,0","0,0","0,0","3,4482758620689653","0,0"
"Cameroon","2021-02-07","1,8181818181818181","0,0","0,0","10,909090909090908","34,54545454545455","3,6363636363636362","0,0","0,0","21,818181818181817","0,0","0,0","5,454545454545454","0,0","0,0","0,0","0,0","0,0","0,0","0,0","0,0","0,0","0,0","0,0","0,0","0,0","0,0","0,0","0,0","0,0","0,0","0,0","0,0","0,0","0,0","0,0","0,0","0,0","0,0","0,0","0,0","0,0","0,0","0,0","0,0","0,0","0,0","0,0","0,0","0,0","5,454545454545454","9,090909090909092","3,6363636363636362","0,0","0,0","0,0","0,0","0,0","0,0","0,0","0,0","0,0","0,0","0,0","0,0","0,0","0,0","0,0","0,0","0,0","3,6363636363636362","0,0"
"Cameroon","2021-02-21","0,0","5,88235294117647","0,0","17,647058823529413","29,411764705882355","0,0","0,0","0,0","17,647058823529413","5,88235294117647","0,0","11,76470588235294","5,88235294117647","0,0","0,0","0,0","0,0","0,0","0,0","0,0","0,0","0,0","0,0","0,0","0,0","0,0","0,0","0,0","0,0","0,0","0,0","0,0","0,0","0,0","0,0","0,0","0,0","0,0","0,0","0,0","0,0","0,0","0,0","0,0","0,0","0,0","0,0","0,0","0,0","0,0","5,88235294117647","0,0","0,0","0,0","0,0","0,0","0,0","0,0","0,0","0,0","0,0","0,0","0,0","0,0","0,0","0,0","0,0","0,0","0,0","0,0","0,0"
"Cameroon","2021-03-07","3,571428571428571","0,0","0,0","7,142857142857142","3,571428571428571","0,0","0,0","0,0","39,285714285714285","14,285714285714285","0,0","7,142857142857142","0,0","0,0","0,0","0,0","0,0","0,0","0,0","0,0","0,0","0,0","0,0","0,0","0,0","0,0","0,0","0,0","0,0","0,0","0,0","0,0","0,0","0,0","0,0","0,0","0,0","0,0","0,0","0,0","0,0","0,0","0,0","0,0","0,0","0,0","0,0","0,0","0,0","0,0","25,0","0,0","0,0","0,0","0,0","0,0","0,0","0,0","0,0","0,0","0,0","0,0","0,0","0,0","0,0","0,0","0,0","0,0","0,0","0,0","0,0"
"Cameroon","2021-03-21","0,0","0,0","0,0","0,0","14,285714285714285","14,285714285714285","0,0","0,0","14,285714285714285","28,57142857142857","0,0","14,285714285714285","0,0","0,0","0,0","0,0","0,0","0,0","0,0","0,0","0,0","0,0","0,0","0,0","0,0","0,0","0,0","0,0","0,0","0,0","0,0","0,0","0,0","0,0","0,0","0,0","0,0","0,0","0,0","0,0","0,0","0,0","0,0","0,0","0,0","0,0","0,0","0,0","0,0","0,0","14,285714285714285","0,0","0,0","0,0","0,0","0,0","0,0","0,0","0,0","0,0","0,0","0,0","0,0","0,0","0,0","0,0","0,0","0,0","0,0","0,0","0,0"
"Cameroon","2021-04-04","0,0","0,0","0,0","33,33333333333333","0,0","16,666666666666664","0,0","0,0","33,33333333333333","0,0","0,0","0,0","0,0","16,666666666666664","0,0","0,0","0,0","0,0","0,0","0,0","0,0","0,0","0,0","0,0","0,0","0,0","0,0","0,0","0,0","0,0","0,0","0,0","0,0","0,0","0,0","0,0","0,0","0,0","0,0","0,0","0,0","0,0","0,0","0,0","0,0","0,0","0,0","0,0","0,0","0,0","0,0","0,0","0,0","0,0","0,0","0,0","0,0","0,0","0,0","0,0","0,0","0,0","0,0","0,0","0,0","0,0","0,0","0,0","0,0","0,0","0,0"
"Cameroon","2021-04-18","0,0","0,0","0,0","18,181818181818183","9,090909090909092","9,090909090909092","0,0","4,545454545454546","27,27272727272727","9,090909090909092","0,0","0,0","0,0","0,0","0,0","0,0","0,0","0,0","0,0","0,0","0,0","0,0","0,0","0,0","0,0","0,0","0,0","0,0","0,0","0,0","0,0","0,0","0,0","0,0","0,0","0,0","0,0","0,0","0,0","0,0","0,0","0,0","0,0","0,0","0,0","0,0","0,0","0,0","0,0","0,0","9,090909090909092","0,0","0,0","0,0","0,0","0,0","0,0","0,0","0,0","0,0","0,0","0,0","0,0","0,0","0,0","0,0","0,0","0,0","0,0","13,636363636363635","0,0"
"Cameroon","2021-05-02","0,0","0,0","0,0","0,0","0,0","5,0","0,0","0,0","5,0","65,0","0,0","10,0","0,0","5,0","0,0","0,0","0,0","0,0","0,0","0,0","0,0","0,0","0,0","0,0","0,0","0,0","0,0","0,0","0,0","0,0","0,0","0,0","0,0","0,0","0,0","0,0","0,0","0,0","0,0","0,0","0,0","0,0","0,0","0,0","0,0","0,0","0,0","0,0","0,0","0,0","5,0","0,0","0,0","0,0","0,0","0,0","0,0","0,0","0,0","0,0","0,0","0,0","0,0","0,0","0,0","0,0","0,0","0,0","0,0","5,0","0,0"
"Cameroon","2021-05-16","0,0","0,0","0,0","0,0","28,57142857142857","0,0","0,0","0,0","0,0","71,42857142857143","0,0","0,0","0,0","0,0","0,0","0,0","0,0","0,0","0,0","0,0","0,0","0,0","0,0","0,0","0,0","0,0","0,0","0,0","0,0","0,0","0,0","0,0","0,0","0,0","0,0","0,0","0,0","0,0","0,0","0,0","0,0","0,0","0,0","0,0","0,0","0,0","0,0","0,0","0,0","0,0","0,0","0,0","0,0","0,0","0,0","0,0","0,0","0,0","0,0","0,0","0,0","0,0","0,0","0,0","0,0","0,0","0,0","0,0","0,0","0,0","0,0"
"Cameroon","2021-05-30","0,0","0,0","0,0","0,0","0,0","50,0","0,0","0,0","0,0","50,0","0,0","0,0","0,0","0,0","0,0","0,0","0,0","0,0","0,0","0,0","0,0","0,0","0,0","0,0","0,0","0,0","0,0","0,0","0,0","0,0","0,0","0,0","0,0","0,0","0,0","0,0","0,0","0,0","0,0","0,0","0,0","0,0","0,0","0,0","0,0","0,0","0,0","0,0","0,0","0,0","0,0","0,0","0,0","0,0","0,0","0,0","0,0","0,0","0,0","0,0","0,0","0,0","0,0","0,0","0,0","0,0","0,0","0,0","0,0","0,0","0,0"
"Cameroon","2021-06-13","0,0","0,0","0,0","0,0","0,0","0,0","0,0","0,0","0,0","33,33333333333333","0,0","0,0","0,0","46,666666666666664","0,0","0,0","0,0","0,0","0,0","0,0","0,0","0,0","0,0","0,0","0,0","0,0","0,0","0,0","0,0","0,0","0,0","0,0","20,0","0,0","0,0","0,0","0,0","0,0","0,0","0,0","0,0","0,0","0,0","0,0","0,0","0,0","0,0","0,0","0,0","0,0","0,0","0,0","0,0","0,0","0,0","0,0","0,0","0,0","0,0","0,0","0,0","0,0","0,0","0,0","0,0","0,0","0,0","0,0","0,0","0,0","0,0"
"Cameroon","2021-06-27","0,0","0,0","0,0","0,0","50,0","0,0","0,0","0,0","0,0","0,0","0,0","0,0","0,0","50,0","0,0","0,0","0,0","0,0","0,0","0,0","0,0","0,0","0,0","0,0","0,0","0,0","0,0","0,0","0,0","0,0","0,0","0,0","0,0","0,0","0,0","0,0","0,0","0,0","0,0","0,0","0,0","0,0","0,0","0,0","0,0","0,0","0,0","0,0","0,0","0,0","0,0","0,0","0,0","0,0","0,0","0,0","0,0","0,0","0,0","0,0","0,0","0,0","0,0","0,0","0,0","0,0","0,0","0,0","0,0","0,0","0,0"
"Cameroon","2021-07-11","0,0","0,0","0,0","0,0","0,0","33,33333333333333","0,0","0,0","0,0","0,0","0,0","0,0","0,0","66,66666666666666","0,0","0,0","0,0","0,0","0,0","0,0","0,0","0,0","0,0","0,0","0,0","0,0","0,0","0,0","0,0","0,0","0,0","0,0","0,0","0,0","0,0","0,0","0,0","0,0","0,0","0,0","0,0","0,0","0,0","0,0","0,0","0,0","0,0","0,0","0,0","0,0","0,0","0,0","0,0","0,0","0,0","0,0","0,0","0,0","0,0","0,0","0,0","0,0","0,0","0,0","0,0","0,0","0,0","0,0","0,0","0,0","0,0"
"Cameroon","2021-07-25","0,0","0,0","0,0","0,0","0,0","0,0","0,0","0,0","0,0","0,0","0,0","0,0","0,0","80,0","0,0","0,0","0,0","0,0","20,0","0,0","0,0","0,0","0,0","0,0","0,0","0,0","0,0","0,0","0,0","0,0","0,0","0,0","0,0","0,0","0,0","0,0","0,0","0,0","0,0","0,0","0,0","0,0","0,0","0,0","0,0","0,0","0,0","0,0","0,0","0,0","0,0","0,0","0,0","0,0","0,0","0,0","0,0","0,0","0,0","0,0","0,0","0,0","0,0","0,0","0,0","0,0","0,0","0,0","0,0","0,0","0,0"
"Cameroon","2021-08-08","0,0","0,0","0,0","0,0","0,0","0,0","0,0","0,0","0,0","0,0","0,0","0,0","0,0","0,0","0,0","0,0","0,0","0,0","0,0","0,0","0,0","0,0","0,0","0,0","0,0","0,0","0,0","0,0","0,0","0,0","0,0","0,0","0,0","0,0","0,0","0,0","0,0","0,0","0,0","0,0","66,66666666666666","0,0","0,0","0,0","0,0","0,0","0,0","0,0","0,0","0,0","0,0","0,0","0,0","0,0","0,0","0,0","0,0","0,0","0,0","0,0","0,0","0,0","0,0","0,0","0,0","0,0","0,0","0,0","0,0","33,33333333333333","0,0"
"Cameroon","2021-08-22","0,0","0,0","0,0","0,0","11,666666666666666","0,0","0,0","0,0","0,0","0,0","0,0","0,0","0,0","25,0","0,0","23,333333333333332","0,0","0,0","0,0","1,6666666666666667","0,0","1,6666666666666667","0,0","10,0","0,0","0,0","0,0","0,0","0,0","0,0","5,0","0,0","0,0","0,0","0,0","5,0","0,0","0,0","0,0","3,3333333333333335","0,0","0,0","0,0","0,0","1,6666666666666667","0,0","0,0","0,0","0,0","0,0","1,6666666666666667","0,0","0,0","0,0","0,0","0,0","0,0","0,0","0,0","0,0","0,0","0,0","0,0","0,0","0,0","0,0","0,0","0,0","0,0","10,0","0,0"
"Cameroon","2021-09-05","0,0","0,0","0,0","0,0","8,620689655172415","0,0","0,0","0,0","0,0","0,0","0,0","0,8620689655172413","0,0","31,896551724137932","0,8620689655172413","15,517241379310345","0,0","1,7241379310344827","0,0","0,0","0,8620689655172413","0,0","0,0","6,896551724137931","0,0","0,0","1,7241379310344827","0,0","0,0","11,206896551724139","3,4482758620689653","0,0","0,0","0,0","0,8620689655172413","6,0344827586206895","0,8620689655172413","0,0","0,0","0,8620689655172413","1,7241379310344827","0,8620689655172413","0,0","0,0","0,8620689655172413","0,0","0,0","0,0","0,0","0,0","0,0","0,0","0,0","0,0","0,0","0,0","0,0","0,0","0,0","0,0","0,0","0,0","0,0","0,0","0,0","0,0","0,0","0,0","0,0","4,310344827586207","0,0"
"Cameroon","2021-09-19","0,0","0,0","0,0","0,0","4,716981132075472","0,0","0,0","0,0","0,0","0,0","0,0","0,9433962264150944","0,0","29,245283018867923","0,9433962264150944","16,037735849056602","0,9433962264150944","2,8301886792452833","0,0","0,0","0,0","0,0","0,0","4,716981132075472","0,0","2,8301886792452833","2,8301886792452833","0,0","0,0","10,377358490566039","0,9433962264150944","0,0","0,0","0,0","0,9433962264150944","5,660377358490567","0,0","0,0","2,8301886792452833","1,8867924528301887","1,8867924528301887","0,0","0,0","0,9433962264150944","0,0","0,9433962264150944","0,0","0,0","0,9433962264150944","0,0","0,0","0,0","0,0","0,0","0,0","0,0","0,0","0,0","0,0","0,0","0,0","0,0","0,0","0,0","0,0","0,0","0,0","0,0","0,0","6,60377358490566","0,0"
"Cameroon","2021-10-03","0,0","0,0","0,0","0,0","11,11111111111111","0,0","0,0","0,0","0,0","0,0","0,0","0,0","0,0","22,22222222222222","0,0","18,51851851851852","0,0","5,555555555555555","0,0","0,0","0,0","0,0","1,8518518518518516","7,4074074074074066","0,0","0,0","3,7037037037037033","1,8518518518518516","0,0","5,555555555555555","0,0","1,8518518518518516","0,0","0,0","1,8518518518518516","7,4074074074074066","0,0","0,0","1,8518518518518516","1,8518518518518516","0,0","0,0","0,0","0,0","0,0","0,0","0,0","0,0","0,0","0,0","0,0","0,0","0,0","0,0","0,0","0,0","0,0","0,0","0,0","0,0","0,0","0,0","0,0","0,0","0,0","0,0","0,0","0,0","0,0","7,4074074074074066","0,0"
"Cameroon","2021-10-31","0,0","0,0","0,0","0,0","0,0","0,0","0,0","0,0","0,0","0,0","0,0","0,0","0,0","0,0","0,0","0,0","0,0","0,0","0,0","0,0","0,0","0,0","0,0","0,0","0,0","0,0","0,0","0,0","0,0","0,0","0,0","0,0","0,0","0,0","0,0","33,33333333333333","0,0","0,0","0,0","0,0","0,0","0,0","0,0","0,0","0,0","0,0","0,0","0,0","0,0","0,0","0,0","0,0","66,66666666666666","0,0","0,0","0,0","0,0","0,0","0,0","0,0","0,0","0,0","0,0","0,0","0,0","0,0","0,0","0,0","0,0","0,0","0,0"
"Cameroon","2021-11-14","0,0","0,0","0,0","0,0","0,0","0,0","0,0","0,0","0,0","0,0","4,545454545454546","0,0","0,0","13,636363636363635","0,0","0,0","0,0","0,0","0,0","0,0","0,0","0,0","0,0","0,0","0,0","0,0","0,0","0,0","0,0","18,181818181818183","0,0","4,545454545454546","0,0","9,090909090909092","0,0","31,818181818181817","0,0","0,0","0,0","4,545454545454546","0,0","0,0","4,545454545454546","0,0","0,0","0,0","0,0","0,0","0,0","0,0","0,0","0,0","0,0","0,0","0,0","0,0","0,0","0,0","0,0","0,0","0,0","0,0","0,0","0,0","0,0","0,0","0,0","0,0","0,0","9,090909090909092","0,0"
"Cameroon","2021-11-28","0,0","0,0","0,0","0,0","29,411764705882355","0,0","0,0","0,0","0,0","0,0","0,0","0,0","0,0","0,0","0,0","0,0","0,0","0,0","0,0","0,0","0,0","0,0","0,0","5,88235294117647","0,0","0,0","0,0","0,0","0,0","0,0","0,0","17,647058823529413","5,88235294117647","0,0","0,0","11,76470588235294","5,88235294117647","0,0","0,0","5,88235294117647","0,0","0,0","0,0","0,0","0,0","0,0","0,0","0,0","0,0","0,0","0,0","0,0","0,0","0,0","0,0","0,0","0,0","0,0","0,0","0,0","0,0","0,0","0,0","0,0","0,0","0,0","0,0","0,0","0,0","17,647058823529413","0,0"
"Cameroon","2021-12-12","0,0","0,0","0,0","0,0","13,636363636363635","0,0","0,0","0,0","0,0","0,0","6,0606060606060606","0,0","0,0","4,545454545454546","0,0","1,5151515151515151","0,0","1,5151515151515151","0,0","0,0","0,0","0,0","0,0","1,5151515151515151","0,0","0,0","0,0","0,0","1,5151515151515151","3,0303030303030303","0,0","3,0303030303030303","0,0","4,545454545454546","0,0","9,090909090909092","0,0","0,0","0,0","3,0303030303030303","0,0","0,0","0,0","0,0","0,0","0,0","1,5151515151515151","1,5151515151515151","0,0","0,0","0,0","0,0","4,545454545454546","6,0606060606060606","0,0","0,0","1,5151515151515151","0,0","0,0","0,0","0,0","7,575757575757576","0,0","4,545454545454546","0,0","1,5151515151515151","0,0","0,0","0,0","18,181818181818183","0,0"
"Cameroon","2021-12-26","0,0","0,0","0,0","0,0","0,0","0,0","0,0","0,0","0,0","0,0","1,0752688172043012","0,0","0,0","2,1505376344086025","0,0","0,0","0,0","0,0","0,0","0,0","0,0","0,0","2,1505376344086025","3,225806451612903","0,0","0,0","0,0","0,0","0,0","1,0752688172043012","0,0","0,0","0,0","1,0752688172043012","0,0","3,225806451612903","0,0","1,0752688172043012","0,0","0,0","0,0","0,0","0,0","0,0","0,0","0,0","0,0","0,0","0,0","0,0","0,0","0,0","27,956989247311824","21,50537634408602","0,0","0,0","5,376344086021505","0,0","0,0","0,0","1,0752688172043012","15,053763440860216","0,0","6,451612903225806","0,0","0,0","0,0","1,0752688172043012","0,0","6,451612903225806","0,0"
"Cameroon","2022-01-09","0,0","0,0","0,0","0,0","0,0","0,0","0,0","0,0","0,0","0,0","1,185770750988142","0,0","0,0","1,185770750988142","0,0","0,0","0,0","0,0","0,0","0,0","0,0","0,0","0,0","0,0","0,0","0,0","0,0","0,0","0,0","0,0","0,0","0,0","0,0","0,0","0,0","0,0","0,0","0,0","0,0","0,0","0,0","0,0","0,0","0,0","0,0","0,0","0,0","0,0","0,0","0,0","0,0","0,0","18,181818181818183","34,78260869565217","0,7905138339920948","0,3952569169960474","2,371541501976284","0,3952569169960474","0,3952569169960474","0,7905138339920948","0,0","21,34387351778656","1,5810276679841897","3,557312252964427","1,185770750988142","0,7905138339920948","0,3952569169960474","7,5098814229249005","0,0","3,1620553359683794","0,0"
"Cameroon","2022-01-23","0,0","0,0","0,0","0,0","0,0","0,0","0,0","0,0","0,0","0,0","0,0","0,0","0,0","0,0","0,0","0,0","0,0","0,0","0,0","0,0","0,0","0,0","0,0","0,0","0,7352941176470588","0,0","0,0","0,0","0,0","0,0","0,0","0,0","0,0","0,0","0,0","0,0","0,0","0,0","0,0","0,0","0,0","0,0","0,0","0,0","0,0","0,0","0,0","0,0","0,0","0,0","0,0","0,0","20,588235294117645","35,294117647058826","1,4705882352941175","0,0","3,6764705882352944","0,7352941176470588","0,0","0,7352941176470588","0,0","17,647058823529413","0,7352941176470588","5,147058823529411","0,7352941176470588","0,0","0,0","3,6764705882352944","0,0","8,823529411764707","0,0"
"Cameroon","2022-02-06","0,0","0,0","0,0","0,0","0,0","0,0","0,0","0,0","0,0","0,0","0,0","0,0","0,0","0,0","0,0","0,0","0,0","0,0","0,0","0,0","0,0","0,0","0,0","0,0","0,0","0,0","0,0","0,0","0,0","0,0","0,0","0,0","0,0","0,0","0,0","0,0","0,0","0,0","0,0","0,0","0,0","0,0","0,0","0,0","0,0","0,0","0,0","0,0","0,0","0,0","0,0","0,0","23,52941176470588","23,52941176470588","0,0","0,0","0,0","0,0","0,0","0,0","0,0","29,411764705882355","0,0","11,76470588235294","0,0","0,0","0,0","0,0","5,88235294117647","5,88235294117647","0,0"
"Cameroon","2022-02-20","0,0","0,0","0,0","0,0","0,0","0,0","0,0","0,0","0,0","0,0","0,0","0,0","0,0","0,0","0,0","0,0","0,0","0,0","0,0","0,0","0,0","0,0","0,0","0,0","0,0","0,0","0,0","0,0","0,0","0,0","0,0","0,0","0,0","0,0","0,0","0,0","0,0","0,0","0,0","0,0","0,0","0,0","0,0","0,0","0,0","0,0","0,0","0,0","0,0","0,0","0,0","0,0","50,0","0,0","0,0","0,0","0,0","50,0","0,0","0,0","0,0","0,0","0,0","0,0","0,0","0,0","0,0","0,0","0,0","0,0","0,0"
"Cameroon","2022-03-20","0,0","0,0","0,0","0,0","0,0","0,0","0,0","0,0","0,0","0,0","0,0","0,0","0,0","0,0","0,0","0,0","0,0","0,0","0,0","0,0","0,0","0,0","0,0","0,0","0,0","0,0","0,0","0,0","0,0","0,0","0,0","0,0","0,0","0,0","0,0","0,0","0,0","0,0","0,0","0,0","0,0","0,0","0,0","0,0","0,0","0,0","0,0","0,0","0,0","0,0","0,0","0,0","0,0","0,0","0,0","0,0","0,0","0,0","0,0","0,0","0,0","0,0","0,0","0,0","0,0","0,0","0,0","0,0","0,0","100,0","0,0"
