"location","date","A (Lineage)","A.2.5","Alpha (WHO VOC)","Alpha - Q.2 (WHO VOC)","B (Lineage)","B.1.1.277 - 20B/S:626S","B.1.1.28","B.1.1.519 (WHO FMV)","B.1.177 - 20E/EU1","C (Lineage)","C.36.3 (WHO FMV)","D (Lineage)","Delta (WHO VOC)","Delta - AY.100 (WHO VOC)","Delta - AY.101 (WHO VOC)","Delta - AY.102 (WHO VOC)","Delta - AY.103 (WHO VOC)","Delta - AY.110 (WHO VOC)","Delta - AY.112 (WHO VOC)","Delta - AY.113 (WHO VOC)","Delta - AY.116 (WHO VOC)","Delta - AY.116.1 (WHO VOC)","Delta - AY.117 (WHO VOC)","Delta - AY.118 (WHO VOC)","Delta - AY.119 (WHO VOC)","Delta - AY.119.1 (WHO VOC)","Delta - AY.120 (WHO VOC)","Delta - AY.120.1 (WHO VOC)","Delta - AY.120.2 (WHO VOC)","Delta - AY.121 (WHO VOC)","Delta - AY.122 (WHO VOC)","Delta - AY.122.4 (WHO VOC)","Delta - AY.124 (WHO VOC)","Delta - AY.124.1 (WHO VOC)","Delta - AY.125 (WHO VOC)","Delta - AY.126 (WHO VOC)","Delta - AY.127 (WHO VOC)","Delta - AY.129 (WHO VOC)","Delta - AY.13 (WHO VOC)","Delta - AY.14 (WHO VOC)","Delta - AY.17 (WHO VOC)","Delta - AY.19 (WHO VOC)","Delta - AY.20 (WHO VOC)","Delta - AY.24 (WHO VOC)","Delta - AY.25 (WHO VOC)","Delta - AY.25.1 (WHO VOC)","Delta - AY.25.1.1 (WHO VOC)","Delta - AY.25.3 (WHO VOC)","Delta - AY.26 (WHO VOC)","Delta - AY.3 (WHO VOC)","Delta - AY.3.1 (WHO VOC)","Delta - AY.33 (WHO VOC)","Delta - AY.34 (WHO VOC)","Delta - AY.34.1 (WHO VOC)","Delta - AY.35 (WHO VOC)","Delta - AY.36 (WHO VOC)","Delta - AY.36.1 (WHO VOC)","Delta - AY.37 (WHO VOC)","Delta - AY.39 (WHO VOC)","Delta - AY.39.1 (WHO VOC)","Delta - AY.39.2 (WHO VOC)","Delta - AY.4 (WHO VOC)","Delta - AY.4.2 (WHO VOC)","Delta - AY.4.2.3 (WHO VOC)","Delta - AY.4.7 (WHO VOC)","Delta - AY.42 (WHO VOC)","Delta - AY.43 (WHO VOC)","Delta - AY.43.1 (WHO VOC)","Delta - AY.43.3 (WHO VOC)","Delta - AY.44 (WHO VOC)","Delta - AY.45 (WHO VOC)","Delta - AY.46 (WHO VOC)","Delta - AY.46.1 (WHO VOC)","Delta - AY.46.4 (WHO VOC)","Delta - AY.47 (WHO VOC)","Delta - AY.49 (WHO VOC)","Delta - AY.5 (WHO VOC)","Delta - AY.5.3 (WHO VOC)","Delta - AY.5.4 (WHO VOC)","Delta - AY.52 (WHO VOC)","Delta - AY.54 (WHO VOC)","Delta - AY.6 (WHO VOC)","Delta - AY.61 (WHO VOC)","Delta - AY.70 (WHO VOC)","Delta - AY.73 (WHO VOC)","Delta - AY.74 (WHO VOC)","Delta - AY.75 (WHO VOC)","Delta - AY.77 (WHO VOC)","Delta - AY.86 (WHO VOC)","Delta - AY.9.2 (WHO VOC)","Delta - AY.91 (WHO VOC)","Delta - AY.92 (WHO VOC)","Delta - AY.94 (WHO VOC)","Delta - AY.95 (WHO VOC)","Delta - AY.98 (WHO VOC)","Delta - AY.98.1 (WHO VOC)","Delta - AY.99 (WHO VOC)","Delta - AY.99.1 (WHO VOC)","Delta - AY.99.2 (WHO VOC)","Epsilon (WHO VOI)","Gamma (WHO VOC)","Gamma - P.1.1 (WHO VOC)","Gamma - P.1.10 (WHO VOC)","Gamma - P.1.12 (WHO VOC)","Gamma - P.1.14 (WHO VOC)","Gamma - P.1.15 (WHO VOC)","Gamma - P.1.17 (WHO VOC)","Gamma - P.1.2 (WHO VOC)","Gamma - P.1.4 (WHO VOC)","Gamma - P.1.7 (WHO VOC)","Iota (WHO VOI)","Kappa (WHO VOI)","Lambda (WHO VOI)","Mu - 21H (WHO VOI)","Mu - 21H - BB.2 (WHO VOI)","Omicron - BA.1 (WHO VOC)","Omicron - BA.1.1 (WHO VOC)","Omicron - BA.1.1.1 (WHO VOC)","Omicron - BA.1.1.10 (WHO VOC)","Omicron - BA.1.1.11 (WHO VOC)","Omicron - BA.1.1.14 (WHO VOC)","Omicron - BA.1.1.15 (WHO VOC)","Omicron - BA.1.1.16 (WHO VOC)","Omicron - BA.1.1.18 (WHO VOC)","Omicron - BA.1.1.2 (WHO VOC)","Omicron - BA.1.14 (WHO VOC)","Omicron - BA.1.15 (WHO VOC)","Omicron - BA.1.15.1 (WHO VOC)","Omicron - BA.1.15.3 (WHO VOC)","Omicron - BA.1.16 (WHO VOC)","Omicron - BA.1.17 (WHO VOC)","Omicron - BA.1.17.2 (WHO VOC)","Omicron - BA.1.18 (WHO VOC)","Omicron - BA.1.20 (WHO VOC)","Omicron - BA.1.21 (WHO VOC)","Omicron - BA.1.6 (WHO VOC)","Omicron - BA.1.8 (WHO VOC)","Omicron - BA.2 (WHO VOC)","Omicron - BA.2.1 (WHO VOC)","Omicron - BA.2.10 (WHO VOC)","Omicron - BA.2.10.1 (WHO VOC)","Omicron - BA.2.11 (WHO VOC)","Omicron - BA.2.12 (WHO VOC)","Omicron - BA.2.12.1 (WHO VOC)","Omicron - BA.2.13 (WHO VOC)","Omicron - BA.2.18 (WHO VOC)","Omicron - BA.2.22 (WHO VOC)","Omicron - BA.2.23 (WHO VOC)","Omicron - BA.2.28 (WHO VOC)","Omicron - BA.2.3 (WHO VOC)","Omicron - BA.2.3.10 (WHO VOC)","Omicron - BA.2.3.15 (WHO VOC)","Omicron - BA.2.3.6 (WHO VOC)","Omicron - BA.2.34 (WHO VOC)","Omicron - BA.2.36 (WHO VOC)","Omicron - BA.2.37 (WHO VOC)","Omicron - BA.2.47 (WHO VOC)","Omicron - BA.2.49 (WHO VOC)","Omicron - BA.2.5 (WHO VOC)","Omicron - BA.2.56 (WHO VOC)","Omicron - BA.2.60 (WHO VOC)","Omicron - BA.2.63 (WHO VOC)","Omicron - BA.2.65 (WHO VOC)","Omicron - BA.2.72 (WHO VOC)","Omicron - BA.2.73 (WHO VOC)","Omicron - BA.2.75 (WHO VOC)","Omicron - BA.2.76 (WHO VOC)","Omicron - BA.2.8 (WHO VOC)","Omicron - BA.2.81 (WHO VOC)","Omicron - BA.2.9 (WHO VOC)","Omicron - BA.2.9.3 (WHO VOC)","Omicron - BA.3 (WHO VOC)","Omicron - BA.4 (WHO VOC)","Omicron - BA.4.1 (WHO VOC)","Omicron - BA.4.1.1 (WHO VOC)","Omicron - BA.4.4 (WHO VOC)","Omicron - BA.4.6 (WHO VOC)","Omicron - BA.5 (WHO VOC)","Omicron - BA.5.1 (WHO VOC)","Omicron - BA.5.1.1 (WHO VOC)","Omicron - BA.5.2 (WHO VOC)","Omicron - BA.5.2.1 (WHO VOC)","Omicron - BA.5.2.2 (WHO VOC)","Omicron - BA.5.5 (WHO VOC)","Omicron - BA.5.6 (WHO VOC)","Omicron - BE.1 (WHO VOC)","Omicron - BE.1.1 (WHO VOC)","Omicron - BE.3 (WHO VOC)","Omicron - BF.5 (WHO VOC)","Omicron - BG.1 (WHO VOC)","Omicron - BG.2 (WHO VOC)","Other","P (Lineage)","R.1 (WHO FMV)","XB (Lineage)","Unknown"
"Colombia","2020-03-08","0","0","0","0","1","0","0","0","0","0","0","0","0","0","0","0","0","0","0","0","0","0","0","0","0","0","0","0","0","0","0","0","0","0","0","0","0","0","0","0","0","0","0","0","0","0","0","0","0","0","0","0","0","0","0","0","0","0","0","0","0","0","0","0","0","0","0","0","0","0","0","0","0","0","0","0","0","0","0","0","0","0","0","0","0","0","0","0","0","0","0","0","0","0","0","0","0","0","0","0","0","0","0","0","0","0","0","0","0","0","0","0","0","0","0","0","0","0","0","0","0","0","0","0","0","0","0","0","0","0","0","0","0","0","0","0","0","0","0","0","0","0","0","0","0","0","0","0","0","0","0","0","0","0","0","0","0","0","0","0","0","0","0","0","0","0","0","0","0","0","0","0","0","0","0","0","0","0","0","0","0","0","0","0","0","0","0","0","0","0","0","0","0","0","0","0"
"Colombia","2020-03-22","37","0","0","0","194","0","0","0","0","0","0","0","0","0","0","0","0","0","0","0","0","0","0","0","0","0","0","0","0","0","0","0","0","0","0","0","0","0","0","0","0","0","0","0","0","0","0","0","0","0","0","0","0","0","0","0","0","0","0","0","0","0","0","0","0","0","0","0","0","0","0","0","0","0","0","0","0","0","0","0","0","0","0","0","0","0","0","0","0","0","0","0","0","0","0","0","0","0","0","0","0","0","0","0","0","0","0","0","0","0","0","0","0","0","0","0","0","0","0","0","0","0","0","0","0","0","0","0","0","0","0","0","0","0","0","0","0","0","0","0","0","0","0","0","0","0","0","0","0","0","0","0","0","0","0","0","0","0","0","0","0","0","0","0","0","0","0","0","0","0","0","0","0","0","0","0","0","0","0","0","0","0","0","0","0","0","0","0","0","0","0","0","0","0","0","0"
"Colombia","2020-04-05","38","0","0","0","1217","0","0","0","0","0","0","0","0","0","0","0","0","0","0","0","0","0","0","0","0","0","0","0","0","0","0","0","0","0","0","0","0","0","0","0","0","0","0","0","0","0","0","0","0","0","0","0","0","0","0","0","0","0","0","0","0","0","0","0","0","0","0","0","0","0","0","0","0","0","0","0","0","0","0","0","0","0","0","0","0","0","0","0","0","0","0","0","0","0","0","0","0","0","0","0","0","0","0","0","0","0","0","0","0","0","0","0","0","0","0","0","0","0","0","0","0","0","0","0","0","0","0","0","0","0","0","0","0","0","0","0","0","0","0","0","0","0","0","0","0","0","0","0","0","0","0","0","0","0","0","0","0","0","0","0","0","0","0","0","0","0","0","0","0","0","0","0","0","0","0","0","0","0","0","0","0","0","0","0","0","0","0","0","0","0","0","0","0","0","0","0"
"Colombia","2020-04-19","0","0","0","0","2307","0","0","0","0","0","0","0","0","0","0","0","0","0","0","0","0","0","0","0","0","0","0","0","0","0","0","0","0","0","0","0","0","0","0","0","0","0","0","0","0","0","0","0","0","0","0","0","0","0","0","0","0","0","0","0","0","0","0","0","0","0","0","0","0","0","0","0","0","0","0","0","0","0","0","0","0","0","0","0","0","0","0","0","0","0","0","0","0","0","0","0","0","0","0","0","0","0","0","0","0","0","0","0","0","0","0","0","0","0","0","0","0","0","0","0","0","0","0","0","0","0","0","0","0","0","0","0","0","0","0","0","0","0","0","0","0","0","0","0","0","0","0","0","0","0","0","0","0","0","0","0","0","0","0","0","0","0","0","0","0","0","0","0","0","0","0","0","0","0","0","0","0","0","0","0","0","0","0","0","0","0","0","0","0","0","0","0","0","0","0","0"
"Colombia","2020-05-03","0","0","0","0","3876","0","0","0","0","0","0","0","0","0","0","0","0","0","0","0","0","0","0","0","0","0","0","0","0","0","0","0","0","0","0","0","0","0","0","0","0","0","0","0","0","0","0","0","0","0","0","0","0","0","0","0","0","0","0","0","0","0","0","0","0","0","0","0","0","0","0","0","0","0","0","0","0","0","0","0","0","0","0","0","0","0","0","0","0","0","0","0","0","0","0","0","0","0","0","0","0","0","0","0","0","0","0","0","0","0","0","0","0","0","0","0","0","0","0","0","0","0","0","0","0","0","0","0","0","0","0","0","0","0","0","0","0","0","0","0","0","0","0","0","0","0","0","0","0","0","0","0","0","0","0","0","0","0","0","0","0","0","0","0","0","0","0","0","0","0","0","0","0","0","0","0","0","0","0","0","0","0","0","0","0","0","0","0","0","0","0","0","0","0","0","0"
"Colombia","2020-05-17","0","0","0","0","7906","0","0","0","0","0","0","0","0","0","0","0","0","0","0","0","0","0","0","0","0","0","0","0","0","0","0","0","0","0","0","0","0","0","0","0","0","0","0","0","0","0","0","0","0","0","0","0","0","0","0","0","0","0","0","0","0","0","0","0","0","0","0","0","0","0","0","0","0","0","0","0","0","0","0","0","0","0","0","0","0","0","0","0","0","0","0","0","0","0","0","0","0","0","0","0","0","0","0","0","0","0","0","0","0","0","0","0","0","0","0","0","0","0","0","0","0","0","0","0","0","0","0","0","0","0","0","0","0","0","0","0","0","0","0","0","0","0","0","0","0","0","0","0","0","0","0","0","0","0","0","0","0","0","0","0","0","0","0","0","0","0","0","0","0","0","0","0","0","0","0","0","0","0","0","0","0","0","0","0","0","0","0","0","0","0","0","0","0","0","0","0"
"Colombia","2020-05-31","0","0","0","0","13809","0","0","0","0","0","0","0","0","0","0","0","0","0","0","0","0","0","0","0","0","0","0","0","0","0","0","0","0","0","0","0","0","0","0","0","0","0","0","0","0","0","0","0","0","0","0","0","0","0","0","0","0","0","0","0","0","0","0","0","0","0","0","0","0","0","0","0","0","0","0","0","0","0","0","0","0","0","0","0","0","0","0","0","0","0","0","0","0","0","0","0","0","0","0","0","0","0","0","0","0","0","0","0","0","0","0","0","0","0","0","0","0","0","0","0","0","0","0","0","0","0","0","0","0","0","0","0","0","0","0","0","0","0","0","0","0","0","0","0","0","0","0","0","0","0","0","0","0","0","0","0","0","0","0","0","0","0","0","0","0","0","0","0","0","0","0","0","0","0","0","0","0","0","0","0","0","0","0","0","0","0","0","0","0","0","0","0","0","0","0","0"
"Colombia","2020-06-14","0","0","0","0","21556","0","0","0","0","0","0","0","0","0","0","0","0","0","0","0","0","0","0","0","0","0","0","0","0","0","0","0","0","0","0","0","0","0","0","0","0","0","0","0","0","0","0","0","0","0","0","0","0","0","0","0","0","0","0","0","0","0","0","0","0","0","0","0","0","0","0","0","0","0","0","0","0","0","0","0","0","0","0","0","0","0","0","0","0","0","0","0","0","0","0","0","0","0","0","0","0","0","0","0","0","0","0","0","0","0","0","0","0","0","0","0","0","0","0","0","0","0","0","0","0","0","0","0","0","0","0","0","0","0","0","0","0","0","0","0","0","0","0","0","0","0","0","0","0","0","0","0","0","0","0","0","0","0","0","0","0","0","0","0","0","0","0","0","0","0","0","0","0","0","0","0","0","0","0","0","0","0","0","0","0","0","0","0","0","0","0","0","0","0","0","0"
"Colombia","2020-06-28","0","0","0","0","40830","0","0","0","0","0","0","0","0","0","0","0","0","0","0","0","0","0","0","0","0","0","0","0","0","0","0","0","0","0","0","0","0","0","0","0","0","0","0","0","0","0","0","0","0","0","0","0","0","0","0","0","0","0","0","0","0","0","0","0","0","0","0","0","0","0","0","0","0","0","0","0","0","0","0","0","0","0","0","0","0","0","0","0","0","0","0","0","0","0","0","0","0","0","0","0","0","0","0","0","0","0","0","0","0","0","0","0","0","0","0","0","0","0","0","0","0","0","0","0","0","0","0","0","0","0","0","0","0","0","0","0","0","0","0","0","0","0","0","0","0","0","0","0","0","0","0","0","0","0","0","0","0","0","0","0","0","0","0","0","0","0","0","0","0","0","0","0","0","0","0","0","0","0","0","0","0","0","0","0","0","0","0","0","0","0","0","0","0","0","0","0"
"Colombia","2020-07-12","0","0","0","0","58676","0","0","0","0","0","0","0","0","0","0","0","0","0","0","0","0","0","0","0","0","0","0","0","0","0","0","0","0","0","0","0","0","0","0","0","0","0","0","0","0","0","0","0","0","0","0","0","0","0","0","0","0","0","0","0","0","0","0","0","0","0","0","0","0","0","0","0","0","0","0","0","0","0","0","0","0","0","0","0","0","0","0","0","0","0","0","0","0","0","0","0","0","0","0","0","0","0","0","0","0","0","0","0","0","0","0","0","0","0","0","0","0","0","0","0","0","0","0","0","0","0","0","0","0","0","0","0","0","0","0","0","0","0","0","0","0","0","0","0","0","0","0","0","0","0","0","0","0","0","0","0","0","0","0","0","0","0","0","0","0","0","0","0","0","0","0","0","0","0","0","0","0","0","0","0","0","0","0","0","0","0","0","0","0","0","0","0","0","0","0","0"
"Colombia","2020-07-26","0","0","0","0","98531","0","0","0","0","0","0","0","0","0","0","0","0","0","0","0","0","0","0","0","0","0","0","0","0","0","0","0","0","0","0","0","0","0","0","0","0","0","0","0","0","0","0","0","0","0","0","0","0","0","0","0","0","0","0","0","0","0","0","0","0","0","0","0","0","0","0","0","0","0","0","0","0","0","0","0","0","0","0","0","0","0","0","0","0","0","0","0","0","0","0","0","0","0","0","0","0","0","0","0","0","0","0","0","0","0","0","0","0","0","0","0","0","0","0","0","0","0","0","0","0","0","0","0","0","0","0","0","0","0","0","0","0","0","0","0","0","0","0","0","0","0","0","0","0","0","0","0","0","0","0","0","0","0","0","0","0","0","0","0","0","0","0","0","0","0","0","0","0","0","0","0","0","0","0","0","0","0","0","0","0","0","0","0","0","0","0","0","0","0","0","0"
"Colombia","2020-08-09","0","0","0","0","132210","0","0","0","0","0","0","0","0","0","0","0","0","0","0","0","0","0","0","0","0","0","0","0","0","0","0","0","0","0","0","0","0","0","0","0","0","0","0","0","0","0","0","0","0","0","0","0","0","0","0","0","0","0","0","0","0","0","0","0","0","0","0","0","0","0","0","0","0","0","0","0","0","0","0","0","0","0","0","0","0","0","0","0","0","0","0","0","0","0","0","0","0","0","0","0","0","0","0","0","0","0","0","0","0","0","0","0","0","0","0","6296","0","0","0","0","0","0","0","0","0","0","0","0","0","0","0","0","0","0","0","0","0","0","0","0","0","0","0","0","0","0","0","0","0","0","0","0","0","0","0","0","0","0","0","0","0","0","0","0","0","0","0","0","0","0","0","0","0","0","0","0","0","0","0","0","0","0","0","0","0","0","0","0","0","0","0","0","0","0","0","0"
"Colombia","2020-08-23","0","0","0","0","134451","0","0","0","0","0","0","0","0","0","0","0","0","0","0","0","0","0","0","0","0","0","0","0","0","0","0","0","0","0","0","0","0","0","0","0","0","0","0","0","0","0","0","0","0","0","0","0","0","0","0","0","0","0","0","0","0","0","0","0","0","0","0","0","0","0","0","0","0","0","0","0","0","0","0","0","0","0","0","0","0","0","0","0","0","0","0","0","0","0","0","0","0","0","0","0","0","0","0","0","0","0","0","0","0","0","0","0","0","0","0","0","19208","0","0","0","0","0","0","0","0","0","0","0","0","0","0","0","0","0","0","0","0","0","0","0","0","0","0","0","0","0","0","0","0","0","0","0","0","0","0","0","0","0","0","0","0","0","0","0","0","0","0","0","0","0","0","0","0","0","0","0","0","0","0","0","0","0","0","0","0","0","0","0","0","0","0","0","0","0","0","0"
"Colombia","2020-09-06","0","0","0","0","125382","0","0","0","0","0","0","0","0","0","0","0","0","0","0","0","0","0","0","0","0","0","0","0","0","0","0","0","0","0","0","0","0","0","0","0","0","0","0","0","0","0","0","0","0","0","0","0","0","0","0","0","0","0","0","0","0","0","0","0","0","0","0","0","0","0","0","0","0","0","0","0","0","0","0","0","0","0","0","0","0","0","0","0","0","0","0","0","0","0","0","0","0","0","0","0","0","0","0","0","0","0","0","0","0","0","0","0","0","0","0","0","0","0","0","0","0","0","0","0","0","0","0","0","0","0","0","0","0","0","0","0","0","0","0","0","0","0","0","0","0","0","0","0","0","0","0","0","0","0","0","0","0","0","0","0","0","0","0","0","0","0","0","0","0","0","0","0","0","0","0","0","0","0","0","0","0","0","0","0","0","0","0","0","0","0","0","0","0","0","0","0"
"Colombia","2020-09-20","0","0","0","0","98555","0","0","0","0","0","0","0","0","0","0","0","0","0","0","0","0","0","0","0","0","0","0","0","0","0","0","0","0","0","0","0","0","0","0","0","0","0","0","0","0","0","0","0","0","0","0","0","0","0","0","0","0","0","0","0","0","0","0","0","0","0","0","0","0","0","0","0","0","0","0","0","0","0","0","0","0","0","0","0","0","0","0","0","0","0","0","0","0","0","0","0","0","0","0","0","0","0","0","0","0","0","0","0","0","0","0","0","0","0","0","0","0","0","0","0","0","0","0","0","0","0","0","0","0","0","0","0","0","0","0","0","0","0","0","0","0","0","0","0","0","0","0","0","0","0","0","0","0","0","0","0","0","0","0","0","0","0","0","0","0","0","0","0","0","0","0","0","0","0","0","0","0","0","0","0","0","0","0","0","0","0","0","0","0","0","0","0","0","0","0","0"
"Colombia","2020-10-04","0","0","0","0","89976","0","0","0","0","0","0","0","0","0","0","0","0","0","0","0","0","0","0","0","0","0","0","0","0","0","0","0","0","0","0","0","0","0","0","0","0","0","0","0","0","0","0","0","0","0","0","0","0","0","0","0","0","0","0","0","0","0","0","0","0","0","0","0","0","0","0","0","0","0","0","0","0","0","0","0","0","0","0","0","0","0","0","0","0","0","0","0","0","0","0","0","0","0","0","0","0","0","0","0","0","0","0","0","0","0","0","0","0","0","0","0","0","0","0","0","0","0","0","0","0","0","0","0","0","0","0","0","0","0","0","0","0","0","0","0","0","0","0","0","0","0","0","0","0","0","0","0","0","0","0","0","0","0","0","0","0","0","0","0","0","0","0","0","0","0","0","0","0","0","0","0","0","0","0","0","0","0","0","0","0","0","0","0","0","0","0","0","0","0","0","0"
"Colombia","2020-10-18","0","0","0","0","104520","0","0","0","0","0","0","0","0","0","0","0","0","0","0","0","0","0","0","0","0","0","0","0","0","0","0","0","0","0","0","0","0","0","0","0","0","0","0","0","0","0","0","0","0","0","0","0","0","0","0","0","0","0","0","0","0","0","0","0","0","0","0","0","0","0","0","0","0","0","0","0","0","0","0","0","0","0","0","0","0","0","0","0","0","0","0","0","0","0","0","0","0","0","0","0","0","0","0","0","0","0","0","0","0","0","0","0","0","0","0","0","0","0","0","0","0","0","0","0","0","0","0","0","0","0","0","0","0","0","0","0","0","0","0","0","0","0","0","0","0","0","0","0","0","0","0","0","0","0","0","0","0","0","0","0","0","0","0","0","0","0","0","0","0","0","0","0","0","0","0","0","0","0","0","0","0","0","0","0","0","0","0","0","0","0","0","0","0","0","0","0"
"Colombia","2020-11-01","0","0","0","0","118369","0","0","0","0","0","0","0","0","0","0","0","0","0","0","0","0","0","0","0","0","0","0","0","0","0","0","0","0","0","0","0","0","0","0","0","0","0","0","0","0","0","0","0","0","0","0","0","0","0","0","0","0","0","0","0","0","0","0","0","0","0","0","0","0","0","0","0","0","0","0","0","0","0","0","0","0","0","0","0","0","0","0","0","0","0","0","0","0","0","0","0","0","0","0","0","0","0","0","0","0","0","0","0","0","0","0","0","0","0","0","0","5381","0","0","0","0","0","0","0","0","0","0","0","0","0","0","0","0","0","0","0","0","0","0","0","0","0","0","0","0","0","0","0","0","0","0","0","0","0","0","0","0","0","0","0","0","0","0","0","0","0","0","0","0","0","0","0","0","0","0","0","0","0","0","0","0","0","0","0","0","0","0","0","0","0","0","0","0","0","0","0"
"Colombia","2020-11-15","0","0","0","0","109350","0","0","0","0","0","0","0","0","0","0","0","0","0","0","0","0","0","0","0","0","0","0","0","0","0","0","0","0","0","0","0","0","0","0","0","0","0","0","0","0","0","0","0","0","0","0","0","0","0","0","0","0","0","0","0","0","0","0","0","0","0","0","0","0","0","0","0","0","0","0","0","0","0","0","0","0","0","0","0","0","0","0","0","0","0","0","0","0","0","0","0","0","0","0","0","0","0","0","0","0","0","0","0","0","0","0","0","0","0","0","6075","0","0","0","0","0","0","0","0","0","0","0","0","0","0","0","0","0","0","0","0","0","0","0","0","0","0","0","0","0","0","0","0","0","0","0","0","0","0","0","0","0","0","0","0","0","0","0","0","0","0","0","0","0","0","0","0","0","0","0","0","0","0","0","0","0","0","0","0","0","0","0","0","0","0","0","0","0","0","0","0"
"Colombia","2020-11-29","0","0","0","0","103860","0","0","0","0","0","0","0","0","0","0","0","0","0","0","0","0","0","0","0","0","0","0","0","0","0","0","0","0","0","0","0","0","0","0","0","0","0","0","0","0","0","0","0","0","0","0","0","0","0","0","0","0","0","0","0","0","0","0","0","0","0","0","0","0","0","0","0","0","0","0","0","0","0","0","0","0","0","0","0","0","0","0","0","0","0","0","0","0","0","0","0","0","0","0","0","0","0","0","0","0","0","0","0","0","0","0","0","0","0","0","0","5770","0","0","0","0","0","0","0","0","0","0","0","0","0","0","0","0","0","0","0","0","0","0","0","0","0","0","0","0","0","0","0","0","0","0","0","0","0","0","0","0","0","0","0","0","0","0","0","0","0","0","0","0","0","0","0","0","0","0","0","0","0","0","0","0","0","0","0","0","0","0","0","0","0","0","0","0","0","0","0"
"Colombia","2020-12-13","0","0","0","0","117398","0","0","0","0","0","0","0","0","0","0","0","0","0","0","0","0","0","0","0","0","0","0","0","0","0","0","0","0","0","0","0","0","0","0","0","0","0","0","0","0","0","0","0","0","0","0","0","0","0","0","0","0","0","0","0","0","0","0","0","0","0","0","0","0","0","0","0","0","0","0","0","0","0","0","0","0","0","0","0","0","0","0","0","0","0","0","0","0","0","0","0","0","0","0","0","0","0","0","0","0","0","0","0","0","0","0","0","0","0","0","0","0","0","0","0","0","0","0","0","0","0","0","0","0","0","0","0","0","0","0","0","0","0","0","0","0","0","0","0","0","0","0","0","0","0","0","0","0","0","0","0","0","0","0","0","0","0","0","0","0","0","0","0","0","0","0","0","0","0","0","0","0","0","0","0","0","0","0","0","0","0","0","0","0","0","0","0","0","0","0","0"
"Colombia","2020-12-27","2766","0","0","0","160426","0","0","0","0","0","0","0","0","0","0","0","0","0","0","0","0","0","0","0","0","0","0","0","0","0","0","0","0","0","0","0","0","0","0","0","0","0","0","0","0","0","0","0","0","0","0","0","0","0","0","0","0","0","0","0","0","0","0","0","0","0","0","0","0","0","0","0","0","0","0","0","0","0","0","0","0","0","0","0","0","0","0","0","0","0","0","0","0","0","0","0","0","0","0","0","0","0","0","0","0","0","0","0","0","0","0","0","0","2766","0","2766","0","0","0","0","0","0","0","0","0","0","0","0","0","0","0","0","0","0","0","0","0","0","0","0","0","0","0","0","0","0","0","0","0","0","0","0","0","0","0","0","0","0","0","0","0","0","0","0","0","0","0","0","0","0","0","0","0","0","0","0","0","0","0","0","0","0","0","0","0","0","0","0","0","0","0","0","0","0","0","0"
"Colombia","2021-01-10","3631","0","0","0","166992","1816","0","0","0","1816","0","0","0","0","0","0","0","0","0","0","0","0","0","0","0","0","0","0","0","0","0","0","0","0","0","0","0","0","0","0","0","0","0","0","0","0","0","0","0","0","0","0","0","0","0","0","0","0","0","0","0","0","0","0","0","0","0","0","0","1816","0","0","0","0","0","0","0","0","0","0","0","0","0","0","0","0","0","0","0","0","0","0","0","0","0","0","0","0","0","1816","7261","0","0","0","0","0","0","0","0","0","0","0","0","1816","0","0","3631","0","0","0","0","0","0","0","0","0","0","0","0","0","0","0","0","0","0","0","0","0","0","0","0","0","0","0","0","0","0","0","0","0","0","0","0","0","0","0","0","0","0","0","0","0","0","0","0","0","0","0","0","0","0","0","0","0","0","0","0","0","0","0","0","0","0","0","0","0","0","0","0","0","0","1816","0","0","0","0"
"Colombia","2021-01-24","0","0","0","0","180011","0","0","0","2858","0","0","0","0","0","0","0","0","0","0","0","0","0","0","0","0","0","0","0","0","0","0","0","0","0","0","0","0","0","0","0","0","0","0","0","0","0","0","0","0","0","0","0","0","0","0","0","0","0","0","0","0","0","0","0","0","0","0","0","0","0","0","0","0","0","0","0","0","0","0","0","0","0","0","0","0","0","0","0","0","0","0","0","0","0","0","0","0","0","0","0","28574","0","0","0","0","0","0","0","0","0","0","0","0","5715","0","0","5715","0","0","0","0","0","0","0","0","0","0","0","0","0","0","0","0","0","0","0","0","0","0","0","0","0","0","0","0","0","0","0","0","0","0","0","0","0","0","0","0","0","0","0","0","0","0","0","0","0","0","0","0","0","0","0","0","0","0","0","0","0","0","0","0","0","0","0","0","0","0","0","0","0","0","5715","0","0","0","0"
"Colombia","2021-02-07","0","0","0","0","87971","0","0","0","0","0","0","0","0","0","0","0","0","0","0","0","0","0","0","0","0","0","0","0","0","0","0","0","0","0","0","0","0","0","0","0","0","0","0","0","0","0","0","0","0","0","0","0","0","0","0","0","0","0","0","0","0","0","0","0","0","0","0","0","0","0","0","0","0","0","0","0","0","0","0","0","0","0","0","0","0","0","0","0","0","0","0","0","0","0","0","0","0","0","0","0","39099","0","0","0","0","0","0","0","0","0","0","0","0","0","0","0","9775","0","0","0","0","0","0","0","0","0","4888","0","0","0","0","0","0","0","0","0","0","0","0","0","0","0","0","0","0","0","0","0","0","0","0","0","0","0","0","0","0","0","0","0","0","0","0","0","0","0","0","0","0","0","0","0","0","0","0","0","0","0","0","0","0","0","0","0","0","0","0","0","0","0","0","0","0","0","0","0"
"Colombia","2021-02-21","0","0","5524","0","33143","0","0","0","0","0","0","0","0","0","0","0","0","0","0","0","0","0","0","2762","0","0","0","0","0","0","0","0","0","0","0","0","0","0","0","0","0","0","0","0","0","0","0","0","0","0","0","0","0","0","0","0","0","0","0","0","0","0","0","0","0","0","0","0","0","0","0","0","0","0","0","0","0","0","0","0","0","0","0","0","0","0","0","0","0","0","0","0","0","0","0","0","0","0","0","0","16572","0","0","0","0","0","0","0","0","0","0","0","0","2762","0","0","2762","0","0","0","0","0","0","0","0","0","0","0","0","0","0","0","0","0","0","0","0","0","0","0","0","0","0","0","0","0","0","0","0","0","0","0","0","0","0","0","0","0","0","0","0","0","0","0","0","0","0","0","0","0","0","0","0","0","0","0","0","0","0","0","0","0","0","0","0","0","0","0","0","0","0","5524","0","0","0","0"
"Colombia","2021-03-07","1440","0","1440","0","32397","0","0","0","0","0","0","0","0","0","0","0","0","0","0","0","0","0","0","0","0","0","0","0","0","0","0","0","0","0","0","0","0","0","0","0","0","0","0","0","0","0","0","0","0","0","0","0","0","0","0","0","0","0","0","0","0","0","0","0","0","0","0","0","0","0","0","0","0","0","0","0","0","0","0","0","0","0","0","0","0","0","0","0","0","0","0","0","0","0","0","0","0","0","0","720","3600","0","0","0","0","0","0","0","0","0","0","0","0","10799","0","0","0","0","0","0","0","0","0","0","0","0","0","0","0","0","0","0","0","0","0","0","0","0","0","0","0","0","0","0","0","0","0","0","0","0","0","0","0","0","0","0","0","0","0","0","0","0","0","0","0","0","0","0","0","0","0","0","0","0","0","0","0","0","0","0","0","0","0","0","0","0","0","0","0","0","0","0","0","0","0","0"
"Colombia","2021-03-21","0","758","2272","0","24230","0","0","0","0","0","0","0","758","0","0","0","0","0","0","0","0","0","0","0","0","0","0","0","0","0","0","0","0","0","1515","0","0","0","0","0","0","0","0","0","0","0","0","0","0","0","0","0","0","0","0","0","0","0","0","0","0","0","0","0","0","0","0","0","0","0","0","0","0","0","0","0","0","0","0","0","0","0","0","0","0","0","0","0","0","0","0","0","0","0","0","0","0","0","0","0","14387","0","0","0","0","0","0","0","0","0","758","0","0","15144","758","0","0","0","0","0","0","0","0","0","0","0","0","0","0","0","0","0","0","0","0","0","0","0","0","0","0","0","0","0","0","0","0","0","0","0","0","0","0","0","0","0","0","0","0","0","0","0","0","0","0","0","0","0","0","0","0","0","0","0","0","0","0","0","0","0","0","0","0","0","0","0","0","0","0","0","0","0","0","0","0","0"
"Colombia","2021-04-04","677","2708","11509","0","29109","0","0","677","0","0","0","0","0","0","0","0","0","0","0","0","0","0","0","0","0","0","0","0","0","0","0","0","0","0","0","0","0","0","0","0","0","0","0","0","0","0","0","0","0","0","0","0","0","0","0","0","0","0","0","0","0","0","0","0","0","0","0","0","0","0","0","0","0","0","0","0","0","0","0","0","0","0","0","0","0","0","0","0","0","0","0","0","0","0","0","0","0","0","0","677","18278","0","0","0","0","0","0","0","0","0","677","0","2708","39941","677","0","0","0","0","0","0","0","0","0","0","0","0","0","0","0","0","0","0","0","0","0","0","0","0","0","0","0","0","0","0","0","0","0","0","0","0","0","0","0","0","0","0","0","0","0","0","0","0","0","0","0","0","0","0","0","0","0","0","0","0","0","0","0","0","0","0","0","0","0","0","0","0","0","0","0","0","677","0","0","677","0"
"Colombia","2021-04-18","1000","1750","21498","250","41246","0","250","0","0","0","250","0","0","0","0","0","0","0","0","0","0","0","0","0","0","0","0","0","0","0","0","0","0","0","0","0","0","0","0","0","0","0","0","0","0","0","0","0","0","0","0","0","0","0","0","0","0","0","0","0","0","0","0","0","0","0","0","0","0","0","0","0","0","0","0","0","0","0","0","0","0","0","0","0","0","0","0","0","0","0","0","0","0","0","0","0","0","0","0","0","53995","250","250","750","500","250","250","250","0","0","500","0","4500","71493","4000","0","0","0","0","0","0","0","0","0","0","0","0","0","0","0","0","0","0","0","0","0","0","0","0","0","0","0","0","0","0","0","0","0","0","0","0","0","0","0","0","0","0","0","0","0","0","0","0","0","0","0","0","0","0","0","0","0","0","0","0","0","0","0","0","0","0","0","0","0","0","0","0","0","0","0","0","3000","0","250","250","0"
"Colombia","2021-05-02","562","562","8978","562","45449","0","0","0","0","0","0","0","0","0","0","0","0","0","0","0","0","0","0","0","0","0","0","0","0","0","0","0","0","0","0","0","0","0","0","0","0","0","0","0","0","0","0","0","0","0","0","0","0","0","0","0","0","0","0","0","0","0","0","0","0","0","0","0","0","0","0","0","0","0","0","0","0","0","0","0","0","0","0","0","0","0","0","0","0","0","0","0","0","0","0","0","0","0","0","0","58915","0","0","1123","562","1684","0","0","0","0","562","0","12906","94264","8417","0","0","0","0","0","0","0","0","0","0","0","0","0","0","0","0","0","0","0","0","0","0","0","0","0","0","0","0","0","0","0","0","0","0","0","0","0","0","0","0","0","0","0","0","0","0","0","0","0","0","0","0","0","0","0","0","0","0","0","0","0","0","0","0","0","0","0","0","0","0","0","0","0","0","0","0","6172","0","0","0","0"
"Colombia","2021-05-16","0","589","5885","0","30598","0","0","0","0","0","0","0","0","0","0","0","0","0","0","0","0","0","0","0","0","0","0","0","0","0","0","0","0","0","0","0","0","0","0","0","0","0","0","0","0","589","0","0","0","0","0","0","0","0","0","0","0","0","0","0","0","0","0","0","0","0","0","0","0","0","0","0","0","0","0","0","0","0","0","0","0","0","0","0","0","0","0","0","0","0","0","0","0","0","0","0","0","0","0","0","50603","0","0","0","1766","1766","589","0","0","0","1766","0","11769","102383","10592","0","0","0","0","0","0","0","0","0","0","0","0","0","0","0","0","0","0","0","0","0","0","0","0","0","0","0","0","0","0","0","0","0","0","0","0","0","0","0","0","0","0","0","0","0","0","0","0","0","0","0","0","0","0","0","0","0","0","0","0","0","0","0","0","0","0","0","0","0","0","0","0","0","0","0","0","5885","0","0","0","0"
"Colombia","2021-05-30","0","0","5660","0","21506","0","1132","0","0","0","0","0","0","0","0","0","0","0","0","0","0","0","0","0","0","0","0","0","0","0","0","0","0","0","0","0","0","0","0","0","0","0","0","0","0","0","0","0","0","0","0","0","0","0","0","0","0","0","0","0","0","0","0","0","0","0","1132","0","0","0","0","0","0","0","0","0","0","0","0","0","0","0","0","0","0","0","0","0","0","0","0","0","0","0","0","0","0","0","0","0","59989","0","0","0","0","3396","0","0","0","0","0","0","12451","142614","13583","0","0","0","0","0","0","0","0","0","0","0","0","0","0","0","0","0","0","0","0","0","0","0","0","0","0","0","0","0","0","0","0","0","0","0","0","0","0","0","0","0","0","0","0","0","0","0","0","0","0","0","0","0","0","0","0","0","0","0","0","0","0","0","0","0","0","0","0","0","0","0","0","0","0","0","0","3396","0","0","0","0"
"Colombia","2021-06-13","0","0","0","0","25061","0","0","0","0","0","0","0","0","0","0","0","0","0","0","0","0","0","0","0","0","0","0","0","0","0","0","0","0","0","0","0","0","0","0","0","0","0","0","0","0","1194","0","0","0","0","0","0","0","0","0","0","0","0","0","0","0","0","0","0","0","0","1194","0","0","0","0","0","0","0","0","0","0","0","0","0","0","0","0","0","0","0","0","0","0","0","0","0","0","0","0","0","0","0","0","0","41768","0","0","0","0","2387","0","0","0","0","0","0","11934","250608","28641","0","0","0","0","0","0","0","0","0","0","0","0","0","0","0","0","0","0","0","0","0","0","0","0","0","0","0","0","0","0","0","0","0","0","0","0","0","0","0","0","0","0","0","0","0","0","0","0","0","0","0","0","0","0","0","0","0","0","0","0","0","0","0","0","0","0","0","0","0","0","0","0","0","0","0","0","7161","0","0","0","0"
"Colombia","2021-06-27","0","0","4440","0","13320","0","0","0","0","0","0","0","0","0","1480","0","0","0","0","0","0","0","0","0","0","0","0","0","0","0","0","0","0","0","0","0","0","0","0","0","0","0","2960","0","0","1480","0","0","0","0","0","0","0","0","0","0","0","0","0","0","0","0","0","0","0","0","0","0","0","0","0","0","0","0","0","0","0","0","0","0","0","0","0","0","0","0","0","0","0","0","0","0","0","0","0","0","0","0","0","0","60676","0","1480","0","0","1480","0","0","0","0","0","0","11840","270822","29598","0","0","0","0","0","0","0","0","0","0","0","1480","0","0","0","0","0","0","0","0","0","0","0","0","0","0","0","0","0","0","0","0","0","0","0","0","0","0","0","0","0","0","0","0","0","0","0","0","0","0","0","0","0","0","0","0","0","0","0","0","0","0","0","0","0","0","0","0","0","0","0","0","0","0","0","0","4440","0","0","0","0"
"Colombia","2021-07-11","0","0","685","0","9585","0","0","0","0","0","0","0","0","685","685","0","0","0","0","0","0","0","0","0","0","0","0","0","0","0","0","0","0","0","0","0","0","0","0","0","0","0","1370","0","685","1370","0","0","1370","1370","0","0","0","0","685","0","0","0","0","0","0","0","0","0","0","0","0","0","0","685","0","0","0","0","0","0","0","0","0","0","0","0","0","0","0","0","0","0","0","0","0","0","0","0","0","0","0","0","0","0","26015","0","0","685","0","0","685","0","0","0","0","0","8215","251926","44498","0","685","0","0","0","0","0","0","0","0","0","0","0","0","0","0","0","0","0","0","0","0","0","0","0","0","0","0","0","0","0","0","0","0","0","0","0","0","0","0","0","0","0","0","0","0","0","0","0","0","0","0","0","0","0","0","0","0","0","0","0","0","0","0","0","0","0","0","0","0","0","0","0","0","0","0","1370","0","0","0","0"
"Colombia","2021-07-25","517","689","1033","0","15138","0","0","0","0","0","0","0","1033","173","345","0","345","0","0","0","0","0","0","173","0","0","173","0","0","0","517","0","0","0","0","0","0","173","0","0","0","0","861","0","0","3269","0","0","689","0","0","0","0","0","0","173","0","0","0","0","0","0","0","0","0","0","517","0","0","1033","0","0","0","0","173","0","1033","0","0","0","173","0","0","0","0","0","0","0","0","173","0","0","0","0","0","0","0","0","0","0","17203","0","689","345","0","689","0","0","173","0","0","0","4129","142262","20471","0","0","0","0","0","0","0","0","0","0","0","0","0","0","0","0","0","0","0","0","0","0","0","0","0","0","0","0","0","0","0","0","0","0","0","0","0","0","0","0","0","0","0","0","0","0","0","0","0","0","0","0","0","0","0","0","0","0","0","0","0","0","0","0","0","0","0","0","0","0","0","0","0","0","0","0","1205","0","0","345","0"
"Colombia","2021-08-08","0","0","209","0","2917","0","0","0","0","0","0","0","521","521","0","0","105","0","0","0","0","0","0","209","521","0","105","0","105","0","417","0","0","0","209","105","0","0","0","0","105","0","1667","0","0","3646","0","0","625","313","417","105","0","105","0","0","0","0","0","0","0","0","0","0","209","0","209","0","0","2084","0","0","0","0","313","209","0","0","0","0","209","105","0","0","0","209","209","0","0","0","105","0","0","0","0","0","0","0","0","0","5521","0","0","0","0","209","0","0","0","105","0","0","1459","76662","9167","0","105","0","0","0","0","0","0","0","0","0","0","0","0","0","0","0","0","0","0","0","0","0","0","0","0","0","0","0","0","0","0","0","0","0","0","0","0","0","0","0","0","0","0","0","0","0","0","0","0","0","0","0","0","0","0","0","0","0","0","0","0","0","0","0","0","0","0","0","0","0","0","0","0","0","0","938","0","0","209","0"
"Colombia","2021-08-22","64","0","192","0","829","0","0","0","0","0","0","0","383","447","0","0","510","0","0","319","0","0","0","64","0","0","255","0","0","0","255","0","0","0","192","0","0","0","0","64","0","0","1339","0","192","6312","0","0","255","383","64","0","0","0","510","0","64","0","128","64","0","0","0","0","0","0","383","0","0","1403","0","0","0","0","128","383","0","0","0","0","192","0","0","0","0","0","192","0","0","128","0","0","0","0","0","0","0","0","0","0","1212","0","0","128","0","0","0","0","128","128","0","0","574","28624","3698","0","0","0","0","0","0","0","0","0","0","0","0","0","0","0","0","0","0","0","0","0","0","0","0","0","0","0","0","0","0","0","0","0","0","0","0","0","0","0","0","0","0","0","0","0","0","0","0","0","0","0","0","0","0","0","0","0","0","0","0","0","0","0","0","0","0","0","0","0","0","0","0","0","0","0","0","255","64","0","64","0"
"Colombia","2021-09-05","94","0","0","0","281","0","0","0","0","0","0","0","141","515","187","47","515","47","0","328","0","0","0","141","47","0","0","0","0","0","281","47","0","0","655","47","0","0","0","47","0","94","701","0","47","4300","47","47","328","141","47","0","0","47","561","0","0","0","0","0","0","0","0","0","0","94","468","0","0","1309","47","0","0","0","421","47","47","187","0","0","0","0","0","0","0","0","281","0","0","94","94","0","0","0","0","0","0","0","0","0","468","0","47","0","0","0","0","0","0","0","0","0","141","13458","1916","0","0","0","0","0","0","0","0","0","0","0","0","0","0","0","0","0","0","0","0","0","0","0","0","0","0","0","0","0","0","0","0","0","0","0","0","0","0","0","0","0","0","0","0","0","0","0","0","0","0","0","0","0","0","0","0","0","0","0","0","0","0","0","0","0","0","0","0","0","0","0","0","0","0","0","0","187","0","0","47","0"
"Colombia","2021-09-19","30","0","0","0","208","0","0","0","0","0","0","0","178","949","534","30","208","0","119","89","30","60","30","178","119","0","0","0","0","0","771","178","0","0","831","0","0","0","0","30","0","0","505","0","208","2639","0","30","297","178","60","0","0","30","178","0","0","0","30","0","0","60","0","0","0","119","327","0","0","1157","0","0","0","30","208","60","0","30","0","0","0","0","0","0","0","0","89","0","30","30","0","0","0","0","0","0","0","0","30","0","682","0","30","0","0","30","0","0","0","0","0","0","60","8717","1898","0","0","0","0","0","0","0","0","0","0","0","0","0","0","0","0","0","0","0","0","0","0","0","0","0","0","0","0","0","0","0","0","0","0","0","0","0","0","0","0","0","0","0","0","0","0","0","0","0","0","0","0","0","0","0","0","0","0","0","0","0","0","0","0","0","0","0","0","0","0","0","0","0","0","0","0","119","0","0","0","0"
"Colombia","2021-10-03","40","20","20","0","296","0","0","0","0","0","0","0","119","533","1086","40","237","0","60","99","0","99","0","257","60","40","0","0","0","0","1164","336","0","20","2624","0","0","40","0","119","0","0","1381","0","257","3256","40","0","435","79","40","40","0","99","158","0","0","0","79","0","0","60","0","0","0","454","652","40","0","849","20","40","20","20","198","20","40","0","0","0","0","0","0","0","0","0","79","0","0","60","0","20","0","0","0","20","0","0","79","0","79","0","0","0","0","0","0","0","0","40","0","0","0","3354","1460","0","0","0","0","0","0","0","0","0","0","0","0","0","0","0","0","0","0","0","0","0","0","0","0","0","0","0","0","0","0","0","0","0","0","0","0","0","0","0","0","0","0","0","0","0","0","0","0","0","0","0","0","0","0","0","0","0","0","0","0","0","0","0","0","0","0","0","0","0","0","0","0","0","0","0","0","237","0","0","0","0"
"Colombia","2021-10-17","46","23","0","0","249","0","0","0","0","0","0","23","339","656","1130","46","159","0","113","136","0","0","0","226","226","68","0","0","0","0","1401","226","23","0","1198","0","0","0","0","136","0","0","1966","0","385","4994","0","0","249","68","0","0","23","68","159","0","0","0","226","0","23","46","0","0","0","136","1176","23","0","588","68","91","23","46","68","23","0","0","23","23","0","0","0","0","0","0","113","0","0","68","0","0","0","0","0","23","23","0","23","0","68","0","0","0","0","0","0","0","0","23","0","0","0","1424","724","0","0","0","0","0","0","0","0","0","0","0","0","0","0","0","0","0","0","0","0","0","0","0","0","0","0","0","0","0","0","0","0","0","0","0","0","0","0","0","0","0","0","0","0","0","0","0","0","0","0","0","0","0","0","0","0","0","0","0","0","0","0","0","0","0","0","0","0","0","0","0","0","0","0","0","0","91","0","0","0","0"
"Colombia","2021-10-31","29","29","0","0","199","0","0","0","0","0","0","0","255","227","849","29","227","0","29","114","0","0","0","142","283","29","0","0","0","57","2293","425","0","0","1642","0","0","0","0","340","0","29","1698","0","368","5773","29","0","227","142","0","29","0","57","114","0","0","0","397","0","0","29","29","0","0","29","1189","57","0","680","29","29","0","85","0","0","29","0","0","0","29","0","29","29","0","0","57","0","29","85","29","0","0","29","29","29","57","0","0","0","0","0","0","0","0","0","0","57","0","0","0","29","0","1047","906","0","0","0","0","0","0","0","0","0","0","0","0","0","0","0","0","0","0","0","0","0","0","0","0","0","0","0","0","0","0","0","0","0","0","0","0","0","0","0","0","0","0","0","0","0","0","0","0","0","0","0","0","0","0","0","0","0","0","0","0","0","0","0","0","0","0","0","0","0","0","0","0","0","0","0","0","170","0","0","0","0"
"Colombia","2021-11-14","38","0","0","0","38","0","0","0","0","0","0","0","152","190","760","38","494","0","38","152","0","38","38","152","418","76","0","38","0","114","4066","1710","0","0","2926","0","0","0","0","494","38","38","2318","114","190","9347","0","0","76","38","0","0","0","114","190","0","0","0","76","38","0","38","0","0","0","190","1900","38","152","380","0","38","0","114","114","0","190","0","38","0","0","0","0","38","38","0","76","0","0","114","0","0","0","0","0","38","0","0","0","0","0","0","0","0","0","0","0","0","0","0","0","0","0","570","836","0","0","0","0","0","0","0","0","0","0","0","0","0","0","0","0","0","0","0","0","0","0","0","0","0","0","0","0","0","0","0","0","0","0","0","0","0","0","0","0","0","0","0","0","0","0","0","0","0","0","0","0","0","0","0","0","0","0","0","0","0","0","0","0","0","0","0","0","0","0","0","0","0","0","0","0","114","0","0","0","0"
"Colombia","2021-11-28","0","0","0","0","56","0","0","0","0","0","0","0","224","280","1842","56","782","0","112","224","0","0","0","56","112","112","0","0","0","112","4074","2512","112","0","3851","0","0","0","0","0","56","0","2177","280","391","8260","0","0","56","0","0","0","0","224","447","56","0","0","168","0","56","56","0","56","0","168","2456","0","56","1172","56","391","0","112","56","0","168","0","0","56","0","0","0","0","0","0","0","0","0","280","0","56","0","0","0","56","56","0","0","0","0","0","0","0","0","0","0","0","0","56","0","0","0","782","391","0","56","0","0","0","0","0","0","0","0","0","0","0","0","0","0","0","0","0","0","0","0","0","0","0","0","0","0","0","0","0","0","0","0","0","0","0","0","0","0","0","0","0","0","0","0","0","0","0","0","0","0","0","0","0","0","0","0","0","0","0","0","0","0","0","0","0","0","0","0","0","0","0","0","0","0","224","0","0","0","0"
"Colombia","2021-12-12","0","0","0","0","208","0","0","0","0","0","0","0","156","104","416","104","1403","0","0","104","0","0","0","0","104","312","0","0","0","52","2910","1767","0","0","4781","104","0","52","52","0","0","0","2546","156","312","6235","0","0","208","0","0","0","0","208","52","0","0","52","104","0","104","0","0","0","0","156","1819","0","52","468","0","0","0","208","104","0","156","0","52","0","0","0","0","0","0","0","0","52","0","364","0","0","156","0","0","0","0","104","0","0","52","0","0","0","0","0","0","0","0","0","0","0","0","364","312","156","312","0","0","0","0","0","0","0","0","0","156","0","0","0","104","0","0","0","0","0","0","0","0","0","0","0","0","0","0","0","0","0","0","0","0","0","0","0","0","0","0","0","0","0","0","0","0","0","0","0","0","0","0","0","0","0","0","0","0","0","0","0","0","0","0","0","0","0","0","0","0","0","0","0","0","416","0","0","0","0"
"Colombia","2021-12-26","0","0","0","0","0","0","0","0","0","0","0","0","73","362","434","145","723","0","0","0","0","0","0","0","0","0","0","0","0","73","2025","1374","0","0","507","0","73","0","0","73","73","0","434","73","0","2964","0","0","0","0","0","0","0","73","0","0","0","0","0","0","0","73","0","0","0","145","1374","0","0","145","0","0","0","0","362","0","0","0","0","0","73","0","0","0","0","0","0","0","0","73","73","0","0","0","0","0","0","73","0","0","0","0","0","0","0","0","0","0","0","0","0","0","0","0","73","5350","7880","0","0","0","0","0","0","0","0","0","1519","434","0","145","434","723","0","507","0","0","0","0","0","0","0","0","0","0","0","0","0","0","0","0","0","0","0","0","0","0","0","0","0","0","0","0","0","0","0","0","0","0","0","0","0","0","0","0","0","0","0","0","0","0","0","0","0","0","0","0","0","0","0","0","0","2241","0","0","0","0"
"Colombia","2022-01-09","103","0","0","0","1030","0","0","0","0","0","0","0","206","206","309","0","309","0","0","103","103","0","0","0","0","0","0","0","0","0","721","1030","0","0","309","0","103","0","0","0","0","0","309","0","0","3294","0","0","0","0","0","0","0","0","0","0","0","0","206","0","0","206","0","0","0","103","824","0","0","0","0","0","0","0","0","0","0","0","0","0","0","0","0","0","0","0","0","0","0","206","0","0","0","103","0","0","0","206","0","0","0","0","0","0","0","0","0","0","0","0","0","0","0","0","0","31704","104273","824","103","103","0","0","206","824","103","103","20176","1647","0","0","1442","2059","206","2265","103","206","103","824","0","0","0","0","0","103","0","0","0","103","0","0","0","0","0","0","0","0","0","0","0","0","0","0","0","0","0","0","0","0","0","206","0","0","0","103","0","0","0","0","0","0","0","0","0","0","0","0","0","0","0","0","0","28205","0","0","0","0"
"Colombia","2022-01-23","0","633","0","0","317","0","0","0","0","0","0","633","1899","0","317","0","317","0","0","317","0","0","0","0","0","0","0","0","0","0","1266","1899","0","0","950","0","0","0","0","0","0","0","0","0","317","5697","0","0","0","0","0","317","0","0","0","0","0","0","0","0","0","0","0","0","0","317","950","0","0","0","0","0","0","0","0","0","0","0","0","0","0","0","0","0","0","0","0","0","0","633","0","0","0","0","0","0","0","0","0","0","0","0","0","0","0","0","0","0","0","0","0","0","0","317","0","73422","223114","1583","0","0","0","317","317","317","0","1583","25951","0","0","317","2849","2532","317","3798","317","0","0","317","0","0","0","0","0","0","0","0","0","0","0","0","0","0","0","0","0","0","0","0","0","0","0","0","0","0","0","0","0","0","0","0","0","0","0","0","0","0","0","0","0","0","0","0","0","0","0","0","0","0","0","0","0","55383","0","0","0","0"
"Colombia","2022-02-06","0","0","0","0","0","0","0","0","0","0","0","0","0","0","0","0","0","0","0","0","0","0","0","0","0","0","0","0","0","0","388","0","0","0","388","0","0","0","0","0","0","0","0","0","0","0","0","0","0","0","0","0","0","388","0","0","0","0","0","0","0","0","0","0","0","0","0","0","0","0","0","0","0","0","0","0","0","0","0","0","0","0","0","0","0","0","0","0","0","0","0","0","0","0","0","0","0","0","0","0","0","0","0","0","0","0","0","0","0","0","0","0","0","388","0","31419","136925","776","0","0","0","0","776","13189","0","0","10086","0","0","0","2716","388","0","3104","0","0","0","776","0","0","0","0","0","0","0","0","0","0","0","0","0","0","0","0","0","0","0","0","0","0","0","0","0","0","0","0","0","0","0","0","0","0","0","0","0","0","0","0","0","0","0","0","0","0","0","0","0","0","0","0","0","24825","0","0","0","0"
"Colombia","2022-02-20","0","0","0","0","0","0","0","0","0","0","0","0","0","0","0","0","0","0","0","0","0","0","0","0","0","0","0","0","0","0","0","0","0","0","0","0","0","0","0","0","0","0","0","0","0","0","0","0","0","0","0","0","0","0","0","0","0","0","0","0","0","0","0","0","0","0","0","0","0","0","0","0","0","0","0","0","0","0","0","0","0","0","0","0","0","0","0","0","0","0","0","0","0","0","0","0","0","0","0","0","0","0","0","0","0","0","0","0","0","0","0","0","0","0","0","13246","52982","288","0","0","0","0","288","1440","0","0","4320","0","288","0","288","288","0","288","0","0","0","576","0","0","0","0","0","0","0","0","0","0","0","0","0","0","0","0","0","0","0","0","0","0","0","0","0","0","0","0","0","0","0","0","0","0","0","0","0","0","0","0","0","0","0","0","0","0","0","0","0","0","0","0","0","6047","0","0","0","0"
"Colombia","2022-03-06","0","0","0","0","0","0","0","0","0","0","0","0","0","0","0","0","0","0","0","0","0","0","0","0","0","0","0","0","0","0","0","0","0","0","0","0","0","0","0","0","0","0","0","0","0","0","0","0","0","0","0","0","0","0","0","0","0","0","0","0","0","0","0","0","0","0","0","0","0","0","0","0","0","0","0","0","0","0","0","0","0","0","0","0","0","0","0","0","0","0","0","0","0","0","0","0","0","0","0","0","0","0","0","0","0","0","0","0","0","0","0","0","0","0","0","4391","15237","130","0","0","130","0","0","0","0","0","775","0","130","130","259","0","0","259","0","0","0","517","0","0","0","0","0","130","0","0","0","0","0","0","0","0","0","0","0","0","0","0","0","0","0","0","0","0","0","0","0","0","0","130","0","0","0","130","0","0","0","0","0","0","0","0","0","0","0","0","0","0","0","0","0","2325","0","0","0","0"
"Colombia","2022-03-20","0","0","0","0","0","0","0","0","0","0","0","0","0","0","0","0","0","0","0","0","0","0","0","0","0","0","0","0","0","0","0","0","0","0","0","0","0","0","0","0","0","0","0","0","0","0","0","0","0","0","0","0","0","0","0","0","0","0","0","0","0","0","0","0","0","0","0","0","0","60","0","0","0","0","0","0","0","0","0","0","0","0","0","0","0","0","0","0","0","0","0","0","0","0","0","0","0","0","0","0","0","0","0","0","0","0","0","0","0","0","0","0","0","0","0","1068","4803","0","0","0","0","0","0","60","0","0","238","0","0","0","0","60","0","60","0","0","0","1305","0","0","0","0","0","0","0","0","0","0","0","60","0","0","0","0","0","0","0","0","0","0","0","0","0","0","0","0","0","0","0","297","0","0","0","0","0","0","0","0","0","0","0","0","0","0","0","0","0","0","0","0","0","1423","0","0","0","0"
"Colombia","2022-04-03","0","0","0","0","0","0","0","0","0","0","0","0","0","0","0","0","0","0","0","0","0","0","0","0","0","0","0","0","0","0","0","0","0","0","0","0","0","0","0","0","0","0","0","0","0","0","0","0","0","0","0","0","0","0","0","0","0","0","0","0","0","0","0","0","0","0","0","0","0","0","0","0","0","0","0","0","0","0","0","0","0","0","0","0","0","0","0","0","0","0","0","0","0","0","0","0","0","0","0","0","0","0","0","0","0","0","0","0","0","0","0","0","0","0","0","540","1192","0","0","0","0","0","0","0","0","0","29","0","0","0","0","29","0","0","0","0","0","1448","0","0","0","0","0","0","0","0","0","0","0","57","0","0","0","0","0","0","0","0","0","0","0","57","0","0","0","0","0","0","0","86","0","29","0","0","0","0","0","0","0","0","0","0","0","0","0","0","0","0","0","0","0","1334","0","0","0","0"
"Colombia","2022-04-17","0","0","0","0","0","0","0","0","0","0","0","0","0","0","0","0","0","0","0","0","0","0","0","0","0","0","0","0","0","0","0","18","0","0","0","0","0","0","0","0","0","0","0","0","0","0","0","0","0","0","0","0","0","0","0","0","0","0","0","0","0","0","0","0","0","0","0","0","0","0","0","0","0","0","0","0","0","0","0","0","0","0","0","0","0","0","0","0","0","0","0","0","0","0","0","0","0","0","0","0","0","0","0","0","0","0","0","0","0","0","0","0","0","0","0","227","594","0","0","0","0","0","0","0","0","0","18","0","0","0","0","0","0","0","0","0","0","1380","0","35","0","0","0","88","0","0","0","0","18","35","0","0","0","0","0","0","0","0","0","0","0","0","0","0","0","0","0","0","0","245","0","0","0","0","0","0","0","0","0","0","0","0","0","0","0","0","0","0","0","0","0","1083","0","0","0","0"
"Colombia","2022-05-01","0","0","0","0","0","0","0","0","0","0","0","0","0","0","0","0","0","0","0","0","0","0","0","0","0","0","0","0","0","0","0","0","0","0","0","0","0","0","0","0","0","0","0","0","0","0","0","0","0","0","0","0","0","0","0","0","0","0","0","0","0","0","0","0","0","0","0","0","0","0","0","0","0","0","0","0","0","0","0","0","0","0","0","0","0","0","0","0","0","0","0","0","0","0","0","0","0","0","0","0","0","0","0","0","0","0","0","0","0","0","0","0","0","0","0","28","109","0","0","0","0","0","0","14","0","0","0","0","0","0","0","0","0","0","0","0","0","1496","0","14","0","0","14","218","0","0","0","14","0","82","0","14","0","0","0","0","0","0","28","0","0","0","0","0","0","0","0","0","0","109","14","14","0","0","0","0","0","0","0","0","0","0","0","0","0","0","0","0","0","0","0","844","0","0","0","0"
"Colombia","2022-05-15","0","0","0","0","0","0","0","0","0","0","0","0","0","0","0","0","0","0","0","0","0","0","0","0","0","0","0","0","0","0","0","0","0","0","0","0","0","0","0","0","0","0","0","0","0","0","0","0","0","0","0","0","0","0","0","0","0","0","0","0","0","0","0","0","0","0","0","0","0","0","0","0","0","0","0","0","0","0","0","0","0","0","0","0","0","0","0","0","0","0","0","0","0","0","0","0","0","0","0","0","0","0","0","0","0","0","0","0","0","0","0","0","0","0","0","25","7","0","0","0","0","0","0","0","0","0","0","0","0","0","0","0","0","0","0","0","0","1022","13","7","0","7","7","313","7","0","0","31","0","37","7","0","13","0","7","13","7","7","0","0","0","0","7","7","0","0","0","7","0","153","0","0","0","25","0","0","0","0","0","0","0","0","0","0","0","0","0","0","0","0","0","937","0","0","0","0"
"Colombia","2022-05-29","0","0","0","0","0","0","0","0","0","0","0","0","0","0","0","0","0","0","0","0","0","0","0","0","0","0","0","0","0","0","0","0","0","0","0","0","0","0","0","0","0","0","0","0","0","0","0","0","0","0","0","0","0","0","0","0","0","0","0","0","0","0","0","0","0","0","0","0","0","0","0","0","0","0","0","0","0","0","0","0","0","0","0","0","0","0","0","0","0","0","0","0","0","0","0","0","0","0","0","0","0","0","0","0","0","0","0","0","0","0","0","0","0","0","0","0","0","0","0","0","0","0","0","0","0","0","0","0","0","0","0","0","0","0","0","0","0","2771","20","0","20","0","0","994","20","0","39","39","0","153","20","0","0","0","20","0","77","0","20","0","0","0","0","20","20","0","20","0","0","383","39","0","39","344","0","0","0","0","0","0","0","0","0","0","0","0","0","0","0","0","0","3096","0","0","0","0"
"Colombia","2022-06-12","0","0","0","0","0","0","0","0","0","0","0","0","0","0","0","0","0","0","0","0","0","0","0","0","0","0","0","0","0","0","0","0","0","0","0","0","0","0","0","0","0","0","0","0","0","0","0","0","0","0","0","0","0","0","0","0","0","0","0","0","0","0","0","0","0","0","0","0","0","0","0","0","0","0","0","0","0","0","0","0","0","0","0","0","0","0","0","0","0","0","0","0","0","0","0","0","0","0","0","0","0","0","0","0","0","0","0","0","0","0","0","0","0","0","0","0","32","0","0","0","0","0","0","0","0","0","0","0","0","0","0","0","0","0","0","0","0","3754","32","48","0","0","16","2275","128","16","48","32","0","112","16","0","0","16","32","0","0","0","0","0","16","0","16","0","0","0","0","0","0","493","32","16","223","1320","16","16","0","16","303","0","64","0","0","16","16","16","0","0","0","16","16","5233","0","0","0","0"
"Colombia","2022-06-26","0","0","0","0","0","0","0","0","0","0","0","0","0","0","0","0","0","0","0","0","0","0","0","0","0","0","0","0","0","0","0","0","0","0","0","0","0","0","0","0","0","0","0","0","0","0","0","0","0","0","0","0","0","0","0","0","0","0","0","0","0","0","0","0","0","0","0","0","0","0","0","0","0","0","0","0","0","0","0","0","0","0","0","0","0","0","0","0","0","0","0","0","0","0","0","0","0","0","0","0","0","0","0","0","0","0","0","0","0","0","0","0","0","0","0","0","42","0","0","0","0","0","0","0","0","0","0","0","0","0","0","0","0","0","0","0","0","6206","0","0","0","0","42","5254","83","0","42","0","0","42","0","0","0","0","42","83","0","0","0","42","0","0","125","0","0","0","0","0","42","704","0","42","580","5502","0","83","83","83","786","0","83","42","0","290","249","0","0","42","0","0","125","12783","0","0","0","0"
"Colombia","2022-07-10","0","0","0","0","0","0","0","0","0","0","0","0","0","0","0","0","0","0","0","0","0","0","0","0","0","0","0","0","0","0","0","0","0","0","0","0","0","0","0","0","0","0","0","0","0","0","0","0","0","0","0","0","0","0","0","0","0","0","0","0","0","0","0","0","0","0","0","0","0","0","0","0","0","0","0","0","0","0","0","0","0","0","0","0","0","0","0","0","0","0","0","0","0","0","0","0","0","0","0","0","0","0","0","0","0","0","0","0","0","0","0","0","0","0","0","0","0","0","0","0","0","0","0","0","0","0","0","0","0","0","0","0","0","0","0","0","0","5837","0","0","0","0","0","3777","344","0","0","0","115","0","0","0","0","0","0","115","0","115","0","0","0","0","0","0","0","0","0","0","0","573","0","0","1603","10072","0","344","1030","573","2175","0","687","916","0","115","115","0","0","229","0","0","115","18655","0","0","0","0"
"Colombia","2022-07-24","0","0","0","0","0","0","0","0","0","0","0","0","0","0","0","0","0","0","0","0","0","0","0","0","0","0","0","0","0","0","0","0","0","0","0","0","0","0","0","0","0","0","0","0","0","0","0","0","0","0","0","0","0","0","0","0","0","0","0","0","0","0","0","0","0","0","0","0","0","0","0","0","0","0","0","0","0","0","0","0","0","0","0","0","0","0","0","0","0","0","0","0","0","0","0","0","0","0","0","0","0","0","0","0","0","0","0","0","0","0","0","0","0","0","0","0","0","0","0","0","0","0","0","0","0","0","0","0","0","0","0","0","0","0","0","0","0","2028","0","0","0","0","0","2408","0","0","0","0","0","0","0","0","0","0","0","0","0","0","0","381","0","0","127","0","0","127","0","0","0","0","0","0","1394","14066","0","127","1775","1141","3168","381","1141","1394","127","381","3422","127","0","0","0","0","0","15080","0","0","0","0"
"Colombia","2022-08-07","0","0","0","0","0","0","0","0","0","0","0","0","0","0","0","0","0","0","0","0","0","0","0","0","0","0","0","0","0","0","0","0","0","0","0","0","0","0","0","0","0","0","0","0","0","0","0","0","0","0","0","0","0","0","0","0","0","0","0","0","0","0","0","0","0","0","0","0","0","0","0","0","0","0","0","0","0","0","0","0","0","0","0","0","0","0","0","0","0","0","0","0","0","0","0","0","0","0","0","0","0","0","0","0","0","0","0","0","0","0","0","0","0","0","0","0","0","0","0","0","0","0","0","0","0","0","0","0","0","0","0","0","0","0","0","0","0","2719","0","0","0","0","0","314","0","0","0","0","0","0","0","0","0","0","105","0","0","0","0","0","0","0","0","0","0","0","0","0","0","0","0","0","837","4705","0","0","1673","837","2196","105","628","523","0","419","1673","0","210","0","105","0","0","14323","0","0","0","0"
"Colombia","2022-08-21","0","0","0","0","0","0","0","0","0","0","0","0","0","0","0","0","0","0","0","0","0","0","0","0","0","0","0","0","0","0","0","0","0","0","0","0","0","0","0","0","0","0","0","0","0","0","0","0","0","0","0","0","0","0","0","0","0","0","0","0","0","0","0","0","0","0","0","0","0","0","0","0","0","0","0","0","0","0","0","0","0","0","0","0","0","0","0","0","0","0","0","0","0","0","0","0","0","0","0","0","0","0","0","0","0","0","0","0","0","0","0","0","0","0","0","0","0","0","0","0","0","0","0","0","0","0","0","0","0","0","0","0","0","0","0","0","0","1276","0","0","0","0","0","99","0","0","0","0","0","0","0","0","0","0","0","0","0","0","0","0","0","0","0","0","0","0","99","0","0","0","0","197","99","1374","99","197","1178","491","884","0","491","786","0","0","589","0","0","99","0","0","0","6183","0","0","0","0"
"Colombia","2022-09-04","0","0","0","0","0","0","0","0","0","0","0","0","0","0","0","0","0","0","0","0","0","0","0","0","0","0","0","0","0","0","0","0","0","0","0","0","0","0","0","0","0","0","0","0","0","0","0","0","0","0","0","0","0","0","0","0","0","0","0","0","0","0","0","0","0","0","0","0","0","0","0","0","0","0","0","0","0","0","0","0","0","0","0","0","0","0","0","0","0","0","0","0","0","0","0","0","0","0","0","0","0","0","0","0","0","0","0","0","0","0","0","0","0","0","0","0","0","0","0","0","0","0","0","0","0","0","0","0","0","0","0","0","0","0","0","0","0","1844","0","0","0","0","0","0","0","0","0","0","0","0","0","0","0","0","0","0","0","0","0","0","0","0","0","0","0","0","0","0","0","0","0","231","0","461","0","0","231","0","231","0","231","231","0","0","0","0","0","0","0","0","0","6223","0","0","0","0"
"Colombia","2022-09-18","0","0","0","0","0","0","0","0","0","0","0","0","0","0","0","0","0","0","0","0","0","0","0","0","0","0","0","0","0","0","0","0","0","0","0","0","0","0","0","0","0","0","0","0","0","0","0","0","0","0","0","0","0","0","0","0","0","0","0","0","0","0","0","0","0","0","0","0","0","0","0","0","0","0","0","0","0","0","0","0","0","0","0","0","0","0","0","0","0","0","0","0","0","0","0","0","0","0","0","0","0","0","0","0","0","0","0","0","0","0","0","0","0","0","0","0","0","0","0","0","0","0","0","0","0","0","0","0","0","0","0","0","0","0","0","0","0","0","0","0","0","0","0","0","0","0","0","0","0","0","0","0","0","0","0","0","0","0","0","0","0","0","0","0","0","0","0","0","0","0","0","0","0","0","0","0","0","0","0","0","0","0","0","0","0","0","0","0","0","0","0","2753","0","0","0","0"
"Colombia","2022-10-02","0","0","0","0","0","0","0","0","0","0","0","0","0","0","0","0","0","0","0","0","0","0","0","0","0","0","0","0","0","0","0","0","0","0","0","0","0","0","0","0","0","0","0","0","0","0","0","0","0","0","0","0","0","0","0","0","0","0","0","0","0","0","0","0","0","0","0","0","0","0","0","0","0","0","0","0","0","0","0","0","0","0","0","0","0","0","0","0","0","0","0","0","0","0","0","0","0","0","0","0","0","0","0","0","0","0","0","0","0","0","0","0","0","0","0","0","0","0","0","0","0","0","0","0","0","0","0","0","0","0","0","0","0","0","0","0","0","0","0","0","0","0","0","0","0","0","0","0","0","0","0","0","0","0","0","0","0","0","0","0","0","0","0","0","0","0","0","0","0","0","0","0","0","0","0","0","0","0","0","0","0","0","0","0","0","0","0","0","0","0","0","1810","0","0","0","0"
"Colombia","2022-10-16","0","0","0","0","0","0","0","0","0","0","0","0","0","0","0","0","0","0","0","0","0","0","0","0","0","0","0","0","0","0","0","0","0","0","0","0","0","0","0","0","0","0","0","0","0","0","0","0","0","0","0","0","0","0","0","0","0","0","0","0","0","0","0","0","0","0","0","0","0","0","0","0","0","0","0","0","0","0","0","0","0","0","0","0","0","0","0","0","0","0","0","0","0","0","0","0","0","0","0","0","0","0","0","0","0","0","0","0","0","0","0","0","0","0","0","0","0","0","0","0","0","0","0","0","0","0","0","0","0","0","0","0","0","0","0","0","0","0","0","0","0","0","0","0","0","0","0","0","0","0","0","0","0","0","0","0","0","0","0","0","0","0","0","0","0","0","0","0","0","0","0","0","0","0","0","0","0","0","0","0","0","0","0","0","0","0","0","0","0","0","0","0","0","0","0","1186"
"Colombia","2022-10-30","0","0","0","0","0","0","0","0","0","0","0","0","0","0","0","0","0","0","0","0","0","0","0","0","0","0","0","0","0","0","0","0","0","0","0","0","0","0","0","0","0","0","0","0","0","0","0","0","0","0","0","0","0","0","0","0","0","0","0","0","0","0","0","0","0","0","0","0","0","0","0","0","0","0","0","0","0","0","0","0","0","0","0","0","0","0","0","0","0","0","0","0","0","0","0","0","0","0","0","0","0","0","0","0","0","0","0","0","0","0","0","0","0","0","0","0","0","0","0","0","0","0","0","0","0","0","0","0","0","0","0","0","0","0","0","0","0","0","0","0","0","0","0","0","0","0","0","0","0","0","0","0","0","0","0","0","0","0","0","0","0","0","0","0","0","0","0","0","0","0","0","0","0","0","0","0","0","0","0","0","0","0","0","0","0","0","0","0","0","0","0","0","0","0","0","261"
