"location","date","A (Lineage)","A.2.5","Alpha (WHO VOC)","B (Lineage)","B.1.1.519 (WHO FMV)","B.1.221 - 20A/S:98F","Beta (WHO VOC)","C.36.3 (WHO FMV)","Delta (WHO VOC)","Delta - AY.1 (WHO VOC)","Delta - AY.100 (WHO VOC)","Delta - AY.101 (WHO VOC)","Delta - AY.102.2 (WHO VOC)","Delta - AY.103 (WHO VOC)","Delta - AY.110 (WHO VOC)","Delta - AY.112 (WHO VOC)","Delta - AY.113 (WHO VOC)","Delta - AY.119 (WHO VOC)","Delta - AY.119.1 (WHO VOC)","Delta - AY.119.2 (WHO VOC)","Delta - AY.121 (WHO VOC)","Delta - AY.122 (WHO VOC)","Delta - AY.122.4 (WHO VOC)","Delta - AY.13 (WHO VOC)","Delta - AY.20 (WHO VOC)","Delta - AY.25 (WHO VOC)","Delta - AY.25.1 (WHO VOC)","Delta - AY.26 (WHO VOC)","Delta - AY.3 (WHO VOC)","Delta - AY.3.3 (WHO VOC)","Delta - AY.34.1 (WHO VOC)","Delta - AY.36.1 (WHO VOC)","Delta - AY.37 (WHO VOC)","Delta - AY.4 (WHO VOC)","Delta - AY.4.13 (WHO VOC)","Delta - AY.4.2 (WHO VOC)","Delta - AY.42 (WHO VOC)","Delta - AY.43 (WHO VOC)","Delta - AY.43.3 (WHO VOC)","Delta - AY.44 (WHO VOC)","Delta - AY.45 (WHO VOC)","Delta - AY.46.6 (WHO VOC)","Delta - AY.47 (WHO VOC)","Delta - AY.49 (WHO VOC)","Delta - AY.6 (WHO VOC)","Delta - AY.75 (WHO VOC)","Delta - AY.94 (WHO VOC)","Epsilon (WHO VOI)","Eta (WHO VOI)","Gamma (WHO VOC)","Gamma - P.1.10 (WHO VOC)","Gamma - P.1.12 (WHO VOC)","Gamma - P.1.15 (WHO VOC)","Gamma - P.1.17 (WHO VOC)","Gamma - P.1.2 (WHO VOC)","Gamma - P.1.4 (WHO VOC)","Gamma - P.1.7 (WHO VOC)","Gamma - P.1.8 (WHO VOC)","Iota (WHO VOI)","Lambda (WHO VOI)","Mu - 21H (WHO VOI)","Omicron - BA.1 (WHO VOC)","Omicron - BA.1.1 (WHO VOC)","Omicron - BA.1.1.1 (WHO VOC)","Omicron - BA.1.1.10 (WHO VOC)","Omicron - BA.1.1.14 (WHO VOC)","Omicron - BA.1.1.15 (WHO VOC)","Omicron - BA.1.1.16 (WHO VOC)","Omicron - BA.1.1.18 (WHO VOC)","Omicron - BA.1.1.8 (WHO VOC)","Omicron - BA.1.10 (WHO VOC)","Omicron - BA.1.15 (WHO VOC)","Omicron - BA.1.15.1 (WHO VOC)","Omicron - BA.1.15.2 (WHO VOC)","Omicron - BA.1.15.3 (WHO VOC)","Omicron - BA.1.16 (WHO VOC)","Omicron - BA.1.17 (WHO VOC)","Omicron - BA.1.17.2 (WHO VOC)","Omicron - BA.1.18 (WHO VOC)","Omicron - BA.1.20 (WHO VOC)","Omicron - BA.1.6 (WHO VOC)","Omicron - BA.1.8 (WHO VOC)","Omicron - BA.2 (WHO VOC)","Omicron - BA.2.12 (WHO VOC)","Omicron - BA.2.12.1 (WHO VOC)","Omicron - BA.2.18 (WHO VOC)","Omicron - BA.2.20 (WHO VOC)","Omicron - BA.2.23 (WHO VOC)","Omicron - BA.2.3 (WHO VOC)","Omicron - BA.2.3.2 (WHO VOC)","Omicron - BA.2.3.4 (WHO VOC)","Omicron - BA.2.3.6 (WHO VOC)","Omicron - BA.2.32 (WHO VOC)","Omicron - BA.2.36 (WHO VOC)","Omicron - BA.2.38 (WHO VOC)","Omicron - BA.2.47 (WHO VOC)","Omicron - BA.2.54 (WHO VOC)","Omicron - BA.2.56 (WHO VOC)","Omicron - BA.2.7 (WHO VOC)","Omicron - BA.2.72 (WHO VOC)","Omicron - BA.2.75 (WHO VOC)","Omicron - BA.2.76 (WHO VOC)","Omicron - BA.2.81 (WHO VOC)","Omicron - BA.2.9 (WHO VOC)","Omicron - BA.2.9.1 (WHO VOC)","Omicron - BA.2.9.2 (WHO VOC)","Omicron - BA.2.9.3 (WHO VOC)","Omicron - BA.3 (WHO VOC)","Omicron - BA.4 (WHO VOC)","Omicron - BA.4.1 (WHO VOC)","Omicron - BA.4.4 (WHO VOC)","Omicron - BA.4.6 (WHO VOC)","Omicron - BA.5 (WHO VOC)","Omicron - BA.5.1 (WHO VOC)","Omicron - BA.5.1.1 (WHO VOC)","Omicron - BA.5.1.2 (WHO VOC)","Omicron - BA.5.2 (WHO VOC)","Omicron - BA.5.2.1 (WHO VOC)","Omicron - BA.5.3 (WHO VOC)","Omicron - BA.5.3.1 (WHO VOC)","Omicron - BA.5.3.3 (WHO VOC)","Omicron - BA.5.5 (WHO VOC)","Omicron - BA.5.6 (WHO VOC)","Omicron - BE.1 (WHO VOC)","Omicron - BE.1.1 (WHO VOC)","Omicron - BE.3 (WHO VOC)","Omicron - BF.1 (WHO VOC)","Omicron - BF.3 (WHO VOC)","Omicron - BF.4 (WHO VOC)","Omicron - BF.5 (WHO VOC)","Omicron - BG.2 (WHO VOC)","Omicron - BG.4 (WHO VOC)","Other","Zeta (WHO VOI)"
"Costa Rica","2020-03-08","0,0","0,0","0,0","100,0","0,0","0,0","0,0","0,0","0,0","0,0","0,0","0,0","0,0","0,0","0,0","0,0","0,0","0,0","0,0","0,0","0,0","0,0","0,0","0,0","0,0","0,0","0,0","0,0","0,0","0,0","0,0","0,0","0,0","0,0","0,0","0,0","0,0","0,0","0,0","0,0","0,0","0,0","0,0","0,0","0,0","0,0","0,0","0,0","0,0","0,0","0,0","0,0","0,0","0,0","0,0","0,0","0,0","0,0","0,0","0,0","0,0","0,0","0,0","0,0","0,0","0,0","0,0","0,0","0,0","0,0","0,0","0,0","0,0","0,0","0,0","0,0","0,0","0,0","0,0","0,0","0,0","0,0","0,0","0,0","0,0","0,0","0,0","0,0","0,0","0,0","0,0","0,0","0,0","0,0","0,0","0,0","0,0","0,0","0,0","0,0","0,0","0,0","0,0","0,0","0,0","0,0","0,0","0,0","0,0","0,0","0,0","0,0","0,0","0,0","0,0","0,0","0,0","0,0","0,0","0,0","0,0","0,0","0,0","0,0","0,0","0,0","0,0","0,0","0,0","0,0","0,0","0,0","0,0","0,0"
"Costa Rica","2020-03-22","5,263157894736842","0,0","0,0","94,73684210526315","0,0","0,0","0,0","0,0","0,0","0,0","0,0","0,0","0,0","0,0","0,0","0,0","0,0","0,0","0,0","0,0","0,0","0,0","0,0","0,0","0,0","0,0","0,0","0,0","0,0","0,0","0,0","0,0","0,0","0,0","0,0","0,0","0,0","0,0","0,0","0,0","0,0","0,0","0,0","0,0","0,0","0,0","0,0","0,0","0,0","0,0","0,0","0,0","0,0","0,0","0,0","0,0","0,0","0,0","0,0","0,0","0,0","0,0","0,0","0,0","0,0","0,0","0,0","0,0","0,0","0,0","0,0","0,0","0,0","0,0","0,0","0,0","0,0","0,0","0,0","0,0","0,0","0,0","0,0","0,0","0,0","0,0","0,0","0,0","0,0","0,0","0,0","0,0","0,0","0,0","0,0","0,0","0,0","0,0","0,0","0,0","0,0","0,0","0,0","0,0","0,0","0,0","0,0","0,0","0,0","0,0","0,0","0,0","0,0","0,0","0,0","0,0","0,0","0,0","0,0","0,0","0,0","0,0","0,0","0,0","0,0","0,0","0,0","0,0","0,0","0,0","0,0","0,0","0,0","0,0"
"Costa Rica","2020-04-05","0,0","0,0","0,0","100,0","0,0","0,0","0,0","0,0","0,0","0,0","0,0","0,0","0,0","0,0","0,0","0,0","0,0","0,0","0,0","0,0","0,0","0,0","0,0","0,0","0,0","0,0","0,0","0,0","0,0","0,0","0,0","0,0","0,0","0,0","0,0","0,0","0,0","0,0","0,0","0,0","0,0","0,0","0,0","0,0","0,0","0,0","0,0","0,0","0,0","0,0","0,0","0,0","0,0","0,0","0,0","0,0","0,0","0,0","0,0","0,0","0,0","0,0","0,0","0,0","0,0","0,0","0,0","0,0","0,0","0,0","0,0","0,0","0,0","0,0","0,0","0,0","0,0","0,0","0,0","0,0","0,0","0,0","0,0","0,0","0,0","0,0","0,0","0,0","0,0","0,0","0,0","0,0","0,0","0,0","0,0","0,0","0,0","0,0","0,0","0,0","0,0","0,0","0,0","0,0","0,0","0,0","0,0","0,0","0,0","0,0","0,0","0,0","0,0","0,0","0,0","0,0","0,0","0,0","0,0","0,0","0,0","0,0","0,0","0,0","0,0","0,0","0,0","0,0","0,0","0,0","0,0","0,0","0,0","0,0"
"Costa Rica","2020-04-19","0,0","0,0","0,0","100,0","0,0","0,0","0,0","0,0","0,0","0,0","0,0","0,0","0,0","0,0","0,0","0,0","0,0","0,0","0,0","0,0","0,0","0,0","0,0","0,0","0,0","0,0","0,0","0,0","0,0","0,0","0,0","0,0","0,0","0,0","0,0","0,0","0,0","0,0","0,0","0,0","0,0","0,0","0,0","0,0","0,0","0,0","0,0","0,0","0,0","0,0","0,0","0,0","0,0","0,0","0,0","0,0","0,0","0,0","0,0","0,0","0,0","0,0","0,0","0,0","0,0","0,0","0,0","0,0","0,0","0,0","0,0","0,0","0,0","0,0","0,0","0,0","0,0","0,0","0,0","0,0","0,0","0,0","0,0","0,0","0,0","0,0","0,0","0,0","0,0","0,0","0,0","0,0","0,0","0,0","0,0","0,0","0,0","0,0","0,0","0,0","0,0","0,0","0,0","0,0","0,0","0,0","0,0","0,0","0,0","0,0","0,0","0,0","0,0","0,0","0,0","0,0","0,0","0,0","0,0","0,0","0,0","0,0","0,0","0,0","0,0","0,0","0,0","0,0","0,0","0,0","0,0","0,0","0,0","0,0"
"Costa Rica","2020-05-31","50,0","0,0","0,0","50,0","0,0","0,0","0,0","0,0","0,0","0,0","0,0","0,0","0,0","0,0","0,0","0,0","0,0","0,0","0,0","0,0","0,0","0,0","0,0","0,0","0,0","0,0","0,0","0,0","0,0","0,0","0,0","0,0","0,0","0,0","0,0","0,0","0,0","0,0","0,0","0,0","0,0","0,0","0,0","0,0","0,0","0,0","0,0","0,0","0,0","0,0","0,0","0,0","0,0","0,0","0,0","0,0","0,0","0,0","0,0","0,0","0,0","0,0","0,0","0,0","0,0","0,0","0,0","0,0","0,0","0,0","0,0","0,0","0,0","0,0","0,0","0,0","0,0","0,0","0,0","0,0","0,0","0,0","0,0","0,0","0,0","0,0","0,0","0,0","0,0","0,0","0,0","0,0","0,0","0,0","0,0","0,0","0,0","0,0","0,0","0,0","0,0","0,0","0,0","0,0","0,0","0,0","0,0","0,0","0,0","0,0","0,0","0,0","0,0","0,0","0,0","0,0","0,0","0,0","0,0","0,0","0,0","0,0","0,0","0,0","0,0","0,0","0,0","0,0","0,0","0,0","0,0","0,0","0,0","0,0"
"Costa Rica","2020-06-14","0,0","0,0","0,0","100,0","0,0","0,0","0,0","0,0","0,0","0,0","0,0","0,0","0,0","0,0","0,0","0,0","0,0","0,0","0,0","0,0","0,0","0,0","0,0","0,0","0,0","0,0","0,0","0,0","0,0","0,0","0,0","0,0","0,0","0,0","0,0","0,0","0,0","0,0","0,0","0,0","0,0","0,0","0,0","0,0","0,0","0,0","0,0","0,0","0,0","0,0","0,0","0,0","0,0","0,0","0,0","0,0","0,0","0,0","0,0","0,0","0,0","0,0","0,0","0,0","0,0","0,0","0,0","0,0","0,0","0,0","0,0","0,0","0,0","0,0","0,0","0,0","0,0","0,0","0,0","0,0","0,0","0,0","0,0","0,0","0,0","0,0","0,0","0,0","0,0","0,0","0,0","0,0","0,0","0,0","0,0","0,0","0,0","0,0","0,0","0,0","0,0","0,0","0,0","0,0","0,0","0,0","0,0","0,0","0,0","0,0","0,0","0,0","0,0","0,0","0,0","0,0","0,0","0,0","0,0","0,0","0,0","0,0","0,0","0,0","0,0","0,0","0,0","0,0","0,0","0,0","0,0","0,0","0,0","0,0"
"Costa Rica","2020-06-28","0,0","0,0","0,0","100,0","0,0","0,0","0,0","0,0","0,0","0,0","0,0","0,0","0,0","0,0","0,0","0,0","0,0","0,0","0,0","0,0","0,0","0,0","0,0","0,0","0,0","0,0","0,0","0,0","0,0","0,0","0,0","0,0","0,0","0,0","0,0","0,0","0,0","0,0","0,0","0,0","0,0","0,0","0,0","0,0","0,0","0,0","0,0","0,0","0,0","0,0","0,0","0,0","0,0","0,0","0,0","0,0","0,0","0,0","0,0","0,0","0,0","0,0","0,0","0,0","0,0","0,0","0,0","0,0","0,0","0,0","0,0","0,0","0,0","0,0","0,0","0,0","0,0","0,0","0,0","0,0","0,0","0,0","0,0","0,0","0,0","0,0","0,0","0,0","0,0","0,0","0,0","0,0","0,0","0,0","0,0","0,0","0,0","0,0","0,0","0,0","0,0","0,0","0,0","0,0","0,0","0,0","0,0","0,0","0,0","0,0","0,0","0,0","0,0","0,0","0,0","0,0","0,0","0,0","0,0","0,0","0,0","0,0","0,0","0,0","0,0","0,0","0,0","0,0","0,0","0,0","0,0","0,0","0,0","0,0"
"Costa Rica","2020-07-12","0,0","0,0","0,0","100,0","0,0","0,0","0,0","0,0","0,0","0,0","0,0","0,0","0,0","0,0","0,0","0,0","0,0","0,0","0,0","0,0","0,0","0,0","0,0","0,0","0,0","0,0","0,0","0,0","0,0","0,0","0,0","0,0","0,0","0,0","0,0","0,0","0,0","0,0","0,0","0,0","0,0","0,0","0,0","0,0","0,0","0,0","0,0","0,0","0,0","0,0","0,0","0,0","0,0","0,0","0,0","0,0","0,0","0,0","0,0","0,0","0,0","0,0","0,0","0,0","0,0","0,0","0,0","0,0","0,0","0,0","0,0","0,0","0,0","0,0","0,0","0,0","0,0","0,0","0,0","0,0","0,0","0,0","0,0","0,0","0,0","0,0","0,0","0,0","0,0","0,0","0,0","0,0","0,0","0,0","0,0","0,0","0,0","0,0","0,0","0,0","0,0","0,0","0,0","0,0","0,0","0,0","0,0","0,0","0,0","0,0","0,0","0,0","0,0","0,0","0,0","0,0","0,0","0,0","0,0","0,0","0,0","0,0","0,0","0,0","0,0","0,0","0,0","0,0","0,0","0,0","0,0","0,0","0,0","0,0"
"Costa Rica","2020-07-26","0,0","0,0","0,0","100,0","0,0","0,0","0,0","0,0","0,0","0,0","0,0","0,0","0,0","0,0","0,0","0,0","0,0","0,0","0,0","0,0","0,0","0,0","0,0","0,0","0,0","0,0","0,0","0,0","0,0","0,0","0,0","0,0","0,0","0,0","0,0","0,0","0,0","0,0","0,0","0,0","0,0","0,0","0,0","0,0","0,0","0,0","0,0","0,0","0,0","0,0","0,0","0,0","0,0","0,0","0,0","0,0","0,0","0,0","0,0","0,0","0,0","0,0","0,0","0,0","0,0","0,0","0,0","0,0","0,0","0,0","0,0","0,0","0,0","0,0","0,0","0,0","0,0","0,0","0,0","0,0","0,0","0,0","0,0","0,0","0,0","0,0","0,0","0,0","0,0","0,0","0,0","0,0","0,0","0,0","0,0","0,0","0,0","0,0","0,0","0,0","0,0","0,0","0,0","0,0","0,0","0,0","0,0","0,0","0,0","0,0","0,0","0,0","0,0","0,0","0,0","0,0","0,0","0,0","0,0","0,0","0,0","0,0","0,0","0,0","0,0","0,0","0,0","0,0","0,0","0,0","0,0","0,0","0,0","0,0"
"Costa Rica","2020-08-09","0,0","0,0","0,0","100,0","0,0","0,0","0,0","0,0","0,0","0,0","0,0","0,0","0,0","0,0","0,0","0,0","0,0","0,0","0,0","0,0","0,0","0,0","0,0","0,0","0,0","0,0","0,0","0,0","0,0","0,0","0,0","0,0","0,0","0,0","0,0","0,0","0,0","0,0","0,0","0,0","0,0","0,0","0,0","0,0","0,0","0,0","0,0","0,0","0,0","0,0","0,0","0,0","0,0","0,0","0,0","0,0","0,0","0,0","0,0","0,0","0,0","0,0","0,0","0,0","0,0","0,0","0,0","0,0","0,0","0,0","0,0","0,0","0,0","0,0","0,0","0,0","0,0","0,0","0,0","0,0","0,0","0,0","0,0","0,0","0,0","0,0","0,0","0,0","0,0","0,0","0,0","0,0","0,0","0,0","0,0","0,0","0,0","0,0","0,0","0,0","0,0","0,0","0,0","0,0","0,0","0,0","0,0","0,0","0,0","0,0","0,0","0,0","0,0","0,0","0,0","0,0","0,0","0,0","0,0","0,0","0,0","0,0","0,0","0,0","0,0","0,0","0,0","0,0","0,0","0,0","0,0","0,0","0,0","0,0"
"Costa Rica","2020-08-23","0,0","0,0","0,0","100,0","0,0","0,0","0,0","0,0","0,0","0,0","0,0","0,0","0,0","0,0","0,0","0,0","0,0","0,0","0,0","0,0","0,0","0,0","0,0","0,0","0,0","0,0","0,0","0,0","0,0","0,0","0,0","0,0","0,0","0,0","0,0","0,0","0,0","0,0","0,0","0,0","0,0","0,0","0,0","0,0","0,0","0,0","0,0","0,0","0,0","0,0","0,0","0,0","0,0","0,0","0,0","0,0","0,0","0,0","0,0","0,0","0,0","0,0","0,0","0,0","0,0","0,0","0,0","0,0","0,0","0,0","0,0","0,0","0,0","0,0","0,0","0,0","0,0","0,0","0,0","0,0","0,0","0,0","0,0","0,0","0,0","0,0","0,0","0,0","0,0","0,0","0,0","0,0","0,0","0,0","0,0","0,0","0,0","0,0","0,0","0,0","0,0","0,0","0,0","0,0","0,0","0,0","0,0","0,0","0,0","0,0","0,0","0,0","0,0","0,0","0,0","0,0","0,0","0,0","0,0","0,0","0,0","0,0","0,0","0,0","0,0","0,0","0,0","0,0","0,0","0,0","0,0","0,0","0,0","0,0"
"Costa Rica","2020-09-06","0,0","0,0","0,0","100,0","0,0","0,0","0,0","0,0","0,0","0,0","0,0","0,0","0,0","0,0","0,0","0,0","0,0","0,0","0,0","0,0","0,0","0,0","0,0","0,0","0,0","0,0","0,0","0,0","0,0","0,0","0,0","0,0","0,0","0,0","0,0","0,0","0,0","0,0","0,0","0,0","0,0","0,0","0,0","0,0","0,0","0,0","0,0","0,0","0,0","0,0","0,0","0,0","0,0","0,0","0,0","0,0","0,0","0,0","0,0","0,0","0,0","0,0","0,0","0,0","0,0","0,0","0,0","0,0","0,0","0,0","0,0","0,0","0,0","0,0","0,0","0,0","0,0","0,0","0,0","0,0","0,0","0,0","0,0","0,0","0,0","0,0","0,0","0,0","0,0","0,0","0,0","0,0","0,0","0,0","0,0","0,0","0,0","0,0","0,0","0,0","0,0","0,0","0,0","0,0","0,0","0,0","0,0","0,0","0,0","0,0","0,0","0,0","0,0","0,0","0,0","0,0","0,0","0,0","0,0","0,0","0,0","0,0","0,0","0,0","0,0","0,0","0,0","0,0","0,0","0,0","0,0","0,0","0,0","0,0"
"Costa Rica","2020-09-20","0,0","0,0","0,0","100,0","0,0","0,0","0,0","0,0","0,0","0,0","0,0","0,0","0,0","0,0","0,0","0,0","0,0","0,0","0,0","0,0","0,0","0,0","0,0","0,0","0,0","0,0","0,0","0,0","0,0","0,0","0,0","0,0","0,0","0,0","0,0","0,0","0,0","0,0","0,0","0,0","0,0","0,0","0,0","0,0","0,0","0,0","0,0","0,0","0,0","0,0","0,0","0,0","0,0","0,0","0,0","0,0","0,0","0,0","0,0","0,0","0,0","0,0","0,0","0,0","0,0","0,0","0,0","0,0","0,0","0,0","0,0","0,0","0,0","0,0","0,0","0,0","0,0","0,0","0,0","0,0","0,0","0,0","0,0","0,0","0,0","0,0","0,0","0,0","0,0","0,0","0,0","0,0","0,0","0,0","0,0","0,0","0,0","0,0","0,0","0,0","0,0","0,0","0,0","0,0","0,0","0,0","0,0","0,0","0,0","0,0","0,0","0,0","0,0","0,0","0,0","0,0","0,0","0,0","0,0","0,0","0,0","0,0","0,0","0,0","0,0","0,0","0,0","0,0","0,0","0,0","0,0","0,0","0,0","0,0"
"Costa Rica","2020-10-04","0,0","0,0","0,0","100,0","0,0","0,0","0,0","0,0","0,0","0,0","0,0","0,0","0,0","0,0","0,0","0,0","0,0","0,0","0,0","0,0","0,0","0,0","0,0","0,0","0,0","0,0","0,0","0,0","0,0","0,0","0,0","0,0","0,0","0,0","0,0","0,0","0,0","0,0","0,0","0,0","0,0","0,0","0,0","0,0","0,0","0,0","0,0","0,0","0,0","0,0","0,0","0,0","0,0","0,0","0,0","0,0","0,0","0,0","0,0","0,0","0,0","0,0","0,0","0,0","0,0","0,0","0,0","0,0","0,0","0,0","0,0","0,0","0,0","0,0","0,0","0,0","0,0","0,0","0,0","0,0","0,0","0,0","0,0","0,0","0,0","0,0","0,0","0,0","0,0","0,0","0,0","0,0","0,0","0,0","0,0","0,0","0,0","0,0","0,0","0,0","0,0","0,0","0,0","0,0","0,0","0,0","0,0","0,0","0,0","0,0","0,0","0,0","0,0","0,0","0,0","0,0","0,0","0,0","0,0","0,0","0,0","0,0","0,0","0,0","0,0","0,0","0,0","0,0","0,0","0,0","0,0","0,0","0,0","0,0"
"Costa Rica","2020-10-18","0,0","0,0","0,0","100,0","0,0","0,0","0,0","0,0","0,0","0,0","0,0","0,0","0,0","0,0","0,0","0,0","0,0","0,0","0,0","0,0","0,0","0,0","0,0","0,0","0,0","0,0","0,0","0,0","0,0","0,0","0,0","0,0","0,0","0,0","0,0","0,0","0,0","0,0","0,0","0,0","0,0","0,0","0,0","0,0","0,0","0,0","0,0","0,0","0,0","0,0","0,0","0,0","0,0","0,0","0,0","0,0","0,0","0,0","0,0","0,0","0,0","0,0","0,0","0,0","0,0","0,0","0,0","0,0","0,0","0,0","0,0","0,0","0,0","0,0","0,0","0,0","0,0","0,0","0,0","0,0","0,0","0,0","0,0","0,0","0,0","0,0","0,0","0,0","0,0","0,0","0,0","0,0","0,0","0,0","0,0","0,0","0,0","0,0","0,0","0,0","0,0","0,0","0,0","0,0","0,0","0,0","0,0","0,0","0,0","0,0","0,0","0,0","0,0","0,0","0,0","0,0","0,0","0,0","0,0","0,0","0,0","0,0","0,0","0,0","0,0","0,0","0,0","0,0","0,0","0,0","0,0","0,0","0,0","0,0"
"Costa Rica","2020-11-01","0,0","0,0","0,0","100,0","0,0","0,0","0,0","0,0","0,0","0,0","0,0","0,0","0,0","0,0","0,0","0,0","0,0","0,0","0,0","0,0","0,0","0,0","0,0","0,0","0,0","0,0","0,0","0,0","0,0","0,0","0,0","0,0","0,0","0,0","0,0","0,0","0,0","0,0","0,0","0,0","0,0","0,0","0,0","0,0","0,0","0,0","0,0","0,0","0,0","0,0","0,0","0,0","0,0","0,0","0,0","0,0","0,0","0,0","0,0","0,0","0,0","0,0","0,0","0,0","0,0","0,0","0,0","0,0","0,0","0,0","0,0","0,0","0,0","0,0","0,0","0,0","0,0","0,0","0,0","0,0","0,0","0,0","0,0","0,0","0,0","0,0","0,0","0,0","0,0","0,0","0,0","0,0","0,0","0,0","0,0","0,0","0,0","0,0","0,0","0,0","0,0","0,0","0,0","0,0","0,0","0,0","0,0","0,0","0,0","0,0","0,0","0,0","0,0","0,0","0,0","0,0","0,0","0,0","0,0","0,0","0,0","0,0","0,0","0,0","0,0","0,0","0,0","0,0","0,0","0,0","0,0","0,0","0,0","0,0"
"Costa Rica","2020-11-15","0,0","0,0","0,0","100,0","0,0","0,0","0,0","0,0","0,0","0,0","0,0","0,0","0,0","0,0","0,0","0,0","0,0","0,0","0,0","0,0","0,0","0,0","0,0","0,0","0,0","0,0","0,0","0,0","0,0","0,0","0,0","0,0","0,0","0,0","0,0","0,0","0,0","0,0","0,0","0,0","0,0","0,0","0,0","0,0","0,0","0,0","0,0","0,0","0,0","0,0","0,0","0,0","0,0","0,0","0,0","0,0","0,0","0,0","0,0","0,0","0,0","0,0","0,0","0,0","0,0","0,0","0,0","0,0","0,0","0,0","0,0","0,0","0,0","0,0","0,0","0,0","0,0","0,0","0,0","0,0","0,0","0,0","0,0","0,0","0,0","0,0","0,0","0,0","0,0","0,0","0,0","0,0","0,0","0,0","0,0","0,0","0,0","0,0","0,0","0,0","0,0","0,0","0,0","0,0","0,0","0,0","0,0","0,0","0,0","0,0","0,0","0,0","0,0","0,0","0,0","0,0","0,0","0,0","0,0","0,0","0,0","0,0","0,0","0,0","0,0","0,0","0,0","0,0","0,0","0,0","0,0","0,0","0,0","0,0"
"Costa Rica","2020-11-29","0,0","0,0","0,0","100,0","0,0","0,0","0,0","0,0","0,0","0,0","0,0","0,0","0,0","0,0","0,0","0,0","0,0","0,0","0,0","0,0","0,0","0,0","0,0","0,0","0,0","0,0","0,0","0,0","0,0","0,0","0,0","0,0","0,0","0,0","0,0","0,0","0,0","0,0","0,0","0,0","0,0","0,0","0,0","0,0","0,0","0,0","0,0","0,0","0,0","0,0","0,0","0,0","0,0","0,0","0,0","0,0","0,0","0,0","0,0","0,0","0,0","0,0","0,0","0,0","0,0","0,0","0,0","0,0","0,0","0,0","0,0","0,0","0,0","0,0","0,0","0,0","0,0","0,0","0,0","0,0","0,0","0,0","0,0","0,0","0,0","0,0","0,0","0,0","0,0","0,0","0,0","0,0","0,0","0,0","0,0","0,0","0,0","0,0","0,0","0,0","0,0","0,0","0,0","0,0","0,0","0,0","0,0","0,0","0,0","0,0","0,0","0,0","0,0","0,0","0,0","0,0","0,0","0,0","0,0","0,0","0,0","0,0","0,0","0,0","0,0","0,0","0,0","0,0","0,0","0,0","0,0","0,0","0,0","0,0"
"Costa Rica","2020-12-13","0,0","10,0","0,0","90,0","0,0","0,0","0,0","0,0","0,0","0,0","0,0","0,0","0,0","0,0","0,0","0,0","0,0","0,0","0,0","0,0","0,0","0,0","0,0","0,0","0,0","0,0","0,0","0,0","0,0","0,0","0,0","0,0","0,0","0,0","0,0","0,0","0,0","0,0","0,0","0,0","0,0","0,0","0,0","0,0","0,0","0,0","0,0","0,0","0,0","0,0","0,0","0,0","0,0","0,0","0,0","0,0","0,0","0,0","0,0","0,0","0,0","0,0","0,0","0,0","0,0","0,0","0,0","0,0","0,0","0,0","0,0","0,0","0,0","0,0","0,0","0,0","0,0","0,0","0,0","0,0","0,0","0,0","0,0","0,0","0,0","0,0","0,0","0,0","0,0","0,0","0,0","0,0","0,0","0,0","0,0","0,0","0,0","0,0","0,0","0,0","0,0","0,0","0,0","0,0","0,0","0,0","0,0","0,0","0,0","0,0","0,0","0,0","0,0","0,0","0,0","0,0","0,0","0,0","0,0","0,0","0,0","0,0","0,0","0,0","0,0","0,0","0,0","0,0","0,0","0,0","0,0","0,0","0,0","0,0"
"Costa Rica","2020-12-27","0,0","0,0","0,0","89,47368421052632","0,0","0,0","0,0","0,0","0,0","0,0","0,0","0,0","0,0","0,0","0,0","0,0","0,0","0,0","0,0","0,0","0,0","0,0","0,0","0,0","0,0","0,0","0,0","0,0","0,0","0,0","0,0","0,0","0,0","0,0","0,0","0,0","0,0","0,0","0,0","0,0","0,0","0,0","0,0","0,0","0,0","0,0","0,0","10,526315789473683","0,0","0,0","0,0","0,0","0,0","0,0","0,0","0,0","0,0","0,0","0,0","0,0","0,0","0,0","0,0","0,0","0,0","0,0","0,0","0,0","0,0","0,0","0,0","0,0","0,0","0,0","0,0","0,0","0,0","0,0","0,0","0,0","0,0","0,0","0,0","0,0","0,0","0,0","0,0","0,0","0,0","0,0","0,0","0,0","0,0","0,0","0,0","0,0","0,0","0,0","0,0","0,0","0,0","0,0","0,0","0,0","0,0","0,0","0,0","0,0","0,0","0,0","0,0","0,0","0,0","0,0","0,0","0,0","0,0","0,0","0,0","0,0","0,0","0,0","0,0","0,0","0,0","0,0","0,0","0,0","0,0","0,0","0,0","0,0","0,0","0,0"
"Costa Rica","2021-01-10","0,0","5,555555555555555","0,0","88,88888888888889","5,555555555555555","0,0","0,0","0,0","0,0","0,0","0,0","0,0","0,0","0,0","0,0","0,0","0,0","0,0","0,0","0,0","0,0","0,0","0,0","0,0","0,0","0,0","0,0","0,0","0,0","0,0","0,0","0,0","0,0","0,0","0,0","0,0","0,0","0,0","0,0","0,0","0,0","0,0","0,0","0,0","0,0","0,0","0,0","0,0","0,0","0,0","0,0","0,0","0,0","0,0","0,0","0,0","0,0","0,0","0,0","0,0","0,0","0,0","0,0","0,0","0,0","0,0","0,0","0,0","0,0","0,0","0,0","0,0","0,0","0,0","0,0","0,0","0,0","0,0","0,0","0,0","0,0","0,0","0,0","0,0","0,0","0,0","0,0","0,0","0,0","0,0","0,0","0,0","0,0","0,0","0,0","0,0","0,0","0,0","0,0","0,0","0,0","0,0","0,0","0,0","0,0","0,0","0,0","0,0","0,0","0,0","0,0","0,0","0,0","0,0","0,0","0,0","0,0","0,0","0,0","0,0","0,0","0,0","0,0","0,0","0,0","0,0","0,0","0,0","0,0","0,0","0,0","0,0","0,0","0,0"
"Costa Rica","2021-01-24","2,2222222222222223","26,666666666666668","0,0","71,11111111111111","0,0","0,0","0,0","0,0","0,0","0,0","0,0","0,0","0,0","0,0","0,0","0,0","0,0","0,0","0,0","0,0","0,0","0,0","0,0","0,0","0,0","0,0","0,0","0,0","0,0","0,0","0,0","0,0","0,0","0,0","0,0","0,0","0,0","0,0","0,0","0,0","0,0","0,0","0,0","0,0","0,0","0,0","0,0","0,0","0,0","0,0","0,0","0,0","0,0","0,0","0,0","0,0","0,0","0,0","0,0","0,0","0,0","0,0","0,0","0,0","0,0","0,0","0,0","0,0","0,0","0,0","0,0","0,0","0,0","0,0","0,0","0,0","0,0","0,0","0,0","0,0","0,0","0,0","0,0","0,0","0,0","0,0","0,0","0,0","0,0","0,0","0,0","0,0","0,0","0,0","0,0","0,0","0,0","0,0","0,0","0,0","0,0","0,0","0,0","0,0","0,0","0,0","0,0","0,0","0,0","0,0","0,0","0,0","0,0","0,0","0,0","0,0","0,0","0,0","0,0","0,0","0,0","0,0","0,0","0,0","0,0","0,0","0,0","0,0","0,0","0,0","0,0","0,0","0,0","0,0"
"Costa Rica","2021-02-07","0,0","37,03703703703704","0,0","59,25925925925925","0,0","0,0","0,0","0,0","0,0","0,0","0,0","0,0","0,0","0,0","0,0","0,0","0,0","0,0","0,0","0,0","0,0","0,0","0,0","0,0","0,0","0,0","0,0","0,0","0,0","0,0","0,0","0,0","0,0","0,0","0,0","0,0","0,0","0,0","0,0","0,0","0,0","0,0","0,0","0,0","0,0","0,0","0,0","0,0","0,0","0,0","0,0","0,0","0,0","0,0","0,0","0,0","0,0","0,0","0,0","0,0","0,0","0,0","0,0","0,0","0,0","0,0","0,0","0,0","0,0","0,0","0,0","0,0","0,0","0,0","0,0","0,0","0,0","0,0","0,0","0,0","0,0","0,0","0,0","0,0","0,0","0,0","0,0","0,0","0,0","0,0","0,0","0,0","0,0","0,0","0,0","0,0","0,0","0,0","0,0","0,0","0,0","0,0","0,0","0,0","0,0","0,0","0,0","0,0","0,0","0,0","0,0","0,0","0,0","0,0","0,0","0,0","0,0","0,0","0,0","0,0","0,0","0,0","0,0","0,0","0,0","0,0","0,0","0,0","0,0","0,0","0,0","0,0","0,0","3,7037037037037033"
"Costa Rica","2021-02-21","1,3157894736842104","36,84210526315789","3,9473684210526314","51,31578947368421","0,0","0,0","2,631578947368421","0,0","0,0","0,0","0,0","0,0","0,0","0,0","0,0","0,0","0,0","0,0","0,0","0,0","0,0","0,0","0,0","0,0","0,0","0,0","0,0","0,0","0,0","0,0","0,0","0,0","0,0","0,0","0,0","0,0","0,0","0,0","0,0","0,0","0,0","0,0","0,0","0,0","0,0","0,0","0,0","1,3157894736842104","1,3157894736842104","0,0","0,0","0,0","0,0","0,0","0,0","0,0","0,0","0,0","0,0","0,0","0,0","0,0","0,0","0,0","0,0","0,0","0,0","0,0","0,0","0,0","0,0","0,0","0,0","0,0","0,0","0,0","0,0","0,0","0,0","0,0","0,0","0,0","0,0","0,0","0,0","0,0","0,0","0,0","0,0","0,0","0,0","0,0","0,0","0,0","0,0","0,0","0,0","0,0","0,0","0,0","0,0","0,0","0,0","0,0","0,0","0,0","0,0","0,0","0,0","0,0","0,0","0,0","0,0","0,0","0,0","0,0","0,0","0,0","0,0","0,0","0,0","0,0","0,0","0,0","0,0","0,0","0,0","0,0","0,0","0,0","0,0","0,0","1,3157894736842104","0,0"
"Costa Rica","2021-03-07","1,5151515151515151","46,96969696969697","4,545454545454546","33,33333333333333","1,5151515151515151","0,0","6,0606060606060606","0,0","0,0","0,0","0,0","0,0","0,0","0,0","0,0","0,0","0,0","0,0","0,0","0,0","0,0","0,0","0,0","0,0","0,0","0,0","0,0","0,0","0,0","0,0","0,0","0,0","0,0","0,0","0,0","0,0","0,0","0,0","0,0","0,0","0,0","0,0","0,0","0,0","0,0","0,0","0,0","1,5151515151515151","1,5151515151515151","1,5151515151515151","0,0","0,0","0,0","0,0","0,0","0,0","0,0","0,0","1,5151515151515151","0,0","0,0","0,0","0,0","0,0","0,0","0,0","0,0","0,0","0,0","0,0","0,0","0,0","0,0","0,0","0,0","0,0","0,0","0,0","0,0","0,0","0,0","0,0","0,0","0,0","0,0","0,0","0,0","0,0","0,0","0,0","0,0","0,0","0,0","0,0","0,0","0,0","0,0","0,0","0,0","0,0","0,0","0,0","0,0","0,0","0,0","0,0","0,0","0,0","0,0","0,0","0,0","0,0","0,0","0,0","0,0","0,0","0,0","0,0","0,0","0,0","0,0","0,0","0,0","0,0","0,0","0,0","0,0","0,0","0,0","0,0","0,0","0,0","0,0","0,0"
"Costa Rica","2021-03-21","2,5","48,75","15,0","18,75","1,25","1,25","0,0","0,0","0,0","0,0","0,0","0,0","0,0","0,0","0,0","0,0","0,0","0,0","0,0","0,0","0,0","0,0","0,0","0,0","0,0","0,0","0,0","0,0","0,0","0,0","0,0","0,0","0,0","0,0","0,0","0,0","0,0","0,0","0,0","0,0","0,0","0,0","0,0","0,0","0,0","0,0","0,0","5,0","1,25","3,75","0,0","0,0","0,0","0,0","0,0","0,0","0,0","0,0","1,25","0,0","0,0","0,0","0,0","0,0","0,0","0,0","0,0","0,0","0,0","0,0","0,0","0,0","0,0","0,0","0,0","0,0","0,0","0,0","0,0","0,0","0,0","0,0","0,0","0,0","0,0","0,0","0,0","0,0","0,0","0,0","0,0","0,0","0,0","0,0","0,0","0,0","0,0","0,0","0,0","0,0","0,0","0,0","0,0","0,0","0,0","0,0","0,0","0,0","0,0","0,0","0,0","0,0","0,0","0,0","0,0","0,0","0,0","0,0","0,0","0,0","0,0","0,0","0,0","0,0","0,0","0,0","0,0","0,0","0,0","0,0","0,0","0,0","0,0","1,25"
"Costa Rica","2021-04-04","0,0","36,206896551724135","32,758620689655174","10,344827586206897","0,0","0,0","8,620689655172415","0,0","0,0","0,0","0,0","0,0","0,0","0,0","0,0","0,0","0,0","0,0","0,0","0,0","0,0","0,0","0,0","0,0","0,0","0,0","0,0","0,0","0,0","0,0","0,0","0,0","0,0","0,0","0,0","0,0","0,0","0,0","0,0","0,0","0,0","0,0","0,0","0,0","0,0","0,0","0,0","1,7241379310344827","1,7241379310344827","6,896551724137931","0,0","0,0","0,0","0,0","0,0","0,0","0,0","0,0","0,0","0,0","0,0","0,0","0,0","0,0","0,0","0,0","0,0","0,0","0,0","0,0","0,0","0,0","0,0","0,0","0,0","0,0","0,0","0,0","0,0","0,0","0,0","0,0","0,0","0,0","0,0","0,0","0,0","0,0","0,0","0,0","0,0","0,0","0,0","0,0","0,0","0,0","0,0","0,0","0,0","0,0","0,0","0,0","0,0","0,0","0,0","0,0","0,0","0,0","0,0","0,0","0,0","0,0","0,0","0,0","0,0","0,0","0,0","0,0","0,0","0,0","0,0","0,0","0,0","0,0","0,0","0,0","0,0","0,0","0,0","0,0","0,0","0,0","0,0","1,7241379310344827"
"Costa Rica","2021-04-18","0,0","26,76056338028169","33,80281690140845","8,450704225352112","2,8169014084507045","0,0","1,4084507042253522","0,0","0,0","0,0","0,0","0,0","0,0","0,0","0,0","0,0","0,0","0,0","0,0","0,0","0,0","0,0","0,0","0,0","0,0","0,0","0,0","0,0","0,0","0,0","0,0","0,0","0,0","0,0","0,0","0,0","0,0","0,0","0,0","0,0","0,0","0,0","0,0","0,0","0,0","0,0","0,0","5,633802816901409","0,0","15,492957746478872","2,8169014084507045","0,0","0,0","0,0","0,0","0,0","0,0","0,0","0,0","0,0","0,0","0,0","0,0","0,0","0,0","0,0","0,0","0,0","0,0","0,0","0,0","0,0","0,0","0,0","0,0","0,0","0,0","0,0","0,0","0,0","0,0","0,0","0,0","0,0","0,0","0,0","0,0","0,0","0,0","0,0","0,0","0,0","0,0","0,0","0,0","0,0","0,0","0,0","0,0","0,0","0,0","0,0","0,0","0,0","0,0","0,0","0,0","0,0","0,0","0,0","0,0","0,0","0,0","0,0","0,0","0,0","0,0","0,0","0,0","0,0","0,0","0,0","0,0","0,0","0,0","0,0","0,0","0,0","0,0","0,0","0,0","0,0","0,0","2,8169014084507045"
"Costa Rica","2021-05-02","0,0","21,052631578947366","52,63157894736842","5,263157894736842","0,0","0,0","0,0","0,0","0,0","0,0","0,0","0,0","0,0","0,0","0,0","0,0","0,0","0,0","0,0","0,0","0,0","0,0","0,0","0,0","0,0","0,0","0,0","0,0","0,0","0,0","0,0","0,0","0,0","0,0","0,0","0,0","0,0","0,0","0,0","0,0","0,0","0,0","0,0","0,0","0,0","0,0","0,0","1,7543859649122806","1,7543859649122806","15,789473684210526","0,0","0,0","0,0","1,7543859649122806","0,0","0,0","0,0","0,0","0,0","0,0","0,0","0,0","0,0","0,0","0,0","0,0","0,0","0,0","0,0","0,0","0,0","0,0","0,0","0,0","0,0","0,0","0,0","0,0","0,0","0,0","0,0","0,0","0,0","0,0","0,0","0,0","0,0","0,0","0,0","0,0","0,0","0,0","0,0","0,0","0,0","0,0","0,0","0,0","0,0","0,0","0,0","0,0","0,0","0,0","0,0","0,0","0,0","0,0","0,0","0,0","0,0","0,0","0,0","0,0","0,0","0,0","0,0","0,0","0,0","0,0","0,0","0,0","0,0","0,0","0,0","0,0","0,0","0,0","0,0","0,0","0,0","0,0","0,0","0,0"
"Costa Rica","2021-05-16","0,0","21,21212121212121","63,63636363636363","0,0","0,0","0,0","3,0303030303030303","3,0303030303030303","0,0","0,0","0,0","0,0","0,0","0,0","0,0","0,0","0,0","0,0","0,0","0,0","0,0","0,0","0,0","0,0","0,0","0,0","0,0","0,0","0,0","0,0","0,0","0,0","0,0","0,0","0,0","0,0","0,0","0,0","0,0","0,0","0,0","0,0","0,0","0,0","0,0","0,0","0,0","3,0303030303030303","0,0","3,0303030303030303","0,0","0,0","3,0303030303030303","0,0","0,0","0,0","0,0","0,0","0,0","0,0","0,0","0,0","0,0","0,0","0,0","0,0","0,0","0,0","0,0","0,0","0,0","0,0","0,0","0,0","0,0","0,0","0,0","0,0","0,0","0,0","0,0","0,0","0,0","0,0","0,0","0,0","0,0","0,0","0,0","0,0","0,0","0,0","0,0","0,0","0,0","0,0","0,0","0,0","0,0","0,0","0,0","0,0","0,0","0,0","0,0","0,0","0,0","0,0","0,0","0,0","0,0","0,0","0,0","0,0","0,0","0,0","0,0","0,0","0,0","0,0","0,0","0,0","0,0","0,0","0,0","0,0","0,0","0,0","0,0","0,0","0,0","0,0","0,0","0,0"
"Costa Rica","2021-05-30","0,0","18,75","45,83333333333333","2,083333333333333","0,0","0,0","0,0","0,0","0,0","0,0","0,0","0,0","0,0","0,0","0,0","0,0","0,0","0,0","0,0","0,0","0,0","0,0","0,0","0,0","0,0","0,0","0,0","0,0","0,0","0,0","0,0","0,0","0,0","0,0","0,0","0,0","0,0","0,0","0,0","0,0","0,0","0,0","0,0","0,0","0,0","0,0","0,0","0,0","0,0","22,916666666666664","0,0","0,0","0,0","0,0","0,0","0,0","0,0","0,0","2,083333333333333","0,0","8,333333333333332","0,0","0,0","0,0","0,0","0,0","0,0","0,0","0,0","0,0","0,0","0,0","0,0","0,0","0,0","0,0","0,0","0,0","0,0","0,0","0,0","0,0","0,0","0,0","0,0","0,0","0,0","0,0","0,0","0,0","0,0","0,0","0,0","0,0","0,0","0,0","0,0","0,0","0,0","0,0","0,0","0,0","0,0","0,0","0,0","0,0","0,0","0,0","0,0","0,0","0,0","0,0","0,0","0,0","0,0","0,0","0,0","0,0","0,0","0,0","0,0","0,0","0,0","0,0","0,0","0,0","0,0","0,0","0,0","0,0","0,0","0,0","0,0","0,0"
"Costa Rica","2021-06-13","0,0","15,151515151515152","24,242424242424242","3,0303030303030303","0,0","0,0","0,0","0,0","0,0","0,0","0,0","0,0","0,0","0,0","0,0","0,0","3,0303030303030303","0,0","0,0","0,0","0,0","0,0","0,0","0,0","0,0","0,0","0,0","0,0","0,0","0,0","0,0","0,0","0,0","0,0","0,0","0,0","0,0","0,0","0,0","0,0","0,0","0,0","0,0","0,0","0,0","0,0","0,0","0,0","0,0","51,515151515151516","3,0303030303030303","0,0","0,0","0,0","0,0","0,0","0,0","0,0","0,0","0,0","0,0","0,0","0,0","0,0","0,0","0,0","0,0","0,0","0,0","0,0","0,0","0,0","0,0","0,0","0,0","0,0","0,0","0,0","0,0","0,0","0,0","0,0","0,0","0,0","0,0","0,0","0,0","0,0","0,0","0,0","0,0","0,0","0,0","0,0","0,0","0,0","0,0","0,0","0,0","0,0","0,0","0,0","0,0","0,0","0,0","0,0","0,0","0,0","0,0","0,0","0,0","0,0","0,0","0,0","0,0","0,0","0,0","0,0","0,0","0,0","0,0","0,0","0,0","0,0","0,0","0,0","0,0","0,0","0,0","0,0","0,0","0,0","0,0","0,0"
"Costa Rica","2021-06-27","0,0","7,142857142857142","16,071428571428573","3,571428571428571","0,0","0,0","0,0","1,7857142857142856","0,0","0,0","1,7857142857142856","0,0","0,0","0,0","0,0","0,0","7,142857142857142","0,0","0,0","0,0","0,0","0,0","0,0","0,0","0,0","0,0","0,0","1,7857142857142856","1,7857142857142856","0,0","0,0","0,0","0,0","0,0","0,0","0,0","0,0","0,0","0,0","0,0","0,0","0,0","0,0","0,0","0,0","0,0","0,0","0,0","0,0","30,357142857142854","0,0","0,0","1,7857142857142856","0,0","0,0","0,0","0,0","0,0","0,0","1,7857142857142856","25,0","0,0","0,0","0,0","0,0","0,0","0,0","0,0","0,0","0,0","0,0","0,0","0,0","0,0","0,0","0,0","0,0","0,0","0,0","0,0","0,0","0,0","0,0","0,0","0,0","0,0","0,0","0,0","0,0","0,0","0,0","0,0","0,0","0,0","0,0","0,0","0,0","0,0","0,0","0,0","0,0","0,0","0,0","0,0","0,0","0,0","0,0","0,0","0,0","0,0","0,0","0,0","0,0","0,0","0,0","0,0","0,0","0,0","0,0","0,0","0,0","0,0","0,0","0,0","0,0","0,0","0,0","0,0","0,0","0,0","0,0","0,0","0,0","0,0"
"Costa Rica","2021-07-11","0,0","16,666666666666664","9,523809523809524","2,380952380952381","0,0","0,0","1,1904761904761905","0,0","0,0","0,0","0,0","0,0","0,0","0,0","0,0","0,0","13,095238095238097","0,0","0,0","0,0","0,0","0,0","0,0","0,0","0,0","1,1904761904761905","2,380952380952381","4,761904761904762","1,1904761904761905","0,0","0,0","0,0","0,0","1,1904761904761905","0,0","0,0","0,0","0,0","0,0","0,0","0,0","0,0","0,0","0,0","0,0","0,0","0,0","1,1904761904761905","0,0","21,428571428571427","0,0","0,0","0,0","0,0","0,0","0,0","0,0","0,0","0,0","2,380952380952381","20,238095238095237","0,0","0,0","0,0","0,0","0,0","0,0","0,0","0,0","0,0","0,0","0,0","0,0","0,0","0,0","0,0","0,0","0,0","0,0","0,0","0,0","0,0","0,0","0,0","0,0","0,0","0,0","0,0","0,0","0,0","0,0","0,0","0,0","0,0","0,0","0,0","0,0","0,0","0,0","0,0","0,0","0,0","0,0","0,0","0,0","0,0","0,0","0,0","0,0","0,0","0,0","0,0","0,0","0,0","0,0","0,0","0,0","0,0","0,0","0,0","0,0","0,0","0,0","0,0","0,0","0,0","0,0","0,0","0,0","0,0","0,0","0,0","1,1904761904761905","0,0"
"Costa Rica","2021-07-25","0,0","4,545454545454546","10,227272727272728","3,4090909090909087","0,0","0,0","0,0","0,0","0,0","0,0","2,272727272727273","0,0","0,0","0,0","0,0","0,0","34,090909090909086","0,0","0,0","0,0","0,0","1,1363636363636365","0,0","0,0","1,1363636363636365","0,0","2,272727272727273","2,272727272727273","0,0","0,0","0,0","0,0","1,1363636363636365","5,681818181818182","0,0","0,0","0,0","0,0","0,0","2,272727272727273","0,0","0,0","0,0","0,0","0,0","0,0","0,0","0,0","0,0","7,954545454545454","0,0","0,0","1,1363636363636365","0,0","0,0","1,1363636363636365","0,0","0,0","2,272727272727273","2,272727272727273","13,636363636363635","0,0","0,0","0,0","0,0","0,0","0,0","0,0","0,0","0,0","0,0","0,0","0,0","0,0","0,0","0,0","0,0","0,0","0,0","0,0","0,0","0,0","0,0","0,0","0,0","0,0","0,0","0,0","0,0","0,0","0,0","0,0","0,0","0,0","0,0","0,0","0,0","0,0","0,0","0,0","0,0","0,0","0,0","0,0","0,0","0,0","0,0","0,0","0,0","0,0","0,0","0,0","0,0","0,0","0,0","0,0","0,0","0,0","0,0","0,0","0,0","0,0","0,0","0,0","0,0","0,0","0,0","0,0","0,0","0,0","0,0","0,0","1,1363636363636365","0,0"
"Costa Rica","2021-08-08","0,0","0,7299270072992701","4,37956204379562","0,0","0,0","0,0","0,0","0,0","0,0","0,0","0,0","0,0","0,0","2,18978102189781","0,0","0,0","30,656934306569344","0,0","0,0","0,0","0,7299270072992701","0,0","0,0","0,0","1,4598540145985401","0,0","4,37956204379562","7,2992700729927","2,18978102189781","0,0","0,0","0,0","0,0","2,9197080291970803","0,0","0,0","0,0","0,0","0,0","1,4598540145985401","0,0","0,0","0,0","0,0","0,0","0,7299270072992701","0,0","0,0","0,0","21,897810218978105","0,0","0,7299270072992701","0,7299270072992701","0,0","0,7299270072992701","0,7299270072992701","0,0","0,0","0,0","2,18978102189781","10,948905109489052","0,0","0,0","0,0","0,0","0,0","0,0","0,0","0,0","0,0","0,0","0,0","0,0","0,0","0,0","0,0","0,0","0,0","0,0","0,0","0,0","0,0","0,0","0,0","0,0","0,0","0,0","0,0","0,0","0,0","0,0","0,0","0,0","0,0","0,0","0,0","0,0","0,0","0,0","0,0","0,0","0,0","0,0","0,0","0,0","0,0","0,0","0,0","0,0","0,0","0,0","0,0","0,0","0,0","0,0","0,0","0,0","0,0","0,0","0,0","0,0","0,0","0,0","0,0","0,0","0,0","0,0","0,0","0,0","0,0","0,0","0,0","2,9197080291970803","0,0"
"Costa Rica","2021-08-22","0,0","0,7407407407407408","0,7407407407407408","0,0","0,0","0,0","0,0","0,0","0,0","0,7407407407407408","7,4074074074074066","0,0","0,0","0,7407407407407408","0,0","0,0","36,2962962962963","0,7407407407407408","0,0","0,0","0,0","0,0","0,0","0,0","1,4814814814814816","0,0","10,37037037037037","5,9259259259259265","0,7407407407407408","0,0","0,0","0,0","0,0","4,444444444444445","0,0","0,0","0,0","0,0","0,0","1,4814814814814816","0,0","0,0","0,0","0,0","0,0","2,9629629629629632","0,0","0,0","0,0","8,88888888888889","0,0","0,0","0,0","0,0","1,4814814814814816","2,2222222222222223","0,0","0,0","0,0","3,7037037037037033","6,666666666666667","0,0","0,0","0,0","0,0","0,0","0,0","0,0","0,0","0,0","0,0","0,0","0,0","0,0","0,0","0,0","0,0","0,0","0,0","0,0","0,0","0,0","0,0","0,0","0,0","0,0","0,0","0,0","0,0","0,0","0,0","0,0","0,0","0,0","0,0","0,0","0,0","0,0","0,0","0,0","0,0","0,0","0,0","0,0","0,0","0,0","0,0","0,0","0,0","0,0","0,0","0,0","0,0","0,0","0,0","0,0","0,0","0,0","0,0","0,0","0,0","0,0","0,0","0,0","0,0","0,0","0,0","0,0","0,0","0,0","0,0","0,0","2,2222222222222223","0,0"
"Costa Rica","2021-09-05","0,0","0,0","0,0","0,0","0,0","0,0","0,0","0,0","0,0","0,0","8,695652173913043","0,0","0,0","0,0","0,0","0,0","44,927536231884055","0,0","0,0","0,0","0,0","1,4492753623188406","0,0","0,0","0,0","0,0","11,594202898550725","2,898550724637681","4,3478260869565215","0,0","0,0","0,0","0,0","7,246376811594203","0,0","0,0","0,0","0,0","0,0","0,0","0,0","0,0","0,0","1,4492753623188406","0,0","0,0","0,0","0,0","0,0","8,695652173913043","0,0","0,0","0,0","0,0","0,0","2,898550724637681","0,0","0,0","0,0","4,3478260869565215","1,4492753623188406","0,0","0,0","0,0","0,0","0,0","0,0","0,0","0,0","0,0","0,0","0,0","0,0","0,0","0,0","0,0","0,0","0,0","0,0","0,0","0,0","0,0","0,0","0,0","0,0","0,0","0,0","0,0","0,0","0,0","0,0","0,0","0,0","0,0","0,0","0,0","0,0","0,0","0,0","0,0","0,0","0,0","0,0","0,0","0,0","0,0","0,0","0,0","0,0","0,0","0,0","0,0","0,0","0,0","0,0","0,0","0,0","0,0","0,0","0,0","0,0","0,0","0,0","0,0","0,0","0,0","0,0","0,0","0,0","0,0","0,0","0,0","0,0","0,0"
"Costa Rica","2021-09-19","0,0","0,0","0,0","0,0","0,0","0,0","0,0","0,0","1,0869565217391304","0,0","8,695652173913043","0,0","0,0","1,0869565217391304","0,0","0,0","44,565217391304344","0,0","0,0","0,0","0,0","1,0869565217391304","0,0","0,0","1,0869565217391304","0,0","5,434782608695652","0,0","15,217391304347828","0,0","0,0","0,0","0,0","8,695652173913043","1,0869565217391304","0,0","0,0","0,0","0,0","0,0","0,0","0,0","0,0","0,0","0,0","2,1739130434782608","0,0","0,0","0,0","6,521739130434782","0,0","0,0","0,0","0,0","0,0","0,0","1,0869565217391304","0,0","0,0","0,0","1,0869565217391304","0,0","0,0","0,0","0,0","0,0","0,0","0,0","0,0","0,0","0,0","0,0","0,0","0,0","0,0","0,0","0,0","0,0","0,0","0,0","0,0","0,0","0,0","0,0","0,0","0,0","0,0","0,0","0,0","0,0","0,0","0,0","0,0","0,0","0,0","0,0","0,0","0,0","0,0","0,0","0,0","0,0","0,0","0,0","0,0","0,0","0,0","0,0","0,0","0,0","0,0","0,0","0,0","0,0","0,0","0,0","0,0","0,0","0,0","0,0","0,0","0,0","0,0","0,0","0,0","0,0","0,0","0,0","0,0","0,0","0,0","0,0","1,0869565217391304","0,0"
"Costa Rica","2021-10-03","0,0","0,0","0,0","0,0","0,0","0,0","0,0","0,0","0,0","0,0","7,042253521126761","0,0","0,0","0,0","0,0","0,0","50,70422535211267","0,0","0,0","0,0","0,0","1,4084507042253522","0,0","0,0","1,4084507042253522","0,0","11,267605633802818","2,8169014084507045","7,042253521126761","0,0","0,0","0,0","0,0","8,450704225352112","0,0","0,0","0,0","0,0","0,0","4,225352112676056","0,0","1,4084507042253522","1,4084507042253522","0,0","0,0","0,0","0,0","0,0","0,0","0,0","0,0","0,0","0,0","0,0","0,0","0,0","0,0","1,4084507042253522","0,0","0,0","1,4084507042253522","0,0","0,0","0,0","0,0","0,0","0,0","0,0","0,0","0,0","0,0","0,0","0,0","0,0","0,0","0,0","0,0","0,0","0,0","0,0","0,0","0,0","0,0","0,0","0,0","0,0","0,0","0,0","0,0","0,0","0,0","0,0","0,0","0,0","0,0","0,0","0,0","0,0","0,0","0,0","0,0","0,0","0,0","0,0","0,0","0,0","0,0","0,0","0,0","0,0","0,0","0,0","0,0","0,0","0,0","0,0","0,0","0,0","0,0","0,0","0,0","0,0","0,0","0,0","0,0","0,0","0,0","0,0","0,0","0,0","0,0","0,0","0,0","0,0"
"Costa Rica","2021-10-17","0,0","0,0","0,0","0,0","0,0","0,0","0,0","0,0","2,0","0,0","5,333333333333334","0,0","0,0","0,6666666666666667","2,0","0,0","42,0","4,0","0,0","0,0","0,0","1,3333333333333335","0,0","0,0","0,6666666666666667","0,0","12,0","1,3333333333333335","13,333333333333334","0,0","0,0","0,0","0,0","10,0","0,6666666666666667","0,0","0,6666666666666667","1,3333333333333335","0,0","0,6666666666666667","0,0","0,6666666666666667","0,0","0,0","0,0","1,3333333333333335","0,0","0,0","0,0","0,0","0,0","0,0","0,0","0,0","0,0","0,0","0,0","0,0","0,0","0,0","0,0","0,0","0,0","0,0","0,0","0,0","0,0","0,0","0,0","0,0","0,0","0,0","0,0","0,0","0,0","0,0","0,0","0,0","0,0","0,0","0,0","0,0","0,0","0,0","0,0","0,0","0,0","0,0","0,0","0,0","0,0","0,0","0,0","0,0","0,0","0,0","0,0","0,0","0,0","0,0","0,0","0,0","0,0","0,0","0,0","0,0","0,0","0,0","0,0","0,0","0,0","0,0","0,0","0,0","0,0","0,0","0,0","0,0","0,0","0,0","0,0","0,0","0,0","0,0","0,0","0,0","0,0","0,0","0,0","0,0","0,0","0,0","0,0","0,0"
"Costa Rica","2021-10-31","0,0","0,0","0,0","0,0","0,0","0,0","0,0","0,0","2,5316455696202533","0,0","5,69620253164557","0,0","0,0","0,0","0,0","0,0","56,9620253164557","5,063291139240507","0,0","0,6329113924050633","0,0","2,5316455696202533","0,0","0,0","0,6329113924050633","0,0","5,69620253164557","0,6329113924050633","3,79746835443038","0,0","0,6329113924050633","0,0","0,0","6,329113924050633","0,6329113924050633","0,0","0,6329113924050633","2,5316455696202533","2,5316455696202533","0,6329113924050633","0,0","1,2658227848101267","0,0","0,0","0,0","0,0","0,0","0,0","0,0","0,0","0,0","0,0","0,0","0,0","0,0","0,6329113924050633","0,0","0,0","0,0","0,0","0,0","0,0","0,0","0,0","0,0","0,0","0,0","0,0","0,0","0,0","0,0","0,0","0,0","0,0","0,0","0,0","0,0","0,0","0,0","0,0","0,0","0,0","0,0","0,0","0,0","0,0","0,0","0,0","0,0","0,0","0,0","0,0","0,0","0,0","0,0","0,0","0,0","0,0","0,0","0,0","0,0","0,0","0,0","0,0","0,0","0,0","0,0","0,0","0,0","0,0","0,0","0,0","0,0","0,0","0,0","0,0","0,0","0,0","0,0","0,0","0,0","0,0","0,0","0,0","0,0","0,0","0,0","0,0","0,0","0,0","0,0","0,0","0,0","0,0"
"Costa Rica","2021-11-14","0,0","0,0","0,0","0,0","0,0","0,0","0,0","0,0","0,591715976331361","0,0","14,201183431952662","0,0","0,0","0,0","0,0","0,591715976331361","47,337278106508876","2,366863905325444","2,366863905325444","1,7751479289940828","0,0","0,591715976331361","0,591715976331361","0,591715976331361","0,0","0,0","5,325443786982249","0,0","5,9171597633136095","0,0","0,0","0,0","0,0","8,284023668639055","0,0","0,0","0,0","2,9585798816568047","1,7751479289940828","1,183431952662722","0,0","2,366863905325444","0,0","0,0","0,0","0,591715976331361","0,0","0,0","0,0","0,0","0,0","0,0","0,0","0,0","0,0","0,0","0,0","0,0","0,0","0,0","0,591715976331361","0,0","0,0","0,0","0,0","0,0","0,0","0,0","0,0","0,0","0,0","0,0","0,0","0,0","0,0","0,0","0,0","0,0","0,0","0,0","0,0","0,0","0,0","0,0","0,0","0,0","0,0","0,0","0,0","0,0","0,0","0,0","0,0","0,0","0,0","0,0","0,0","0,0","0,0","0,0","0,0","0,0","0,0","0,0","0,0","0,0","0,0","0,0","0,0","0,0","0,0","0,0","0,0","0,0","0,0","0,0","0,0","0,0","0,0","0,0","0,0","0,0","0,0","0,0","0,0","0,0","0,0","0,0","0,0","0,0","0,0","0,0","0,0","0,0"
"Costa Rica","2021-11-28","0,0","0,0","0,0","0,0","0,0","0,0","0,0","0,0","2,608695652173913","0,0","8,695652173913043","0,8695652173913043","0,0","0,8695652173913043","0,0","0,0","53,04347826086957","2,608695652173913","0,0","0,0","0,0","0,0","0,8695652173913043","0,0","0,0","0,0","2,608695652173913","0,0","6,956521739130435","0,0","0,0","0,0","0,0","9,565217391304348","0,0","0,0","0,0","2,608695652173913","0,0","1,7391304347826086","0,0","5,217391304347826","0,0","0,0","0,8695652173913043","0,8695652173913043","0,0","0,0","0,0","0,0","0,0","0,0","0,0","0,0","0,0","0,0","0,0","0,0","0,0","0,0","0,0","0,0","0,0","0,0","0,0","0,0","0,0","0,0","0,0","0,0","0,0","0,0","0,0","0,0","0,0","0,0","0,0","0,0","0,0","0,0","0,0","0,0","0,0","0,0","0,0","0,0","0,0","0,0","0,0","0,0","0,0","0,0","0,0","0,0","0,0","0,0","0,0","0,0","0,0","0,0","0,0","0,0","0,0","0,0","0,0","0,0","0,0","0,0","0,0","0,0","0,0","0,0","0,0","0,0","0,0","0,0","0,0","0,0","0,0","0,0","0,0","0,0","0,0","0,0","0,0","0,0","0,0","0,0","0,0","0,0","0,0","0,0","0,0","0,0"
"Costa Rica","2021-12-12","0,0","0,0","0,0","0,0","0,0","0,0","0,0","0,0","2,142857142857143","0,0","5,714285714285714","0,0","0,7142857142857143","4,285714285714286","0,0","0,0","45,0","3,571428571428571","2,857142857142857","0,0","1,4285714285714286","0,7142857142857143","5,0","0,0","0,7142857142857143","0,7142857142857143","8,571428571428571","1,4285714285714286","2,857142857142857","0,0","0,0","1,4285714285714286","0,0","2,857142857142857","0,7142857142857143","0,0","0,0","4,285714285714286","0,7142857142857143","1,4285714285714286","0,7142857142857143","0,7142857142857143","0,0","0,0","0,0","0,7142857142857143","0,0","0,0","0,0","0,0","0,0","0,0","0,0","0,0","0,0","0,0","0,0","0,0","0,0","0,0","0,0","0,0","0,7142857142857143","0,0","0,0","0,0","0,0","0,0","0,0","0,0","0,0","0,0","0,0","0,0","0,0","0,0","0,0","0,0","0,0","0,0","0,0","0,0","0,0","0,0","0,0","0,0","0,0","0,0","0,0","0,0","0,0","0,0","0,0","0,0","0,0","0,0","0,0","0,0","0,0","0,0","0,0","0,0","0,0","0,0","0,0","0,0","0,0","0,0","0,0","0,0","0,0","0,0","0,0","0,0","0,0","0,0","0,0","0,0","0,0","0,0","0,0","0,0","0,0","0,0","0,0","0,0","0,0","0,0","0,0","0,0","0,0","0,0","0,0","0,0"
"Costa Rica","2021-12-26","0,0","0,0","0,0","0,0","0,0","0,0","0,0","0,0","0,0","0,0","2,380952380952381","0,0","0,0","0,5952380952380952","0,0","0,0","8,333333333333332","3,571428571428571","1,7857142857142856","0,0","0,0","0,5952380952380952","0,0","0,0","0,0","0,0","10,714285714285714","0,0","3,571428571428571","1,1904761904761905","0,0","0,0","0,0","2,380952380952381","0,5952380952380952","1,7857142857142856","0,0","2,380952380952381","0,0","1,7857142857142856","0,0","0,0","0,0","0,0","0,0","2,380952380952381","0,5952380952380952","0,0","0,0","0,0","0,0","0,0","0,0","0,0","0,0","0,0","0,0","0,0","0,0","0,0","0,0","8,928571428571429","30,357142857142854","0,0","0,0","0,0","0,5952380952380952","0,0","0,5952380952380952","0,0","0,5952380952380952","9,523809523809524","0,0","0,0","0,0","0,5952380952380952","1,7857142857142856","1,1904761904761905","0,0","1,1904761904761905","0,0","0,0","0,0","0,0","0,0","0,0","0,0","0,0","0,0","0,0","0,0","0,0","0,0","0,0","0,0","0,0","0,0","0,0","0,0","0,0","0,0","0,0","0,0","0,0","0,0","0,0","0,0","0,0","0,0","0,0","0,0","0,0","0,0","0,0","0,0","0,0","0,0","0,0","0,0","0,0","0,0","0,0","0,0","0,0","0,0","0,0","0,0","0,0","0,0","0,0","0,0","0,0","0,0","0,0"
"Costa Rica","2022-01-09","0,0","0,0","0,0","0,0","0,0","0,0","0,0","0,0","0,41841004184100417","0,0","0,0","0,0","0,0","0,41841004184100417","0,0","0,0","2,092050209205021","0,41841004184100417","0,0","0,41841004184100417","0,0","0,41841004184100417","0,0","0,0","0,0","0,0","2,092050209205021","0,0","1,2552301255230125","0,0","0,0","0,0","0,0","0,0","0,0","0,0","0,0","0,0","0,0","0,41841004184100417","0,0","0,0","0,0","0,0","0,0","1,2552301255230125","0,0","0,0","0,0","0,0","0,0","0,0","0,0","0,0","0,0","0,0","0,0","0,0","0,0","0,0","0,0","9,205020920502092","59,83263598326359","0,0","0,0","0,0","0,0","0,0","0,41841004184100417","0,41841004184100417","0,0","12,552301255230125","0,0","0,0","0,8368200836820083","0,0","5,02092050209205","0,0","0,8368200836820083","0,41841004184100417","0,41841004184100417","0,8368200836820083","0,0","0,0","0,0","0,0","0,0","0,0","0,0","0,0","0,0","0,0","0,0","0,0","0,0","0,0","0,0","0,0","0,0","0,0","0,0","0,0","0,0","0,0","0,0","0,0","0,0","0,0","0,0","0,0","0,0","0,0","0,0","0,0","0,0","0,0","0,0","0,0","0,0","0,0","0,0","0,0","0,0","0,0","0,0","0,0","0,0","0,0","0,0","0,0","0,0","0,0","0,0","0,0"
"Costa Rica","2022-01-23","0,0","0,0","0,0","0,0","0,0","0,0","0,0","0,0","0,0","0,0","0,0","0,0","0,0","0,0","0,0","0,0","0,0","0,0","0,0","0,0","0,0","0,0","0,0","0,0","0,0","0,0","0,0","0,0","0,0","0,0","0,0","0,0","0,0","0,0","0,0","0,0","0,0","0,0","0,0","0,0","0,0","0,0","0,0","0,0","0,0","0,0","0,0","0,0","0,0","0,0","0,0","0,0","0,0","0,0","0,0","0,0","0,0","0,0","0,0","0,0","0,0","9,042553191489363","71,27659574468085","0,0","0,0","0,0","0,0","0,0","1,0638297872340425","0,0","0,0","14,361702127659576","0,5319148936170213","0,0","0,0","0,5319148936170213","2,6595744680851063","0,0","0,0","0,5319148936170213","0,0","0,0","0,0","0,0","0,0","0,0","0,0","0,0","0,0","0,0","0,0","0,0","0,0","0,0","0,0","0,0","0,0","0,0","0,0","0,0","0,0","0,0","0,0","0,0","0,0","0,0","0,0","0,0","0,0","0,0","0,0","0,0","0,0","0,0","0,0","0,0","0,0","0,0","0,0","0,0","0,0","0,0","0,0","0,0","0,0","0,0","0,0","0,0","0,0","0,0","0,0","0,0","0,0","0,0"
"Costa Rica","2022-02-06","0,0","0,0","0,0","0,0","0,0","0,0","0,0","0,0","0,0","0,0","0,0","0,0","0,0","0,0","0,0","0,0","0,0","0,0","0,0","0,0","0,0","0,0","0,0","0,0","0,0","0,0","0,0","0,0","0,0","0,0","0,0","0,0","0,0","0,0","0,0","0,0","0,0","0,0","0,0","0,0","0,0","0,0","0,0","0,0","0,0","0,0","0,0","0,0","0,0","0,0","0,0","0,0","0,0","0,0","0,0","0,0","0,0","0,0","0,0","0,0","0,0","5,4945054945054945","78,02197802197803","0,5494505494505495","0,0","0,5494505494505495","0,0","0,5494505494505495","0,0","0,0","0,0","7,6923076923076925","0,0","0,5494505494505495","0,0","0,5494505494505495","1,098901098901099","0,5494505494505495","0,5494505494505495","1,6483516483516485","0,0","0,0","0,5494505494505495","0,0","0,0","0,0","0,0","0,0","0,5494505494505495","0,0","0,0","0,0","0,0","0,0","0,0","0,0","0,0","0,0","0,0","0,0","0,0","0,0","0,0","1,098901098901099","0,0","0,0","0,0","0,0","0,0","0,0","0,0","0,0","0,0","0,0","0,0","0,0","0,0","0,0","0,0","0,0","0,0","0,0","0,0","0,0","0,0","0,0","0,0","0,0","0,0","0,0","0,0","0,0","0,0","0,0"
"Costa Rica","2022-02-20","0,0","0,0","0,0","0,0","0,0","0,0","0,0","0,0","0,0","0,0","0,0","0,0","0,0","0,0","0,0","0,0","0,0","0,0","0,0","0,0","0,0","0,0","0,0","0,0","0,0","0,0","0,0","0,0","0,0","0,0","0,0","0,0","0,0","0,0","0,0","0,0","0,0","0,0","0,0","0,0","0,0","0,0","0,0","0,0","0,0","0,0","0,0","0,0","0,0","0,0","0,0","0,0","0,0","0,0","0,0","0,0","0,0","0,0","0,0","0,0","0,0","4,385964912280701","73,24561403508771","0,43859649122807015","0,0","0,43859649122807015","0,0","0,0","0,43859649122807015","0,0","0,0","11,842105263157894","0,8771929824561403","0,0","0,0","0,0","1,3157894736842104","0,0","0,8771929824561403","0,8771929824561403","0,0","0,0","1,3157894736842104","0,0","0,0","0,0","0,0","0,0","0,8771929824561403","0,0","0,0","0,0","0,0","0,0","0,0","0,0","0,0","0,0","0,0","0,0","0,0","0,0","0,0","3,070175438596491","0,0","0,0","0,0","0,0","0,0","0,0","0,0","0,0","0,0","0,0","0,0","0,0","0,0","0,0","0,0","0,0","0,0","0,0","0,0","0,0","0,0","0,0","0,0","0,0","0,0","0,0","0,0","0,0","0,0","0,0"
"Costa Rica","2022-03-06","0,0","0,0","0,0","0,0","0,0","0,0","0,0","0,0","0,0","0,0","0,0","0,0","0,0","0,0","0,0","0,0","0,0","0,0","0,0","0,0","0,0","0,0","0,0","0,0","0,0","0,0","0,0","0,0","0,0","0,0","0,0","0,0","0,0","0,0","0,0","0,0","0,0","0,0","0,0","0,0","0,0","0,0","0,0","0,0","0,0","0,0","0,0","0,0","0,0","0,0","0,0","0,0","0,0","0,0","0,0","0,0","0,0","0,0","0,0","0,0","0,0","5,056179775280898","70,78651685393258","0,5617977528089888","0,5617977528089888","0,0","0,0","0,0","0,0","0,0","0,0","5,617977528089887","0,0","0,0","0,0","0,5617977528089888","1,1235955056179776","0,0","1,1235955056179776","2,247191011235955","0,0","0,0","3,3707865168539324","0,5617977528089888","0,0","0,0","0,0","0,0","3,3707865168539324","0,0","0,0","0,0","0,0","0,0","0,0","0,0","0,0","0,0","0,0","0,0","0,0","0,0","0,0","3,3707865168539324","0,0","0,5617977528089888","0,0","0,0","0,0","0,0","0,0","0,0","0,0","0,0","0,0","0,0","0,0","0,0","0,0","0,0","0,0","0,0","0,0","0,0","0,0","0,0","0,0","0,0","0,0","0,0","0,0","0,0","1,1235955056179776","0,0"
"Costa Rica","2022-03-20","0,0","0,0","0,0","0,0","0,0","0,0","0,0","0,0","0,0","0,0","0,0","0,0","0,0","0,0","0,0","0,0","0,0","0,0","0,0","0,0","0,0","0,0","0,0","0,0","0,0","0,0","0,0","0,0","0,0","0,0","0,0","0,0","0,0","0,0","0,0","0,0","0,0","0,0","0,0","0,0","0,0","0,0","0,0","0,0","0,0","0,0","0,0","0,0","0,0","0,0","0,0","0,0","0,0","0,0","0,0","0,0","0,0","0,0","0,0","0,0","0,0","5,9171597633136095","56,80473372781065","0,0","0,0","0,0","0,0","0,0","1,183431952662722","0,0","0,0","4,733727810650888","0,0","0,0","0,0","0,591715976331361","2,9585798816568047","0,0","0,591715976331361","0,0","0,591715976331361","0,0","5,325443786982249","0,591715976331361","0,0","0,0","0,0","0,0","6,508875739644971","0,0","0,0","0,0","0,0","0,0","0,0","0,0","0,0","0,0","0,0","0,0","0,0","0,0","0,0","11,834319526627219","0,0","0,0","0,0","0,0","0,0","0,0","0,0","0,0","0,0","0,0","0,0","0,0","0,0","0,0","0,0","0,0","0,0","0,0","0,0","0,0","0,0","0,0","0,0","0,0","0,0","0,0","0,0","0,0","2,366863905325444","0,0"
"Costa Rica","2022-04-03","0,0","0,0","0,0","0,0","0,0","0,0","0,0","0,0","0,0","0,0","0,0","0,0","0,0","0,0","0,0","0,0","0,0","0,0","0,0","0,0","0,0","0,0","0,0","0,0","0,0","0,0","0,0","0,0","0,0","0,0","0,0","0,0","0,0","0,0","0,0","0,0","0,0","0,0","0,0","0,0","0,0","0,0","0,0","0,0","0,0","0,0","0,0","0,0","0,0","0,0","0,0","0,0","0,0","0,0","0,0","0,0","0,0","0,0","0,0","0,0","0,0","1,6129032258064515","33,87096774193548","0,0","0,5376344086021506","0,0","0,0","0,0","0,0","0,0","0,0","1,6129032258064515","0,0","0,0","0,0","0,5376344086021506","0,0","0,0","0,0","1,0752688172043012","0,0","0,0","9,67741935483871","0,0","0,0","0,0","0,0","0,0","16,666666666666664","0,0","0,0","0,0","0,0","0,0","0,0","0,0","0,0","0,0","0,0","0,0","0,0","0,0","0,0","26,344086021505376","0,0","0,0","0,5376344086021506","1,0752688172043012","0,0","0,0","0,0","0,0","0,0","0,0","0,0","0,0","0,0","0,0","0,0","0,0","0,0","0,0","0,0","0,0","0,0","0,0","0,0","0,0","0,0","0,0","0,0","0,0","6,451612903225806","0,0"
"Costa Rica","2022-04-17","0,0","0,0","0,0","0,0","0,0","0,0","0,0","0,0","0,0","0,0","0,0","0,0","0,0","0,0","0,0","0,0","0,0","0,0","0,0","0,0","0,0","0,0","0,0","0,0","0,0","0,0","0,0","0,0","0,0","0,0","0,0","0,0","0,0","0,0","0,0","0,0","0,0","0,0","0,0","0,0","0,0","0,0","0,0","0,0","0,0","0,0","0,0","0,0","0,0","0,0","0,0","0,0","0,0","0,0","0,0","0,0","0,0","0,0","0,0","0,0","0,0","0,0","11,180124223602485","0,0","0,0","0,0","0,0","0,0","0,0","0,0","0,0","0,0","0,0","0,0","0,0","0,6211180124223602","0,0","0,0","0,0","0,0","0,0","0,0","18,633540372670808","0,0","0,0","0,0","0,0","0,0","22,36024844720497","1,2422360248447204","0,0","0,0","0,0","0,6211180124223602","0,0","0,0","0,0","0,0","0,0","0,0","0,0","0,0","0,0","30,434782608695656","0,0","0,0","0,0","8,695652173913043","0,0","0,0","0,0","0,0","0,0","0,0","0,0","0,0","0,0","0,0","0,0","0,0","0,0","0,0","0,0","0,0","0,0","0,0","0,0","0,0","0,0","0,0","0,0","0,0","6,211180124223603","0,0"
"Costa Rica","2022-05-01","0,0","0,0","0,0","0,0","0,0","0,0","0,0","0,0","0,0","0,0","0,0","0,0","0,0","0,0","0,0","0,0","0,0","0,0","0,0","0,0","0,0","0,0","0,0","0,0","0,0","0,0","0,0","0,0","0,0","0,0","0,0","0,0","0,0","0,0","0,0","0,0","0,0","0,0","0,0","0,0","0,0","0,0","0,0","0,0","0,0","0,0","0,0","0,0","0,0","0,0","0,0","0,0","0,0","0,0","0,0","0,0","0,0","0,0","0,0","0,0","0,0","0,0","6,392694063926941","0,0","0,0","0,0","0,0","0,0","0,0","0,0","0,0","0,0","0,0","0,0","0,0","0,0","0,0","0,0","0,0","0,0","0,0","0,0","26,027397260273972","0,0","0,45662100456621","1,36986301369863","1,36986301369863","0,91324200913242","17,80821917808219","0,0","0,0","0,45662100456621","0,0","0,0","0,0","0,0","0,0","0,0","0,0","0,0","0,0","0,0","0,0","38,35616438356164","0,0","0,0","0,0","1,82648401826484","0,0","0,0","0,0","0,0","0,0","0,0","0,0","0,0","0,0","0,0","0,0","0,0","0,0","0,0","0,0","0,0","0,0","0,0","0,0","0,0","0,0","0,0","0,0","0,0","5,0228310502283104","0,0"
"Costa Rica","2022-05-15","0,0","0,0","0,0","0,0","0,0","0,0","0,0","0,0","0,0","0,0","0,0","0,0","0,0","0,0","0,0","0,0","0,0","0,0","0,0","0,0","0,0","0,0","0,0","0,0","0,0","0,0","0,0","0,0","0,0","0,0","0,0","0,0","0,0","0,0","0,0","0,0","0,0","0,0","0,0","0,0","0,0","0,0","0,0","0,0","0,0","0,0","0,0","0,0","0,0","0,0","0,0","0,0","0,0","0,0","0,0","0,0","0,0","0,0","0,0","0,0","0,0","0,0","0,6349206349206349","0,0","0,0","0,0","0,0","0,0","0,0","0,0","0,0","0,0","0,0","0,0","0,0","0,0","0,0","0,0","0,0","0,0","0,0","0,0","34,6031746031746","0,0","3,8095238095238098","0,0","0,6349206349206349","0,6349206349206349","17,46031746031746","0,0","0,0","0,0","0,31746031746031744","0,0","0,0","0,0","0,0","0,0","0,6349206349206349","0,0","0,0","0,0","0,0","31,746031746031743","0,31746031746031744","0,0","0,0","0,0","0,6349206349206349","0,31746031746031744","0,0","0,0","0,0","0,0","0,0","0,0","0,0","0,0","0,0","0,0","0,0","0,0","0,0","0,0","0,0","0,0","0,0","0,0","0,0","0,0","0,0","0,0","8,253968253968253","0,0"
"Costa Rica","2022-05-29","0,0","0,0","0,0","0,0","0,0","0,0","0,0","0,0","0,0","0,0","0,0","0,0","0,0","0,0","0,0","0,0","0,0","0,0","0,0","0,0","0,0","0,0","0,0","0,0","0,0","0,0","0,0","0,0","0,0","0,0","0,0","0,0","0,0","0,0","0,0","0,0","0,0","0,0","0,0","0,0","0,0","0,0","0,0","0,0","0,0","0,0","0,0","0,0","0,0","0,0","0,0","0,0","0,0","0,0","0,0","0,0","0,0","0,0","0,0","0,0","0,0","0,0","0,0","0,0","0,0","0,0","0,0","0,0","0,0","0,0","0,0","0,0","0,0","0,0","0,0","0,0","0,0","0,0","0,0","0,0","0,0","0,0","38,515901060070675","0,0","6,36042402826855","0,0","0,0","0,35335689045936397","11,307420494699647","0,0","0,0","0,0","0,0","0,0","0,0","0,0","0,35335689045936397","0,0","0,0","0,35335689045936397","0,0","0,0","0,0","27,915194346289752","0,0","0,0","1,0600706713780919","0,0","2,8268551236749118","0,7067137809187279","0,0","0,0","0,0","0,7067137809187279","0,0","0,0","0,0","0,0","0,0","0,0","0,0","0,0","0,0","0,0","0,0","0,0","0,0","0,0","0,0","0,0","0,0","0,0","9,540636042402827","0,0"
"Costa Rica","2022-06-12","0,0","0,0","0,0","0,0","0,0","0,0","0,0","0,0","0,0","0,0","0,0","0,0","0,0","0,0","0,0","0,0","0,0","0,0","0,0","0,0","0,0","0,0","0,0","0,0","0,0","0,0","0,0","0,0","0,0","0,0","0,0","0,0","0,0","0,0","0,0","0,0","0,0","0,0","0,0","0,0","0,0","0,0","0,0","0,0","0,0","0,0","0,0","0,0","0,0","0,0","0,0","0,0","0,0","0,0","0,0","0,0","0,0","0,0","0,0","0,0","0,0","0,0","0,0","0,0","0,0","0,0","0,0","0,0","0,0","0,0","0,0","0,0","0,0","0,0","0,0","0,0","0,0","0,0","0,0","0,0","0,0","0,0","18,90547263681592","0,0","16,91542288557214","1,4925373134328357","0,0","0,0","9,45273631840796","0,0","0,4975124378109453","0,0","0,0","0,0","0,0","0,4975124378109453","0,0","0,0","0,0","0,4975124378109453","0,0","0,0","0,0","19,402985074626866","0,0","0,0","3,9800995024875623","0,0","10,44776119402985","0,4975124378109453","1,4925373134328357","0,0","0,4975124378109453","1,4925373134328357","0,0","0,0","0,0","0,0","0,4975124378109453","0,0","0,0","0,0","0,0","2,4875621890547266","0,0","0,0","0,0","0,0","0,0","0,0","0,0","0,0","10,945273631840797","0,0"
"Costa Rica","2022-06-26","0,0","0,0","0,0","0,0","0,0","0,0","0,0","0,0","0,0","0,0","0,0","0,0","0,0","0,0","0,0","0,0","0,0","0,0","0,0","0,0","0,0","0,0","0,0","0,0","0,0","0,0","0,0","0,0","0,0","0,0","0,0","0,0","0,0","0,0","0,0","0,0","0,0","0,0","0,0","0,0","0,0","0,0","0,0","0,0","0,0","0,0","0,0","0,0","0,0","0,0","0,0","0,0","0,0","0,0","0,0","0,0","0,0","0,0","0,0","0,0","0,0","0,0","0,0","0,0","0,0","0,0","0,0","0,0","0,0","0,0","0,0","0,0","0,0","0,0","0,0","0,0","0,0","0,0","0,0","0,0","0,0","0,0","18,26086956521739","0,2898550724637681","16,52173913043478","0,0","0,0","0,2898550724637681","4,9275362318840585","0,0","0,0","0,0","0,0","0,0","0,0","0,0","0,0","0,0","0,2898550724637681","0,2898550724637681","0,0","0,0","0,0","14,202898550724639","0,0","0,0","2,318840579710145","0,0","18,84057971014493","0,5797101449275363","0,8695652173913043","0,0","0,2898550724637681","1,4492753623188406","0,0","0,2898550724637681","0,8695652173913043","0,0","0,8695652173913043","0,0","0,0","0,0","0,0","8,115942028985506","0,0","0,0","0,0","0,0","0,0","0,0","0,0","0,0","10,434782608695652","0,0"
"Costa Rica","2022-07-10","0,0","0,0","0,0","0,0","0,0","0,0","0,0","0,0","0,0","0,0","0,0","0,0","0,0","0,0","0,0","0,0","0,0","0,0","0,0","0,0","0,0","0,0","0,0","0,0","0,0","0,0","0,0","0,0","0,0","0,0","0,0","0,0","0,0","0,0","0,0","0,0","0,0","0,0","0,0","0,0","0,0","0,0","0,0","0,0","0,0","0,0","0,0","0,0","0,0","0,0","0,0","0,0","0,0","0,0","0,0","0,0","0,0","0,0","0,0","0,0","0,0","0,0","0,0","0,0","0,0","0,0","0,0","0,0","0,0","0,0","0,0","0,0","0,0","0,0","0,0","0,0","0,0","0,0","0,0","0,0","0,0","0,0","4,899135446685879","0,0","11,815561959654179","0,2881844380403458","0,0","0,0","2,3054755043227666","0,0","0,0","0,0","0,0","0,0","0,2881844380403458","0,0","0,0","0,0","0,0","0,0","0,0","0,0","0,0","4,899135446685879","0,0","0,0","2,0172910662824206","0,0","27,37752161383285","6,051873198847262","1,440922190201729","0,2881844380403458","1,440922190201729","6,340057636887608","0,2881844380403458","0,0","1,729106628242075","1,729106628242075","0,2881844380403458","0,8645533141210375","0,0","0,5763688760806917","0,0","22,76657060518732","0,0","0,0","0,0","0,0","0,0","0,0","0,0","0,2881844380403458","2,0172910662824206","0,0"
"Costa Rica","2022-07-24","0,0","0,0","0,0","0,0","0,0","0,0","0,0","0,0","0,0","0,0","0,0","0,0","0,0","0,0","0,0","0,0","0,0","0,0","0,0","0,0","0,0","0,0","0,0","0,0","0,0","0,0","0,0","0,0","0,0","0,0","0,0","0,0","0,0","0,0","0,0","0,0","0,0","0,0","0,0","0,0","0,0","0,0","0,0","0,0","0,0","0,0","0,0","0,0","0,0","0,0","0,0","0,0","0,0","0,0","0,0","0,0","0,0","0,0","0,0","0,0","0,0","0,0","0,0","0,0","0,0","0,0","0,0","0,0","0,0","0,0","0,0","0,0","0,0","0,0","0,0","0,0","0,0","0,0","0,0","0,0","0,0","0,0","2,185792349726776","0,0","7,377049180327869","0,0","0,0","0,0","1,092896174863388","0,0","0,0","0,0","0,0","0,0","0,0","0,0","0,0","0,273224043715847","0,0","0,0","0,0","0,0","0,273224043715847","1,092896174863388","0,0","0,0","1,366120218579235","0,0","28,96174863387978","3,0054644808743167","1,092896174863388","1,912568306010929","2,459016393442623","5,191256830601093","0,273224043715847","0,0","5,46448087431694","2,185792349726776","0,546448087431694","0,273224043715847","0,0","0,819672131147541","0,273224043715847","30,87431693989071","0,0","0,546448087431694","0,0","0,0","0,273224043715847","0,273224043715847","0,273224043715847","0,0","1,639344262295082","0,0"
"Costa Rica","2022-08-07","0,0","0,0","0,0","0,0","0,0","0,0","0,0","0,0","0,0","0,0","0,0","0,0","0,0","0,0","0,0","0,0","0,0","0,0","0,0","0,0","0,0","0,0","0,0","0,0","0,0","0,0","0,0","0,0","0,0","0,0","0,0","0,0","0,0","0,0","0,0","0,0","0,0","0,0","0,0","0,0","0,0","0,0","0,0","0,0","0,0","0,0","0,0","0,0","0,0","0,0","0,0","0,0","0,0","0,0","0,0","0,0","0,0","0,0","0,0","0,0","0,0","0,0","0,0","0,0","0,0","0,0","0,0","0,0","0,0","0,0","0,0","0,0","0,0","0,0","0,0","0,0","0,0","0,0","0,0","0,0","0,0","0,0","1,5015015015015014","0,0","3,303303303303303","0,0","0,0","0,0","0,0","0,0","0,0","0,0","0,0","0,0","0,0","0,0","0,0","0,3003003003003003","0,0","0,3003003003003003","0,0","0,0","0,0","0,6006006006006006","0,0","0,0","0,0","0,0","22,822822822822822","2,4024024024024024","0,9009009009009009","2,7027027027027026","3,003003003003003","9,60960960960961","0,0","0,0","7,5075075075075075","1,2012012012012012","0,6006006006006006","0,0","0,3003003003003003","1,2012012012012012","0,6006006006006006","37,83783783783784","0,3003003003003003","0,6006006006006006","0,3003003003003003","0,0","0,0","0,3003003003003003","0,0","0,0","1,8018018018018018","0,0"
"Costa Rica","2022-08-21","0,0","0,0","0,0","0,0","0,0","0,0","0,0","0,0","0,0","0,0","0,0","0,0","0,0","0,0","0,0","0,0","0,0","0,0","0,0","0,0","0,0","0,0","0,0","0,0","0,0","0,0","0,0","0,0","0,0","0,0","0,0","0,0","0,0","0,0","0,0","0,0","0,0","0,0","0,0","0,0","0,0","0,0","0,0","0,0","0,0","0,0","0,0","0,0","0,0","0,0","0,0","0,0","0,0","0,0","0,0","0,0","0,0","0,0","0,0","0,0","0,0","0,0","0,0","0,0","0,0","0,0","0,0","0,0","0,0","0,0","0,0","0,0","0,0","0,0","0,0","0,0","0,0","0,0","0,0","0,0","0,0","0,0","0,0","0,0","0,9174311926605505","0,0","0,0","0,0","0,0","0,0","0,0","0,0","0,0","0,0","0,0","0,0","0,0","0,0","0,0","0,0","0,0","0,0","0,0","0,0","0,0","0,0","0,0","0,0","21,712538226299692","2,7522935779816518","1,529051987767584","1,834862385321101","1,834862385321101","11,009174311926607","0,6116207951070336","0,0","8,868501529051988","5,5045871559633035","0,9174311926605505","0,0","0,0","0,6116207951070336","1,2232415902140672","35,47400611620795","0,6116207951070336","0,9174311926605505","0,0","0,0","1,2232415902140672","0,0","0,0","0,0","2,4464831804281344","0,0"
"Costa Rica","2022-09-04","0,0","0,0","0,0","0,0","0,0","0,0","0,0","0,0","0,0","0,0","0,0","0,0","0,0","0,0","0,0","0,0","0,0","0,0","0,0","0,0","0,0","0,0","0,0","0,0","0,0","0,0","0,0","0,0","0,0","0,0","0,0","0,0","0,0","0,0","0,0","0,0","0,0","0,0","0,0","0,0","0,0","0,0","0,0","0,0","0,0","0,0","0,0","0,0","0,0","0,0","0,0","0,0","0,0","0,0","0,0","0,0","0,0","0,0","0,0","0,0","0,0","0,0","0,0","0,0","0,0","0,0","0,0","0,0","0,0","0,0","0,0","0,0","0,0","0,0","0,0","0,0","0,0","0,0","0,0","0,0","0,0","0,0","0,45045045045045046","0,0","0,45045045045045046","0,0","0,0","0,0","0,0","0,0","0,0","0,0","0,0","0,0","0,0","0,0","0,0","0,0","0,0","0,0","0,0","0,0","0,0","0,0","0,0","0,0","0,0","0,0","14,864864864864865","1,3513513513513513","2,2522522522522523","1,3513513513513513","4,954954954954955","5,8558558558558556","0,0","0,45045045045045046","11,26126126126126","6,756756756756757","0,45045045045045046","0,0","0,0","1,3513513513513513","0,0","33,33333333333333","0,45045045045045046","0,45045045045045046","0,0","0,0","1,3513513513513513","0,0","0,0","0,0","12,612612612612612","0,0"
"Costa Rica","2022-09-18","0,0","0,0","0,0","0,0","0,0","0,0","0,0","0,0","0,0","0,0","0,0","0,0","0,0","0,0","0,0","0,0","0,0","0,0","0,0","0,0","0,0","0,0","0,0","0,0","0,0","0,0","0,0","0,0","0,0","0,0","0,0","0,0","0,0","0,0","0,0","0,0","0,0","0,0","0,0","0,0","0,0","0,0","0,0","0,0","0,0","0,0","0,0","0,0","0,0","0,0","0,0","0,0","0,0","0,0","0,0","0,0","0,0","0,0","0,0","0,0","0,0","0,0","0,0","0,0","0,0","0,0","0,0","0,0","0,0","0,0","0,0","0,0","0,0","0,0","0,0","0,0","0,0","0,0","0,0","0,0","0,0","0,0","0,5128205128205128","0,0","0,0","0,0","0,0","0,0","0,0","0,0","0,0","0,0","0,0","0,0","0,0","0,0","0,0","0,0","0,0","0,0","0,0","0,0","0,0","0,0","0,0","0,0","0,0","0,0","7,6923076923076925","2,564102564102564","1,0256410256410255","5,128205128205128","4,102564102564102","10,256410256410255","0,0","1,5384615384615385","16,41025641025641","8,205128205128204","0,0","0,0","0,0","0,0","1,5384615384615385","36,92307692307693","0,5128205128205128","0,0","0,0","1,0256410256410255","0,5128205128205128","0,5128205128205128","0,0","0,0","1,5384615384615385","0,0"
"Costa Rica","2022-10-02","0,0","0,0","0,0","0,0","0,0","0,0","0,0","0,0","0,0","0,0","0,0","0,0","0,0","0,0","0,0","0,0","0,0","0,0","0,0","0,0","0,0","0,0","0,0","0,0","0,0","0,0","0,0","0,0","0,0","0,0","0,0","0,0","0,0","0,0","0,0","0,0","0,0","0,0","0,0","0,0","0,0","0,0","0,0","0,0","0,0","0,0","0,0","0,0","0,0","0,0","0,0","0,0","0,0","0,0","0,0","0,0","0,0","0,0","0,0","0,0","0,0","0,0","0,0","0,0","0,0","0,0","0,0","0,0","0,0","0,0","0,0","0,0","0,0","0,0","0,0","0,0","0,0","0,0","0,0","0,0","0,0","0,0","0,0","0,0","0,9090909090909091","0,0","0,0","0,0","0,0","0,0","0,0","0,0","0,0","0,0","0,0","0,0","0,0","0,0","0,0","0,0","0,9090909090909091","0,9090909090909091","0,0","0,0","0,0","0,0","0,0","0,0","4,545454545454546","1,8181818181818181","0,0","8,181818181818182","2,727272727272727","15,454545454545453","0,0","0,9090909090909091","27,27272727272727","5,454545454545454","0,0","0,0","0,0","0,0","0,9090909090909091","28,18181818181818","0,0","0,9090909090909091","0,0","0,9090909090909091","0,0","0,0","0,0","0,0","0,0","0,0"
