"location","date","A (Lineage)","Alpha (WHO VOC)","Alpha - Q.1 (WHO VOC)","Alpha - Q.6 (WHO VOC)","B (Lineage)","B.1.1.318 (WHO FMV)","B.1.1.318 - AZ.2 (WHO FMV)","B.1.1.519 (WHO FMV)","B.1.160 - 20A/EU2","B.1.177 - 20E/EU1","B.1.221 - 20A/S:98F","B.1.258 - 20A/S:439K","B.1.619 (WHO FMV)","Beta (WHO VOC)","C (Lineage)","C.16","C.36.3 (WHO FMV)","Delta (WHO VOC)","Delta - AY.1 (WHO VOC)","Delta - AY.100 (WHO VOC)","Delta - AY.102 (WHO VOC)","Delta - AY.103 (WHO VOC)","Delta - AY.104 (WHO VOC)","Delta - AY.106 (WHO VOC)","Delta - AY.110 (WHO VOC)","Delta - AY.111 (WHO VOC)","Delta - AY.112 (WHO VOC)","Delta - AY.116 (WHO VOC)","Delta - AY.118 (WHO VOC)","Delta - AY.119 (WHO VOC)","Delta - AY.119.1 (WHO VOC)","Delta - AY.120 (WHO VOC)","Delta - AY.120.2.1 (WHO VOC)","Delta - AY.121 (WHO VOC)","Delta - AY.122 (WHO VOC)","Delta - AY.122.1 (WHO VOC)","Delta - AY.122.6 (WHO VOC)","Delta - AY.123 (WHO VOC)","Delta - AY.124 (WHO VOC)","Delta - AY.125 (WHO VOC)","Delta - AY.126 (WHO VOC)","Delta - AY.127 (WHO VOC)","Delta - AY.128 (WHO VOC)","Delta - AY.129 (WHO VOC)","Delta - AY.133 (WHO VOC)","Delta - AY.14 (WHO VOC)","Delta - AY.16 (WHO VOC)","Delta - AY.20 (WHO VOC)","Delta - AY.22 (WHO VOC)","Delta - AY.23 (WHO VOC)","Delta - AY.24 (WHO VOC)","Delta - AY.26 (WHO VOC)","Delta - AY.28 (WHO VOC)","Delta - AY.29 (WHO VOC)","Delta - AY.3 (WHO VOC)","Delta - AY.33 (WHO VOC)","Delta - AY.34 (WHO VOC)","Delta - AY.34.1 (WHO VOC)","Delta - AY.36 (WHO VOC)","Delta - AY.36.1 (WHO VOC)","Delta - AY.37 (WHO VOC)","Delta - AY.38 (WHO VOC)","Delta - AY.39 (WHO VOC)","Delta - AY.4 (WHO VOC)","Delta - AY.4.10 (WHO VOC)","Delta - AY.4.13 (WHO VOC)","Delta - AY.4.2 (WHO VOC)","Delta - AY.4.2.1 (WHO VOC)","Delta - AY.4.2.3 (WHO VOC)","Delta - AY.4.3 (WHO VOC)","Delta - AY.4.4 (WHO VOC)","Delta - AY.4.5 (WHO VOC)","Delta - AY.4.6 (WHO VOC)","Delta - AY.4.7 (WHO VOC)","Delta - AY.4.9 (WHO VOC)","Delta - AY.41 (WHO VOC)","Delta - AY.42 (WHO VOC)","Delta - AY.43 (WHO VOC)","Delta - AY.43.3 (WHO VOC)","Delta - AY.43.4 (WHO VOC)","Delta - AY.43.8 (WHO VOC)","Delta - AY.44 (WHO VOC)","Delta - AY.45 (WHO VOC)","Delta - AY.46 (WHO VOC)","Delta - AY.46.2 (WHO VOC)","Delta - AY.46.4 (WHO VOC)","Delta - AY.46.6 (WHO VOC)","Delta - AY.47 (WHO VOC)","Delta - AY.5 (WHO VOC)","Delta - AY.5.3 (WHO VOC)","Delta - AY.5.4 (WHO VOC)","Delta - AY.5.5 (WHO VOC)","Delta - AY.50 (WHO VOC)","Delta - AY.51 (WHO VOC)","Delta - AY.53 (WHO VOC)","Delta - AY.54 (WHO VOC)","Delta - AY.6 (WHO VOC)","Delta - AY.60 (WHO VOC)","Delta - AY.61 (WHO VOC)","Delta - AY.68 (WHO VOC)","Delta - AY.7.1 (WHO VOC)","Delta - AY.7.2 (WHO VOC)","Delta - AY.70 (WHO VOC)","Delta - AY.73 (WHO VOC)","Delta - AY.74 (WHO VOC)","Delta - AY.75 (WHO VOC)","Delta - AY.78 (WHO VOC)","Delta - AY.83 (WHO VOC)","Delta - AY.84 (WHO VOC)","Delta - AY.87 (WHO VOC)","Delta - AY.9 (WHO VOC)","Delta - AY.9.2 (WHO VOC)","Delta - AY.91 (WHO VOC)","Delta - AY.91.1 (WHO VOC)","Delta - AY.92 (WHO VOC)","Delta - AY.93 (WHO VOC)","Delta - AY.95 (WHO VOC)","Delta - AY.98 (WHO VOC)","Delta - AY.98.1 (WHO VOC)","Delta - AY.99 (WHO VOC)","Delta - AY.99.1 (WHO VOC)","Gamma (WHO VOC)","Gamma - P.1.1 (WHO VOC)","Gamma - P.1.10 (WHO VOC)","Gamma - P.1.7 (WHO VOC)","Iota (WHO VOI)","Omicron - BA.1 (WHO VOC)","Omicron - BA.1.1 (WHO VOC)","Omicron - BA.1.1.1 (WHO VOC)","Omicron - BA.1.1.10 (WHO VOC)","Omicron - BA.1.1.11 (WHO VOC)","Omicron - BA.1.1.12 (WHO VOC)","Omicron - BA.1.1.13 (WHO VOC)","Omicron - BA.1.1.14 (WHO VOC)","Omicron - BA.1.1.15 (WHO VOC)","Omicron - BA.1.1.18 (WHO VOC)","Omicron - BA.1.1.3 (WHO VOC)","Omicron - BA.1.1.6 (WHO VOC)","Omicron - BA.1.1.9 (WHO VOC)","Omicron - BA.1.10 (WHO VOC)","Omicron - BA.1.12 (WHO VOC)","Omicron - BA.1.13 (WHO VOC)","Omicron - BA.1.14 (WHO VOC)","Omicron - BA.1.15 (WHO VOC)","Omicron - BA.1.15.1 (WHO VOC)","Omicron - BA.1.16 (WHO VOC)","Omicron - BA.1.17 (WHO VOC)","Omicron - BA.1.17.2 (WHO VOC)","Omicron - BA.1.18 (WHO VOC)","Omicron - BA.1.19 (WHO VOC)","Omicron - BA.1.20 (WHO VOC)","Omicron - BA.1.21 (WHO VOC)","Omicron - BA.1.21.1 (WHO VOC)","Omicron - BA.1.7 (WHO VOC)","Omicron - BA.2 (WHO VOC)","Omicron - BA.2.1 (WHO VOC)","Omicron - BA.2.10 (WHO VOC)","Omicron - BA.2.10.1 (WHO VOC)","Omicron - BA.2.12 (WHO VOC)","Omicron - BA.2.12.1 (WHO VOC)","Omicron - BA.2.18 (WHO VOC)","Omicron - BA.2.20 (WHO VOC)","Omicron - BA.2.23 (WHO VOC)","Omicron - BA.2.3 (WHO VOC)","Omicron - BA.2.3.15 (WHO VOC)","Omicron - BA.2.31 (WHO VOC)","Omicron - BA.2.32 (WHO VOC)","Omicron - BA.2.36 (WHO VOC)","Omicron - BA.2.37 (WHO VOC)","Omicron - BA.2.38 (WHO VOC)","Omicron - BA.2.39 (WHO VOC)","Omicron - BA.2.40.1 (WHO VOC)","Omicron - BA.2.47 (WHO VOC)","Omicron - BA.2.48 (WHO VOC)","Omicron - BA.2.5 (WHO VOC)","Omicron - BA.2.51 (WHO VOC)","Omicron - BA.2.52 (WHO VOC)","Omicron - BA.2.54 (WHO VOC)","Omicron - BA.2.55 (WHO VOC)","Omicron - BA.2.56 (WHO VOC)","Omicron - BA.2.63 (WHO VOC)","Omicron - BA.2.68 (WHO VOC)","Omicron - BA.2.7 (WHO VOC)","Omicron - BA.2.70 (WHO VOC)","Omicron - BA.2.71 (WHO VOC)","Omicron - BA.2.72 (WHO VOC)","Omicron - BA.2.75 (WHO VOC)","Omicron - BA.2.76 (WHO VOC)","Omicron - BA.2.9 (WHO VOC)","Omicron - BA.2.9.3 (WHO VOC)","Omicron - BA.4 (WHO VOC)","Omicron - BA.4.1 (WHO VOC)","Omicron - BA.4.1.1 (WHO VOC)","Omicron - BA.4.1.2 (WHO VOC)","Omicron - BA.4.4 (WHO VOC)","Omicron - BA.4.5 (WHO VOC)","Omicron - BA.4.6 (WHO VOC)","Omicron - BA.4.7 (WHO VOC)","Omicron - BA.5 (WHO VOC)","Omicron - BA.5.1 (WHO VOC)","Omicron - BA.5.1.1 (WHO VOC)","Omicron - BA.5.1.2 (WHO VOC)","Omicron - BA.5.1.3 (WHO VOC)","Omicron - BA.5.1.4 (WHO VOC)","Omicron - BA.5.2 (WHO VOC)","Omicron - BA.5.2.1 (WHO VOC)","Omicron - BA.5.2.2 (WHO VOC)","Omicron - BA.5.2.3 (WHO VOC)","Omicron - BA.5.2.4 (WHO VOC)","Omicron - BA.5.3 (WHO VOC)","Omicron - BA.5.3.1 (WHO VOC)","Omicron - BA.5.3.2 (WHO VOC)","Omicron - BA.5.3.3 (WHO VOC)","Omicron - BA.5.3.4 (WHO VOC)","Omicron - BA.5.5 (WHO VOC)","Omicron - BA.5.6 (WHO VOC)","Omicron - BE.1 (WHO VOC)","Omicron - BE.1.1 (WHO VOC)","Omicron - BE.3 (WHO VOC)","Omicron - BF.1 (WHO VOC)","Omicron - BF.2 (WHO VOC)","Omicron - BF.3 (WHO VOC)","Omicron - BF.4 (WHO VOC)","Omicron - BF.5 (WHO VOC)","Other","R.1 (WHO FMV)","Zeta (WHO VOI)","Unknown"
"Croatia","2020-03-08","0","0","0","0","12","0","0","0","0","0","0","0","0","0","0","0","0","0","0","0","0","0","0","0","0","0","0","0","0","0","0","0","0","0","0","0","0","0","0","0","0","0","0","0","0","0","0","0","0","0","0","0","0","0","0","0","0","0","0","0","0","0","0","0","0","0","0","0","0","0","0","0","0","0","0","0","0","0","0","0","0","0","0","0","0","0","0","0","0","0","0","0","0","0","0","0","0","0","0","0","0","0","0","0","0","0","0","0","0","0","0","0","0","0","0","0","0","0","0","0","0","0","0","0","0","0","0","0","0","0","0","0","0","0","0","0","0","0","0","0","0","0","0","0","0","0","0","0","0","0","0","0","0","0","0","0","0","0","0","0","0","0","0","0","0","0","0","0","0","0","0","0","0","0","0","0","0","0","0","0","0","0","0","0","0","0","0","0","0","0","0","0","0","0","0","0","0","0","0","0","0","0","0","0","0","0","0","0","0","0","0","0","0","0","0","0","0","0","0","0","0","0","0","0","0","0","0","0"
"Croatia","2020-03-22","0","0","0","0","242","0","0","0","0","0","0","0","0","0","0","0","0","0","0","0","0","0","0","0","0","0","0","0","0","0","0","0","0","0","0","0","0","0","0","0","0","0","0","0","0","0","0","0","0","0","0","0","0","0","0","0","0","0","0","0","0","0","0","0","0","0","0","0","0","0","0","0","0","0","0","0","0","0","0","0","0","0","0","0","0","0","0","0","0","0","0","0","0","0","0","0","0","0","0","0","0","0","0","0","0","0","0","0","0","0","0","0","0","0","0","0","0","0","0","0","0","0","0","0","0","0","0","0","0","0","0","0","0","0","0","0","0","0","0","0","0","0","0","0","0","0","0","0","0","0","0","0","0","0","0","0","0","0","0","0","0","0","0","0","0","0","0","0","0","0","0","0","0","0","0","0","0","0","0","0","0","0","0","0","0","0","0","0","0","0","0","0","0","0","0","0","0","0","0","0","0","0","0","0","0","0","0","0","0","0","0","0","0","0","0","0","0","0","0","0","0","0","0","0","0","0","0","0"
"Croatia","2020-04-05","0","0","0","0","928","0","0","0","0","0","0","0","0","0","0","0","0","0","0","0","0","0","0","0","0","0","0","0","0","0","0","0","0","0","0","0","0","0","0","0","0","0","0","0","0","0","0","0","0","0","0","0","0","0","0","0","0","0","0","0","0","0","0","0","0","0","0","0","0","0","0","0","0","0","0","0","0","0","0","0","0","0","0","0","0","0","0","0","0","0","0","0","0","0","0","0","0","0","0","0","0","0","0","0","0","0","0","0","0","0","0","0","0","0","0","0","0","0","0","0","0","0","0","0","0","0","0","0","0","0","0","0","0","0","0","0","0","0","0","0","0","0","0","0","0","0","0","0","0","0","0","0","0","0","0","0","0","0","0","0","0","0","0","0","0","0","0","0","0","0","0","0","0","0","0","0","0","0","0","0","0","0","0","0","0","0","0","0","0","0","0","0","0","0","0","0","0","0","0","0","0","0","0","0","0","0","0","0","0","0","0","0","0","0","0","0","0","0","0","0","0","0","0","0","0","0","0","0"
"Croatia","2020-04-19","0","0","0","0","689","0","0","0","0","0","0","0","0","0","0","0","0","0","0","0","0","0","0","0","0","0","0","0","0","0","0","0","0","0","0","0","0","0","0","0","0","0","0","0","0","0","0","0","0","0","0","0","0","0","0","0","0","0","0","0","0","0","0","0","0","0","0","0","0","0","0","0","0","0","0","0","0","0","0","0","0","0","0","0","0","0","0","0","0","0","0","0","0","0","0","0","0","0","0","0","0","0","0","0","0","0","0","0","0","0","0","0","0","0","0","0","0","0","0","0","0","0","0","0","0","0","0","0","0","0","0","0","0","0","0","0","0","0","0","0","0","0","0","0","0","0","0","0","0","0","0","0","0","0","0","0","0","0","0","0","0","0","0","0","0","0","0","0","0","0","0","0","0","0","0","0","0","0","0","0","0","0","0","0","0","0","0","0","0","0","0","0","0","0","0","0","0","0","0","0","0","0","0","0","0","0","0","0","0","0","0","0","0","0","0","0","0","0","0","0","0","0","0","0","0","0","0","0"
"Croatia","2020-05-03","0","0","0","0","225","0","0","0","0","0","0","0","0","0","0","0","0","0","0","0","0","0","0","0","0","0","0","0","0","0","0","0","0","0","0","0","0","0","0","0","0","0","0","0","0","0","0","0","0","0","0","0","0","0","0","0","0","0","0","0","0","0","0","0","0","0","0","0","0","0","0","0","0","0","0","0","0","0","0","0","0","0","0","0","0","0","0","0","0","0","0","0","0","0","0","0","0","0","0","0","0","0","0","0","0","0","0","0","0","0","0","0","0","0","0","0","0","0","0","0","0","0","0","0","0","0","0","0","0","0","0","0","0","0","0","0","0","0","0","0","0","0","0","0","0","0","0","0","0","0","0","0","0","0","0","0","0","0","0","0","0","0","0","0","0","0","0","0","0","0","0","0","0","0","0","0","0","0","0","0","0","0","0","0","0","0","0","0","0","0","0","0","0","0","0","0","0","0","0","0","0","0","0","0","0","0","0","0","0","0","0","0","0","0","0","0","0","0","0","0","0","0","0","0","0","0","0","0"
"Croatia","2020-05-17","0","0","0","0","0","0","0","0","0","0","0","0","0","0","0","0","0","0","0","0","0","0","0","0","0","0","0","0","0","0","0","0","0","0","0","0","0","0","0","0","0","0","0","0","0","0","0","0","0","0","0","0","0","0","0","0","0","0","0","0","0","0","0","0","0","0","0","0","0","0","0","0","0","0","0","0","0","0","0","0","0","0","0","0","0","0","0","0","0","0","0","0","0","0","0","0","0","0","0","0","0","0","0","0","0","0","0","0","0","0","0","0","0","0","0","0","0","0","0","0","0","0","0","0","0","0","0","0","0","0","0","0","0","0","0","0","0","0","0","0","0","0","0","0","0","0","0","0","0","0","0","0","0","0","0","0","0","0","0","0","0","0","0","0","0","0","0","0","0","0","0","0","0","0","0","0","0","0","0","0","0","0","0","0","0","0","0","0","0","0","0","0","0","0","0","0","0","0","0","0","0","0","0","0","0","0","0","0","0","0","0","0","0","0","0","0","0","0","0","0","0","0","0","0","0","0","0","130"
"Croatia","2020-05-31","0","0","0","0","0","0","0","0","0","0","0","0","0","0","0","0","0","0","0","0","0","0","0","0","0","0","0","0","0","0","0","0","0","0","0","0","0","0","0","0","0","0","0","0","0","0","0","0","0","0","0","0","0","0","0","0","0","0","0","0","0","0","0","0","0","0","0","0","0","0","0","0","0","0","0","0","0","0","0","0","0","0","0","0","0","0","0","0","0","0","0","0","0","0","0","0","0","0","0","0","0","0","0","0","0","0","0","0","0","0","0","0","0","0","0","0","0","0","0","0","0","0","0","0","0","0","0","0","0","0","0","0","0","0","0","0","0","0","0","0","0","0","0","0","0","0","0","0","0","0","0","0","0","0","0","0","0","0","0","0","0","0","0","0","0","0","0","0","0","0","0","0","0","0","0","0","0","0","0","0","0","0","0","0","0","0","0","0","0","0","0","0","0","0","0","0","0","0","0","0","0","0","0","0","0","0","0","0","0","0","0","0","0","0","0","0","0","0","0","0","0","0","0","0","0","0","0","20"
"Croatia","2020-06-14","0","0","0","0","0","0","0","0","0","0","0","0","0","0","0","0","0","0","0","0","0","0","0","0","0","0","0","0","0","0","0","0","0","0","0","0","0","0","0","0","0","0","0","0","0","0","0","0","0","0","0","0","0","0","0","0","0","0","0","0","0","0","0","0","0","0","0","0","0","0","0","0","0","0","0","0","0","0","0","0","0","0","0","0","0","0","0","0","0","0","0","0","0","0","0","0","0","0","0","0","0","0","0","0","0","0","0","0","0","0","0","0","0","0","0","0","0","0","0","0","0","0","0","0","0","0","0","0","0","0","0","0","0","0","0","0","0","0","0","0","0","0","0","0","0","0","0","0","0","0","0","0","0","0","0","0","0","0","0","0","0","0","0","0","0","0","0","0","0","0","0","0","0","0","0","0","0","0","0","0","0","0","0","0","0","0","0","0","0","0","0","0","0","0","0","0","0","0","0","0","0","0","0","0","0","0","0","0","0","0","0","0","0","0","0","0","0","0","0","0","0","0","0","0","0","0","0","6"
"Croatia","2020-06-28","0","0","0","0","0","0","0","0","0","0","0","0","0","0","0","0","0","0","0","0","0","0","0","0","0","0","0","0","0","0","0","0","0","0","0","0","0","0","0","0","0","0","0","0","0","0","0","0","0","0","0","0","0","0","0","0","0","0","0","0","0","0","0","0","0","0","0","0","0","0","0","0","0","0","0","0","0","0","0","0","0","0","0","0","0","0","0","0","0","0","0","0","0","0","0","0","0","0","0","0","0","0","0","0","0","0","0","0","0","0","0","0","0","0","0","0","0","0","0","0","0","0","0","0","0","0","0","0","0","0","0","0","0","0","0","0","0","0","0","0","0","0","0","0","0","0","0","0","0","0","0","0","0","0","0","0","0","0","0","0","0","0","0","0","0","0","0","0","0","0","0","0","0","0","0","0","0","0","0","0","0","0","0","0","0","0","0","0","0","0","0","0","0","0","0","0","0","0","0","0","0","0","0","0","0","0","0","0","0","0","0","0","0","0","0","0","0","0","0","0","0","0","0","0","0","0","0","439"
"Croatia","2020-07-12","0","0","0","0","0","0","0","0","0","0","0","0","0","0","0","0","0","0","0","0","0","0","0","0","0","0","0","0","0","0","0","0","0","0","0","0","0","0","0","0","0","0","0","0","0","0","0","0","0","0","0","0","0","0","0","0","0","0","0","0","0","0","0","0","0","0","0","0","0","0","0","0","0","0","0","0","0","0","0","0","0","0","0","0","0","0","0","0","0","0","0","0","0","0","0","0","0","0","0","0","0","0","0","0","0","0","0","0","0","0","0","0","0","0","0","0","0","0","0","0","0","0","0","0","0","0","0","0","0","0","0","0","0","0","0","0","0","0","0","0","0","0","0","0","0","0","0","0","0","0","0","0","0","0","0","0","0","0","0","0","0","0","0","0","0","0","0","0","0","0","0","0","0","0","0","0","0","0","0","0","0","0","0","0","0","0","0","0","0","0","0","0","0","0","0","0","0","0","0","0","0","0","0","0","0","0","0","0","0","0","0","0","0","0","0","0","0","0","0","0","0","0","0","0","0","0","0","1031"
"Croatia","2020-07-26","0","0","0","0","0","0","0","0","0","0","0","0","0","0","0","0","0","0","0","0","0","0","0","0","0","0","0","0","0","0","0","0","0","0","0","0","0","0","0","0","0","0","0","0","0","0","0","0","0","0","0","0","0","0","0","0","0","0","0","0","0","0","0","0","0","0","0","0","0","0","0","0","0","0","0","0","0","0","0","0","0","0","0","0","0","0","0","0","0","0","0","0","0","0","0","0","0","0","0","0","0","0","0","0","0","0","0","0","0","0","0","0","0","0","0","0","0","0","0","0","0","0","0","0","0","0","0","0","0","0","0","0","0","0","0","0","0","0","0","0","0","0","0","0","0","0","0","0","0","0","0","0","0","0","0","0","0","0","0","0","0","0","0","0","0","0","0","0","0","0","0","0","0","0","0","0","0","0","0","0","0","0","0","0","0","0","0","0","0","0","0","0","0","0","0","0","0","0","0","0","0","0","0","0","0","0","0","0","0","0","0","0","0","0","0","0","0","0","0","0","0","0","0","0","0","0","0","1135"
"Croatia","2020-08-09","0","0","0","0","0","0","0","0","0","0","0","0","0","0","0","0","0","0","0","0","0","0","0","0","0","0","0","0","0","0","0","0","0","0","0","0","0","0","0","0","0","0","0","0","0","0","0","0","0","0","0","0","0","0","0","0","0","0","0","0","0","0","0","0","0","0","0","0","0","0","0","0","0","0","0","0","0","0","0","0","0","0","0","0","0","0","0","0","0","0","0","0","0","0","0","0","0","0","0","0","0","0","0","0","0","0","0","0","0","0","0","0","0","0","0","0","0","0","0","0","0","0","0","0","0","0","0","0","0","0","0","0","0","0","0","0","0","0","0","0","0","0","0","0","0","0","0","0","0","0","0","0","0","0","0","0","0","0","0","0","0","0","0","0","0","0","0","0","0","0","0","0","0","0","0","0","0","0","0","0","0","0","0","0","0","0","0","0","0","0","0","0","0","0","0","0","0","0","0","0","0","0","0","0","0","0","0","0","0","0","0","0","0","0","0","0","0","0","0","0","0","0","0","0","0","0","0","747"
"Croatia","2020-08-23","0","0","0","0","2571","0","0","0","0","0","0","0","0","0","0","0","0","0","0","0","0","0","0","0","0","0","0","0","0","0","0","0","0","0","0","0","0","0","0","0","0","0","0","0","0","0","0","0","0","0","0","0","0","0","0","0","0","0","0","0","0","0","0","0","0","0","0","0","0","0","0","0","0","0","0","0","0","0","0","0","0","0","0","0","0","0","0","0","0","0","0","0","0","0","0","0","0","0","0","0","0","0","0","0","0","0","0","0","0","0","0","0","0","0","0","0","0","0","0","0","0","0","0","0","0","0","0","0","0","0","0","0","0","0","0","0","0","0","0","0","0","0","0","0","0","0","0","0","0","0","0","0","0","0","0","0","0","0","0","0","0","0","0","0","0","0","0","0","0","0","0","0","0","0","0","0","0","0","0","0","0","0","0","0","0","0","0","0","0","0","0","0","0","0","0","0","0","0","0","0","0","0","0","0","0","0","0","0","0","0","0","0","0","0","0","0","0","0","0","0","0","0","0","0","0","0","0","0"
"Croatia","2020-09-06","0","0","0","0","2707","0","0","0","0","0","0","1083","0","0","0","0","0","0","0","0","0","0","0","0","0","0","0","0","0","0","0","0","0","0","0","0","0","0","0","0","0","0","0","0","0","0","0","0","0","0","0","0","0","0","0","0","0","0","0","0","0","0","0","0","0","0","0","0","0","0","0","0","0","0","0","0","0","0","0","0","0","0","0","0","0","0","0","0","0","0","0","0","0","0","0","0","0","0","0","0","0","0","0","0","0","0","0","0","0","0","0","0","0","0","0","0","0","0","0","0","0","0","0","0","0","0","0","0","0","0","0","0","0","0","0","0","0","0","0","0","0","0","0","0","0","0","0","0","0","0","0","0","0","0","0","0","0","0","0","0","0","0","0","0","0","0","0","0","0","0","0","0","0","0","0","0","0","0","0","0","0","0","0","0","0","0","0","0","0","0","0","0","0","0","0","0","0","0","0","0","0","0","0","0","0","0","0","0","0","0","0","0","0","0","0","0","0","0","0","0","0","0","0","0","0","0","0","0"
"Croatia","2020-09-20","0","0","0","0","1691","0","0","0","0","0","423","423","0","0","423","0","0","0","0","0","0","0","0","0","0","0","0","0","0","0","0","0","0","0","0","0","0","0","0","0","0","0","0","0","0","0","0","0","0","0","0","0","0","0","0","0","0","0","0","0","0","0","0","0","0","0","0","0","0","0","0","0","0","0","0","0","0","0","0","0","0","0","0","0","0","0","0","0","0","0","0","0","0","0","0","0","0","0","0","0","0","0","0","0","0","0","0","0","0","0","0","0","0","0","0","0","0","0","0","0","0","0","0","0","0","0","0","0","0","0","0","0","0","0","0","0","0","0","0","0","0","0","0","0","0","0","0","0","0","0","0","0","0","0","0","0","0","0","0","0","0","0","0","0","0","0","0","0","0","0","0","0","0","0","0","0","0","0","0","0","0","0","0","0","0","0","0","0","0","0","0","0","0","0","0","0","0","0","0","0","0","0","0","0","0","0","0","0","0","0","0","0","0","0","0","0","0","0","0","0","0","0","0","0","0","0","0","0"
"Croatia","2020-10-04","0","0","0","0","2489","0","0","0","0","0","0","249","0","0","0","0","0","0","0","0","0","0","0","0","0","0","0","0","0","0","0","0","0","0","0","0","0","0","0","0","0","0","0","0","0","0","0","0","0","0","0","0","0","0","0","0","0","0","0","0","0","0","0","0","0","0","0","0","0","0","0","0","0","0","0","0","0","0","0","0","0","0","0","0","0","0","0","0","0","0","0","0","0","0","0","0","0","0","0","0","0","0","0","0","0","0","0","0","0","0","0","0","0","0","0","0","0","0","0","0","0","0","0","0","0","0","0","0","0","0","0","0","0","0","0","0","0","0","0","0","0","0","0","0","0","0","0","0","0","0","0","0","0","0","0","0","0","0","0","0","0","0","0","0","0","0","0","0","0","0","0","0","0","0","0","0","0","0","0","0","0","0","0","0","0","0","0","0","0","0","0","0","0","0","0","0","0","0","0","0","0","0","0","0","0","0","0","0","0","0","0","0","0","0","0","0","0","0","0","0","0","0","0","0","0","0","0","0"
"Croatia","2020-10-18","0","0","0","0","7921","0","0","0","0","0","0","0","0","0","0","0","0","0","0","0","0","0","0","0","0","0","0","0","0","0","0","0","0","0","0","0","0","0","0","0","0","0","0","0","0","0","0","0","0","0","0","0","0","0","0","0","0","0","0","0","0","0","0","0","0","0","0","0","0","0","0","0","0","0","0","0","0","0","0","0","0","0","0","0","0","0","0","0","0","0","0","0","0","0","0","0","0","0","0","0","0","0","0","0","0","0","0","0","0","0","0","0","0","0","0","0","0","0","0","0","0","0","0","0","0","0","0","0","0","0","0","0","0","0","0","0","0","0","0","0","0","0","0","0","0","0","0","0","0","0","0","0","0","0","0","0","0","0","0","0","0","0","0","0","0","0","0","0","0","0","0","0","0","0","0","0","0","0","0","0","0","0","0","0","0","0","0","0","0","0","0","0","0","0","0","0","0","0","0","0","0","0","0","0","0","0","0","0","0","0","0","0","0","0","0","0","0","0","0","0","0","0","0","0","0","0","0","0"
"Croatia","2020-11-01","0","0","0","0","0","0","0","0","0","0","0","0","0","0","0","0","0","0","0","0","0","0","0","0","0","0","0","0","0","0","0","0","0","0","0","0","0","0","0","0","0","0","0","0","0","0","0","0","0","0","0","0","0","0","0","0","0","0","0","0","0","0","0","0","0","0","0","0","0","0","0","0","0","0","0","0","0","0","0","0","0","0","0","0","0","0","0","0","0","0","0","0","0","0","0","0","0","0","0","0","0","0","0","0","0","0","0","0","0","0","0","0","0","0","0","0","0","0","0","0","0","0","0","0","0","0","0","0","0","0","0","0","0","0","0","0","0","0","0","0","0","0","0","0","0","0","0","0","0","0","0","0","0","0","0","0","0","0","0","0","0","0","0","0","0","0","0","0","0","0","0","0","0","0","0","0","0","0","0","0","0","0","0","0","0","0","0","0","0","0","0","0","0","0","0","0","0","0","0","0","0","0","0","0","0","0","0","0","0","0","0","0","0","0","0","0","0","0","0","0","0","0","0","0","0","0","0","25915"
"Croatia","2020-11-15","0","0","0","0","7896","0","0","0","3384","3384","3384","14664","0","0","0","0","0","0","0","0","0","0","0","0","0","0","0","0","0","0","0","0","0","0","0","0","0","0","0","0","0","0","0","0","0","0","0","0","0","0","0","0","0","0","0","0","0","0","0","0","0","0","0","0","0","0","0","0","0","0","0","0","0","0","0","0","0","0","0","0","0","0","0","0","0","0","0","0","0","0","0","0","0","0","0","0","0","0","0","0","0","0","0","0","0","0","0","0","0","0","0","0","0","0","0","0","0","0","0","0","0","0","0","0","0","0","0","0","0","0","0","0","0","0","0","0","0","0","0","0","0","0","0","0","0","0","0","0","0","0","0","0","0","0","0","0","0","0","0","0","0","0","0","0","0","0","0","0","0","0","0","0","0","0","0","0","0","0","0","0","0","0","0","0","0","0","0","0","0","0","0","0","0","0","0","0","0","0","0","0","0","0","0","0","0","0","0","0","0","0","0","0","0","0","0","0","0","0","0","0","0","0","0","0","0","0","0","0"
"Croatia","2020-11-29","0","0","0","0","0","0","0","0","0","0","0","0","0","0","0","0","0","0","0","0","0","0","0","0","0","0","0","0","0","0","0","0","0","0","0","0","0","0","0","0","0","0","0","0","0","0","0","0","0","0","0","0","0","0","0","0","0","0","0","0","0","0","0","0","0","0","0","0","0","0","0","0","0","0","0","0","0","0","0","0","0","0","0","0","0","0","0","0","0","0","0","0","0","0","0","0","0","0","0","0","0","0","0","0","0","0","0","0","0","0","0","0","0","0","0","0","0","0","0","0","0","0","0","0","0","0","0","0","0","0","0","0","0","0","0","0","0","0","0","0","0","0","0","0","0","0","0","0","0","0","0","0","0","0","0","0","0","0","0","0","0","0","0","0","0","0","0","0","0","0","0","0","0","0","0","0","0","0","0","0","0","0","0","0","0","0","0","0","0","0","0","0","0","0","0","0","0","0","0","0","0","0","0","0","0","0","0","0","0","0","0","0","0","0","0","0","0","0","0","0","0","0","0","0","0","0","0","42406"
"Croatia","2020-12-13","0","0","0","0","0","0","0","0","0","0","0","0","0","0","0","0","0","0","0","0","0","0","0","0","0","0","0","0","0","0","0","0","0","0","0","0","0","0","0","0","0","0","0","0","0","0","0","0","0","0","0","0","0","0","0","0","0","0","0","0","0","0","0","0","0","0","0","0","0","0","0","0","0","0","0","0","0","0","0","0","0","0","0","0","0","0","0","0","0","0","0","0","0","0","0","0","0","0","0","0","0","0","0","0","0","0","0","0","0","0","0","0","0","0","0","0","0","0","0","0","0","0","0","0","0","0","0","0","0","0","0","0","0","0","0","0","0","0","0","0","0","0","0","0","0","0","0","0","0","0","0","0","0","0","0","0","0","0","0","0","0","0","0","0","0","0","0","0","0","0","0","0","0","0","0","0","0","0","0","0","0","0","0","0","0","0","0","0","0","0","0","0","0","0","0","0","0","0","0","0","0","0","0","0","0","0","0","0","0","0","0","0","0","0","0","0","0","0","0","0","0","0","0","0","0","0","0","49274"
"Croatia","2020-12-27","0","0","0","0","14522","0","0","0","0","7261","0","7261","0","0","0","0","0","0","0","0","0","0","0","0","0","0","0","0","0","0","0","0","0","0","0","0","0","0","0","0","0","0","0","0","0","0","0","0","0","0","0","0","0","0","0","0","0","0","0","0","0","0","0","0","0","0","0","0","0","0","0","0","0","0","0","0","0","0","0","0","0","0","0","0","0","0","0","0","0","0","0","0","0","0","0","0","0","0","0","0","0","0","0","0","0","0","0","0","0","0","0","0","0","0","0","0","0","0","0","0","0","0","0","0","0","0","0","0","0","0","0","0","0","0","0","0","0","0","0","0","0","0","0","0","0","0","0","0","0","0","0","0","0","0","0","0","0","0","0","0","0","0","0","0","0","0","0","0","0","0","0","0","0","0","0","0","0","0","0","0","0","0","0","0","0","0","0","0","0","0","0","0","0","0","0","0","0","0","0","0","0","0","0","0","0","0","0","0","0","0","0","0","0","0","0","0","0","0","0","0","0","0","0","0","0","0","0","0"
"Croatia","2021-01-10","0","0","0","0","6695","0","0","0","2511","2511","0","1674","0","0","0","0","0","0","0","0","0","0","0","0","0","0","0","0","0","0","0","0","0","0","0","0","0","0","0","0","0","0","0","0","0","0","0","0","0","0","0","0","0","0","0","0","0","0","0","0","0","0","0","0","0","0","0","0","0","0","0","0","0","0","0","0","0","0","0","0","0","0","0","0","0","0","0","0","0","0","0","0","0","0","0","0","0","0","0","0","0","0","0","0","0","0","0","0","0","0","0","0","0","0","0","0","0","0","0","0","0","0","0","0","0","0","0","837","0","0","0","0","0","0","0","0","0","0","0","0","0","0","0","0","0","0","0","0","0","0","837","0","0","0","0","0","0","0","0","0","0","0","0","0","0","0","0","0","0","0","0","0","0","0","0","0","0","0","0","0","0","0","0","0","0","0","0","0","0","0","0","0","0","0","0","0","0","0","0","0","0","0","0","0","0","0","0","0","0","0","0","0","0","0","0","0","0","0","0","0","0","0","0","0","0","0","0","0"
"Croatia","2021-01-24","0","1191","0","0","1191","0","0","0","1191","1191","199","3770","0","0","199","0","0","0","0","0","0","0","0","0","0","0","0","0","0","0","0","0","0","0","0","0","0","0","0","0","0","0","0","0","0","0","0","0","0","0","0","0","0","0","0","0","0","0","0","0","0","0","0","0","0","0","0","0","0","0","0","0","0","0","0","0","0","0","0","0","0","0","0","0","0","0","0","0","0","0","0","0","0","0","0","0","0","0","0","0","0","0","0","0","0","0","0","0","0","0","0","0","0","0","0","0","0","0","0","0","0","0","0","0","0","0","0","0","0","0","0","0","0","0","0","0","0","0","0","0","0","0","0","0","0","0","0","0","0","0","0","0","0","0","0","0","0","0","0","0","0","0","0","0","0","0","0","0","0","0","0","0","0","0","0","0","0","0","0","0","0","0","0","0","0","0","0","0","0","0","0","0","0","0","0","0","0","0","0","0","0","0","0","0","0","0","0","0","0","0","0","0","0","0","0","0","0","0","0","0","0","0","0","0","0","0","0","0"
"Croatia","2021-02-07","0","1264","0","0","775","0","0","0","286","1264","41","2487","0","0","164","0","0","0","0","0","0","0","0","0","0","0","0","0","0","0","0","0","0","0","0","0","0","0","0","0","0","0","0","0","0","0","0","0","0","0","0","0","0","0","0","0","0","0","0","0","0","0","0","0","0","0","0","0","0","0","0","0","0","0","0","0","0","0","0","0","0","0","0","0","0","0","0","0","0","0","0","0","0","0","0","0","0","0","0","0","0","0","0","0","0","0","0","0","0","0","0","0","0","0","0","0","0","0","0","0","0","0","0","0","0","82","0","0","0","0","0","0","0","0","0","0","0","0","0","0","0","0","0","0","0","0","0","0","0","0","0","0","0","0","0","0","0","0","0","0","0","0","0","0","0","0","0","0","0","0","0","0","0","0","0","0","0","0","0","0","0","0","0","0","0","0","0","0","0","0","0","0","0","0","0","0","0","0","0","0","0","0","0","0","0","0","0","0","0","0","0","0","0","0","0","0","0","0","0","0","0","0","0","0","123","0","0","0"
"Croatia","2021-02-21","0","1536","0","0","368","0","0","0","76","887","87","1450","0","44","44","22","0","0","0","0","0","0","0","0","0","0","0","0","0","0","0","0","0","0","0","0","0","0","0","0","0","0","0","0","0","0","0","0","0","0","0","0","0","0","0","0","0","0","0","0","0","0","0","0","0","0","0","0","0","0","0","0","0","0","0","0","0","0","0","0","0","0","0","0","0","0","0","0","0","0","0","0","0","0","0","0","0","0","0","0","0","0","0","0","0","0","0","0","0","0","0","0","0","0","0","0","0","0","0","0","0","0","0","0","0","22","0","0","0","0","0","0","0","0","0","0","0","0","0","0","0","0","0","0","0","0","0","0","0","0","0","0","0","0","0","0","0","0","0","0","0","0","0","0","0","0","0","0","0","0","0","0","0","0","0","0","0","0","0","0","0","0","0","0","0","0","0","0","0","0","0","0","0","0","0","0","0","0","0","0","0","0","0","0","0","0","0","0","0","0","0","0","0","0","0","0","0","0","0","0","0","0","0","0","0","0","11","0"
"Croatia","2021-03-07","0","4188","0","0","294","0","0","0","102","475","34","1423","0","46","0","0","0","0","0","0","0","0","0","0","0","0","0","0","0","0","0","0","0","0","0","0","0","0","0","0","0","0","0","0","0","0","0","0","0","0","0","0","0","0","0","0","0","0","0","0","0","0","0","0","0","0","0","0","0","0","0","0","0","0","0","0","0","0","0","0","0","0","0","0","0","0","0","0","0","0","0","0","0","0","0","0","0","0","0","0","0","0","0","0","0","0","0","0","0","0","0","0","0","0","0","0","0","0","0","0","0","0","0","0","0","0","0","0","0","0","0","0","0","0","0","0","0","0","0","0","0","0","0","0","0","0","0","0","0","0","0","0","0","0","0","0","0","0","0","0","0","0","0","0","0","0","0","0","0","0","0","0","0","0","0","0","0","0","0","0","0","0","0","0","0","0","0","0","0","0","0","0","0","0","0","0","0","0","0","0","0","0","0","0","0","0","0","0","0","0","0","0","0","0","0","0","0","0","0","0","0","0","0","0","0","12","0","0"
"Croatia","2021-03-21","28","9664","28","0","152","0","0","0","28","138","0","979","0","83","14","0","0","0","0","0","0","0","0","0","0","0","0","0","0","0","0","0","0","0","0","0","0","0","0","0","0","0","0","0","0","0","0","0","0","0","0","0","0","0","0","0","0","0","0","0","0","0","0","0","0","0","0","0","0","0","0","0","0","0","0","0","0","0","0","0","0","0","0","0","0","0","0","0","0","0","0","0","0","0","0","0","0","0","0","0","0","0","0","0","0","0","0","0","0","0","0","0","0","0","0","0","0","0","0","0","0","0","0","0","0","0","0","0","0","0","0","0","0","0","0","0","0","0","0","0","0","0","0","0","0","0","0","0","0","0","0","0","0","0","0","0","0","0","0","0","0","0","0","0","0","0","0","0","0","0","0","0","0","0","0","0","0","0","0","0","0","0","0","0","0","0","0","0","0","0","0","0","0","0","0","0","0","0","0","0","0","0","0","0","0","0","0","0","0","0","0","0","0","0","0","0","0","0","0","0","0","0","0","0","0","14","0","0"
"Croatia","2021-04-04","0","21311","90","0","90","0","0","0","0","0","0","778","30","30","0","0","0","0","0","0","0","0","0","0","0","0","0","0","0","0","0","0","0","0","0","0","0","0","0","0","0","0","0","0","0","0","0","0","0","0","0","0","0","0","0","0","0","0","0","0","0","0","0","0","0","0","0","0","0","0","0","0","0","0","0","0","0","0","0","0","0","0","0","0","0","0","0","0","0","0","0","0","0","0","0","0","0","0","0","0","0","0","0","0","0","0","0","0","0","0","0","0","0","0","0","0","0","0","0","0","0","0","0","0","0","0","0","0","0","0","0","0","0","0","0","0","0","0","0","0","0","0","0","0","0","0","0","0","0","0","0","0","0","0","0","0","0","0","0","0","0","0","0","0","0","0","0","0","0","0","0","0","0","0","0","0","0","0","0","0","0","0","0","0","0","0","0","0","0","0","0","0","0","0","0","0","0","0","0","0","0","0","0","0","0","0","0","0","0","0","0","0","0","0","0","0","0","0","0","0","0","0","0","0","0","60","0","0"
"Croatia","2021-04-18","0","25817","126","0","377","0","0","0","0","629","0","566","0","63","0","0","0","0","0","0","0","0","0","0","0","0","0","0","0","0","0","0","0","0","0","0","0","0","0","0","0","0","0","0","0","0","0","0","0","0","0","0","0","0","0","0","0","0","0","0","0","0","0","0","0","0","0","0","0","0","0","0","0","0","0","0","0","0","0","0","0","0","0","0","0","0","0","0","0","0","0","0","0","0","0","0","0","0","0","0","0","0","0","0","0","0","0","0","0","0","0","0","0","0","0","0","0","0","0","0","0","63","0","0","0","0","0","0","0","0","0","0","0","0","0","0","0","0","0","0","0","0","0","0","0","0","0","0","0","0","0","0","0","0","0","0","0","0","0","0","0","0","0","0","0","0","0","0","0","0","0","0","0","0","0","0","0","0","0","0","0","0","0","0","0","0","0","0","0","0","0","0","0","0","0","0","0","0","0","0","0","0","0","0","0","0","0","0","0","0","0","0","0","0","0","0","0","0","0","0","0","0","0","0","63","63","0","0"
"Croatia","2021-05-02","0","23029","105","0","837","35","0","0","140","1150","140","488","0","349","0","0","0","105","0","0","0","0","0","0","0","0","0","0","0","0","0","0","0","0","0","0","0","0","0","0","0","0","0","0","0","0","0","0","0","0","0","0","0","0","0","0","0","0","0","0","0","0","0","0","0","0","0","0","0","0","0","0","0","0","0","0","0","0","0","0","0","0","0","0","0","0","0","0","0","0","0","0","0","0","0","0","0","0","0","0","0","0","0","0","0","0","0","0","0","0","0","0","0","0","0","0","0","0","0","0","0","35","0","0","0","0","0","0","0","0","0","0","0","0","0","0","0","0","0","0","0","0","0","0","0","0","0","0","0","0","0","0","0","0","0","0","0","0","0","0","0","0","0","0","0","0","0","0","0","0","0","0","0","0","0","0","0","0","0","0","0","0","0","0","0","0","0","0","0","0","0","0","0","0","0","0","0","0","0","0","0","0","0","0","0","0","0","0","0","0","0","0","0","0","0","0","0","0","0","0","0","0","0","0","941","35","0","0"
"Croatia","2021-05-16","0","14956","88","0","22","0","22","0","0","0","0","88","0","44","0","0","0","0","0","0","0","0","0","0","0","0","0","0","0","0","0","0","0","0","0","0","0","0","0","0","0","0","0","0","0","0","0","0","0","0","0","0","0","0","0","0","0","0","0","0","0","0","0","0","0","0","0","0","0","0","0","0","0","0","0","0","0","0","0","0","0","0","0","0","0","0","0","0","0","0","0","0","0","0","0","0","0","0","0","0","0","0","0","0","0","0","0","0","0","0","0","0","0","0","0","0","0","0","0","0","0","0","0","0","0","0","0","0","0","0","0","0","0","0","0","0","0","0","0","0","0","0","0","0","0","0","0","0","0","0","0","0","0","0","0","0","0","0","0","0","0","0","0","0","0","0","0","0","0","0","0","0","0","0","0","0","0","0","0","0","0","0","0","0","0","0","0","0","0","0","0","0","0","0","0","0","0","0","0","0","0","0","0","0","0","0","0","0","0","0","0","0","0","0","0","0","0","0","0","0","0","0","0","0","0","0","0","0"
"Croatia","2021-05-30","0","5503","0","0","0","0","0","0","0","0","0","0","0","0","0","0","78","156","0","0","0","0","0","0","0","0","0","0","0","0","0","0","0","0","0","0","0","0","0","0","0","0","0","0","0","0","0","0","0","0","0","0","0","0","0","0","0","0","0","0","0","0","0","0","0","0","0","0","0","0","0","0","0","0","0","0","0","0","0","0","0","0","0","0","0","0","0","0","0","0","0","0","0","0","0","0","0","0","0","0","0","0","0","0","0","0","0","0","0","0","0","0","0","0","0","0","0","0","0","0","0","0","0","0","0","0","0","0","0","0","0","0","0","0","0","0","0","0","0","0","0","0","0","0","0","0","0","0","0","0","0","0","0","0","0","0","0","0","0","0","0","0","0","0","0","0","0","0","0","0","0","0","0","0","0","0","0","0","0","0","0","0","0","0","0","0","0","0","0","0","0","0","0","0","0","0","0","0","0","0","0","0","0","0","0","0","0","0","0","0","0","0","0","0","0","0","0","0","0","0","0","0","0","0","16","0","0","0"
"Croatia","2021-06-13","0","1807","0","24","0","0","0","0","0","0","0","0","0","0","0","0","0","514","0","0","0","0","0","0","0","0","0","0","0","0","0","0","0","0","0","0","0","0","0","0","0","0","0","0","0","0","0","0","0","0","0","0","0","0","0","0","0","0","0","0","0","0","0","0","0","0","0","0","0","0","0","0","0","0","0","0","0","0","0","0","0","0","0","0","0","0","0","0","32","0","8","0","0","0","0","0","0","0","0","0","0","0","0","0","0","0","0","0","0","0","0","0","0","0","0","0","0","0","0","0","0","0","16","0","0","0","0","0","0","0","0","0","0","0","0","0","0","0","0","0","0","0","0","0","0","0","0","0","0","0","0","0","0","0","0","0","0","0","0","0","0","0","0","0","0","0","0","0","0","0","0","0","0","0","0","0","0","0","0","0","0","0","0","0","0","0","0","0","0","0","0","0","0","0","0","0","0","0","0","0","0","0","0","0","0","0","0","0","0","0","0","0","0","0","0","0","0","0","0","0","0","0","0","0","24","0","0","0"
"Croatia","2021-06-27","0","431","7","0","7","0","0","0","0","0","0","7","0","0","7","0","0","493","0","0","0","0","0","0","0","0","0","0","0","0","0","0","0","0","19","0","0","0","0","0","0","0","0","0","0","0","0","0","0","0","0","0","0","0","0","0","0","0","0","0","0","19","0","7","0","0","0","0","0","0","0","0","0","0","0","25","0","31","0","0","0","0","0","0","0","0","0","0","0","0","13","0","0","0","0","0","0","0","0","13","0","0","0","0","0","0","0","0","0","0","0","0","0","0","0","0","0","7","13","0","0","0","0","0","0","0","0","0","0","0","0","0","0","0","0","0","0","0","0","0","0","0","0","0","0","0","0","0","0","0","0","0","0","0","0","0","0","0","0","0","0","0","0","0","0","0","0","0","0","0","0","0","0","0","0","0","0","0","0","0","0","0","0","0","0","0","0","0","0","0","0","0","0","0","0","0","0","0","0","0","0","0","0","0","0","0","0","0","0","0","0","0","0","0","0","0","0","0","0","0","0","0","0","0","0","0","0","0"
"Croatia","2021-07-11","0","134","0","0","0","0","10","0","0","0","0","0","0","0","0","0","0","710","0","0","0","0","0","0","0","0","4","0","0","0","0","0","0","0","115","7","0","0","0","4","0","0","0","0","0","0","0","0","0","0","10","0","4","4","0","0","4","0","0","0","0","0","0","7","0","0","0","0","0","0","0","0","0","26","0","51","10","4","0","0","0","7","0","4","0","0","0","0","0","0","20","0","0","0","16","0","0","0","0","13","0","0","0","0","0","4","0","0","0","0","0","0","4","0","0","0","0","0","7","4","0","0","0","7","0","0","0","0","0","0","0","0","0","0","0","0","0","0","0","0","0","0","0","0","0","0","0","0","0","0","0","0","0","0","0","0","0","0","0","0","0","0","0","0","0","0","0","0","0","0","0","0","0","0","0","0","0","0","0","0","0","0","0","0","0","0","0","0","0","0","0","0","0","0","0","0","0","0","0","0","0","0","0","0","0","0","0","0","0","0","0","0","0","0","0","0","0","0","0","0","0","0","0","0","0","0","0","0"
"Croatia","2021-07-25","0","80","0","0","0","0","0","9","0","0","0","0","0","0","0","0","0","792","0","0","0","0","0","0","0","0","9","0","0","0","0","0","0","0","128","0","0","0","0","0","0","0","0","0","0","0","0","0","0","0","5","9","0","0","0","5","5","0","18","0","0","0","0","93","0","0","0","0","0","0","0","0","0","203","0","102","27","128","0","0","0","0","0","0","0","0","9","0","27","0","14","5","0","0","5","0","0","0","0","5","0","0","36","0","0","0","0","0","0","0","5","71","0","0","0","5","0","5","9","0","0","0","0","0","0","0","0","0","0","0","0","0","0","0","0","0","0","0","0","0","0","0","0","0","0","0","0","0","0","0","0","0","0","0","0","0","0","0","0","0","0","0","0","0","0","0","0","0","0","0","0","0","0","0","0","0","0","0","0","0","0","0","0","0","0","0","0","0","0","0","0","0","0","0","0","0","0","0","0","0","0","0","0","0","0","0","0","0","0","0","0","0","0","0","0","0","0","0","0","0","0","0","0","0","0","0","0","0"
"Croatia","2021-08-08","0","38","0","0","0","0","0","0","0","0","0","0","0","0","0","0","0","954","0","0","0","15","0","0","5","0","24","0","0","0","0","0","0","0","129","0","0","0","0","0","10","0","0","0","0","0","0","0","0","0","0","5","10","0","0","0","0","0","19","0","0","0","0","124","0","0","0","0","0","0","0","0","0","162","0","214","29","342","0","0","0","0","0","5","0","0","19","0","29","0","10","0","0","0","0","0","0","0","0","15","5","5","15","5","0","0","0","0","0","0","0","138","0","5","0","0","0","0","100","0","0","0","0","0","5","0","0","0","0","0","0","0","0","0","0","0","0","0","0","0","0","0","0","0","0","0","0","0","0","0","0","0","0","0","0","0","0","0","0","0","0","0","0","0","0","0","0","0","0","0","0","0","0","0","0","0","0","0","0","0","0","0","0","0","0","0","0","0","0","0","0","0","0","0","0","0","0","0","0","0","0","0","0","0","0","0","0","0","0","0","0","0","0","0","0","0","0","0","0","0","0","0","0","0","0","0","0","0"
"Croatia","2021-08-22","0","43","0","0","0","0","0","0","0","0","0","0","0","0","0","0","0","1038","0","7","43","7","0","0","37","0","19","0","19","0","0","7","7","0","468","0","0","0","13","37","7","7","0","92","0","0","0","0","0","7","0","19","0","0","0","0","7","0","7","0","0","0","0","267","0","0","0","0","0","0","0","0","0","176","0","577","85","850","0","0","7","0","13","0","7","0","55","19","237","0","25","13","0","0","0","7","0","0","0","0","7","19","25","13","13","0","0","0","0","0","13","280","0","0","0","0","7","0","140","0","7","0","0","0","0","0","0","0","0","0","0","0","0","0","0","0","0","0","0","0","0","0","0","0","0","0","0","0","0","0","0","0","0","0","0","0","0","0","0","0","0","0","0","0","0","0","0","0","0","0","0","0","0","0","0","0","0","0","0","0","0","0","0","0","0","0","0","0","0","0","0","0","0","0","0","0","0","0","0","0","0","0","0","0","0","0","0","0","0","0","0","0","0","0","0","0","0","0","0","0","0","0","0","0","0","0","0","0"
"Croatia","2021-09-05","0","9","0","0","0","0","0","0","0","0","0","0","0","0","0","0","0","1594","0","0","187","9","0","0","9","0","33","0","9","0","0","0","0","33","627","0","0","0","9","122","41","9","0","41","0","0","9","17","0","9","0","25","0","0","9","9","0","0","0","0","9","0","0","618","0","0","9","0","0","0","0","0","0","212","0","1000","66","1887","0","0","9","0","17","9","57","9","155","0","391","0","25","9","9","0","9","0","17","0","0","0","0","33","0","0","0","17","9","0","0","9","0","261","0","0","0","0","9","9","431","0","0","0","0","0","0","0","0","0","0","0","0","0","0","0","0","0","0","0","0","0","0","0","0","0","0","0","0","0","0","0","0","0","0","0","0","0","0","0","0","0","0","0","0","0","0","0","0","0","0","0","0","0","0","0","0","0","0","0","0","0","0","0","0","0","0","0","0","0","0","0","0","0","0","0","0","0","0","0","0","0","0","0","0","0","0","0","0","0","0","0","0","0","0","0","0","0","0","0","0","0","0","0","0","0","0","0","0","0"
"Croatia","2021-09-19","0","0","0","0","0","0","0","0","0","0","0","0","0","0","0","0","0","2230","0","0","225","0","0","0","19","0","57","0","0","0","0","0","0","75","1406","0","0","0","38","150","38","0","38","132","38","19","38","57","0","38","0","0","75","0","0","19","0","0","0","0","0","0","0","1331","0","0","0","0","0","113","19","0","0","263","19","769","188","4441","0","0","19","0","19","57","38","19","169","0","956","0","94","0","0","0","0","0","38","0","0","0","0","0","0","38","0","19","0","0","0","0","0","244","0","0","0","0","0","0","619","0","0","0","0","0","0","0","0","0","0","0","0","0","0","0","0","0","0","0","0","0","0","0","0","0","0","0","0","0","0","0","0","0","0","0","0","0","0","0","0","0","0","0","0","0","0","0","0","0","0","0","0","0","0","0","0","0","0","0","0","0","0","0","0","0","0","0","0","0","0","0","0","0","0","0","0","0","0","0","0","0","0","0","0","0","0","0","0","0","0","0","0","0","0","0","0","0","0","0","0","0","0","0","0","0","0","0","0","0"
"Croatia","2021-10-03","0","0","0","0","0","0","0","0","0","0","0","0","0","0","0","0","0","2481","0","0","0","49","0","0","0","0","25","0","0","0","0","0","0","25","1855","0","0","0","25","314","145","0","0","73","25","0","0","49","0","97","0","0","73","0","0","0","0","0","0","0","0","0","0","1831","0","0","25","0","73","97","0","0","0","121","49","988","241","5058","0","0","25","25","0","0","0","0","386","25","675","25","97","0","0","0","0","0","25","0","0","0","0","25","0","49","0","0","0","0","0","0","0","554","0","0","0","0","0","0","1108","0","0","0","0","0","0","0","0","0","0","0","0","0","0","0","0","0","0","0","0","0","0","0","0","0","0","0","0","0","0","0","0","0","0","0","0","0","0","0","0","0","0","0","0","0","0","0","0","0","0","0","0","0","0","0","0","0","0","0","0","0","0","0","0","0","0","0","0","0","0","0","0","0","0","0","0","0","0","0","0","0","0","0","0","0","0","0","0","0","0","0","0","0","0","0","0","0","0","0","0","0","0","0","0","0","0","0","0","0"
"Croatia","2021-10-17","0","0","0","0","0","0","0","0","0","0","0","0","0","0","0","0","0","3619","0","0","0","74","0","0","49","0","49","0","0","0","0","0","0","25","2274","0","0","0","25","196","196","49","49","49","0","0","0","98","0","49","0","0","25","0","25","0","0","0","0","0","0","0","0","1492","25","0","0","0","25","172","0","74","0","49","0","758","147","6014","0","0","25","49","0","25","25","0","294","0","636","74","147","0","0","49","0","0","25","25","0","0","0","25","25","49","0","0","0","0","0","0","0","905","0","0","0","0","0","0","1247","0","0","0","0","0","0","0","0","0","0","0","0","0","0","0","0","0","0","0","0","0","0","0","0","0","0","0","0","0","0","0","0","0","0","0","0","0","0","0","0","0","0","0","0","0","0","0","0","0","0","0","0","0","0","0","0","0","0","0","0","0","0","0","0","0","0","0","0","0","0","0","0","0","0","0","0","0","0","0","0","0","0","0","0","0","0","0","0","0","0","0","0","0","0","0","0","0","0","0","0","0","0","0","0","0","0","0","0","0"
"Croatia","2021-10-31","0","0","0","0","0","0","0","0","0","0","0","0","0","0","0","0","0","5622","0","0","0","61","0","0","0","0","61","61","0","0","0","0","0","182","6771","0","0","0","121","605","484","121","182","242","0","0","0","61","0","61","0","0","121","0","61","0","121","0","0","0","0","0","0","2177","0","0","61","0","0","363","0","0","0","0","61","1753","363","16261","0","0","0","242","0","121","121","0","726","0","847","121","61","61","0","0","0","0","0","0","0","0","0","0","0","0","0","0","0","0","0","0","0","2781","0","0","61","0","0","0","1330","0","0","0","0","0","0","0","0","0","0","0","0","0","0","0","0","0","0","0","0","0","0","0","0","0","0","0","0","0","0","0","0","0","0","0","0","0","0","0","0","0","0","0","0","0","0","0","0","0","0","0","0","0","0","0","0","0","0","0","0","0","0","0","0","0","0","0","0","0","0","0","0","0","0","0","0","0","0","0","0","0","0","0","0","0","0","0","0","0","0","0","0","0","0","0","0","0","0","0","0","0","0","0","0","0","0","0","0","0"
"Croatia","2021-11-14","0","0","0","0","0","0","0","0","0","0","0","0","0","0","0","0","0","7743","0","0","0","0","0","0","0","0","0","92","0","0","0","0","0","92","11750","0","0","0","0","638","1185","0","92","638","0","0","0","274","0","92","0","0","456","0","0","92","365","0","0","0","0","0","92","3097","0","0","0","0","0","183","0","0","0","92","92","2642","547","27690","92","92","0","0","0","0","0","0","820","0","1367","183","92","0","0","0","0","0","92","0","92","0","0","92","183","0","0","0","0","0","0","0","92","5192","0","0","183","0","0","0","1913","0","0","0","0","0","0","0","0","0","0","0","0","0","0","0","0","0","0","0","0","0","0","0","0","0","0","0","0","0","0","0","0","0","0","0","0","0","0","0","0","0","0","0","0","0","0","0","0","0","0","0","0","0","0","0","0","0","0","0","0","0","0","0","0","0","0","0","0","0","0","0","0","0","0","0","0","0","0","0","0","0","0","0","0","0","0","0","0","0","0","0","0","0","0","0","0","0","0","0","0","0","0","0","0","0","0","0","0","0"
"Croatia","2021-11-28","0","0","0","0","0","0","0","0","0","0","0","0","0","0","0","0","0","10927","0","0","0","153","0","0","77","0","153","0","0","153","0","0","0","0","11385","0","0","0","0","383","612","77","0","0","0","0","0","459","0","153","0","0","306","0","0","0","77","0","0","0","0","0","0","2522","0","0","0","0","0","77","0","0","0","0","0","2904","77","24451","0","0","0","153","0","535","0","0","1070","0","612","383","77","0","0","0","0","0","77","0","0","0","77","0","77","0","0","0","0","0","0","0","0","4050","0","0","0","0","0","0","2522","0","0","0","0","0","0","0","0","0","0","0","0","0","0","0","0","0","0","0","0","0","0","0","0","0","0","0","0","0","0","0","0","0","0","0","0","0","0","0","0","0","0","0","0","0","0","0","0","0","0","0","0","0","0","0","0","0","0","0","0","0","0","0","0","0","0","0","0","0","0","0","0","0","0","0","0","0","0","0","0","0","0","0","0","0","0","0","0","0","0","0","0","0","0","0","0","0","0","0","0","0","0","0","0","0","0","0","0","0"
"Croatia","2021-12-12","0","0","0","0","0","0","0","0","0","0","0","0","0","0","0","0","0","7077","0","0","0","0","0","102","68","0","169","0","0","169","0","0","0","34","8122","0","0","34","0","573","506","304","0","102","0","0","0","506","0","68","0","0","34","0","0","0","102","0","169","34","0","0","0","1820","0","68","102","34","0","169","34","34","34","135","34","2427","34","22175","0","0","34","169","0","371","68","0","641","0","203","102","0","0","0","0","0","0","68","0","0","0","203","34","68","0","0","0","0","0","34","0","0","1584","0","0","0","0","0","0","1787","0","0","0","0","0","0","0","0","0","0","0","0","0","0","0","0","0","0","0","0","0","0","0","0","0","0","0","102","0","0","0","0","135","0","0","0","0","0","0","0","0","0","0","0","0","0","0","0","0","0","0","0","0","0","0","0","0","0","0","0","0","0","0","0","0","0","0","0","0","0","0","0","0","0","0","0","0","0","0","0","0","0","0","0","0","0","0","0","0","0","0","0","0","0","0","0","0","0","0","0","0","0","0","0","0","34","0","0","0"
"Croatia","2021-12-26","0","0","0","0","0","0","0","0","0","0","0","0","0","0","0","0","0","3153","12","0","0","12","35","23","12","0","46","0","0","343","0","0","0","23","6499","0","12","12","23","789","195","469","0","126","0","0","0","503","12","23","0","0","23","0","23","0","46","0","69","195","0","0","0","1645","0","12","23","0","35","160","23","12","12","240","115","1120","46","18104","23","12","69","69","0","195","80","0","400","23","149","12","23","0","0","0","0","0","0","0","0","0","138","0","0","12","0","12","0","12","35","0","0","1131","0","0","23","0","0","0","1097","0","0","0","0","0","0","0","240","435","0","0","12","0","0","12","0","0","0","0","0","46","0","0","0","58","23","0","149","115","12","12","23","160","12","0","0","0","0","0","0","0","0","0","0","0","0","0","0","0","0","0","0","0","0","0","0","0","0","0","0","0","0","0","0","0","0","0","0","0","0","0","0","0","0","0","0","0","0","0","0","0","0","0","0","0","0","0","0","0","0","0","0","0","0","0","0","0","0","0","0","0","0","0","0","0","35","0","0","0"
"Croatia","2022-01-09","0","0","0","0","0","0","0","0","0","0","0","0","0","0","0","0","0","2828","0","0","0","49","147","0","25","25","25","0","0","781","49","0","0","49","8021","0","0","25","25","878","220","317","0","98","0","0","0","415","0","25","0","0","49","0","25","74","49","0","122","25","0","0","0","1219","0","0","25","0","98","74","0","0","25","171","0","1000","122","21721","74","49","74","147","0","415","171","0","805","0","49","0","0","0","0","0","0","0","0","0","0","0","25","0","0","0","0","0","0","0","74","0","0","1195","0","0","25","0","0","49","1268","0","0","0","0","0","0","0","4925","12652","464","317","269","0","0","49","25","0","0","0","25","1512","0","74","0","1146","269","25","2073","1780","464","49","1731","1195","0","0","49","0","0","0","0","0","0","0","0","0","0","0","0","0","0","0","0","0","0","0","0","0","0","0","0","0","0","0","0","0","0","0","0","0","0","0","0","0","0","0","0","0","0","0","0","0","0","0","0","0","0","0","0","0","0","0","0","0","0","0","0","0","0","0","0","0","0","0","0","0","74","0","0","0"
"Croatia","2022-01-23","0","0","0","0","0","0","0","0","0","0","0","0","0","0","0","0","0","852","0","0","0","0","0","0","0","0","0","0","0","408","0","0","0","149","2556","0","0","0","0","186","38","260","0","0","0","0","0","112","0","0","0","0","38","0","0","0","0","75","0","0","0","0","0","445","0","0","0","0","75","0","0","0","0","0","0","75","38","5520","0","0","0","0","0","149","38","0","112","0","0","0","0","0","0","0","0","0","0","0","0","0","0","0","0","0","0","38","0","0","0","0","0","223","0","0","38","0","0","0","297","0","0","0","0","0","0","0","9557","58080","3408","2186","519","75","149","75","297","75","0","0","0","2482","0","0","38","1741","297","112","4519","5445","2260","75","3260","4001","75","38","778","0","38","0","0","0","0","0","0","0","0","0","0","0","0","0","0","0","0","0","0","0","0","0","0","0","0","0","0","0","0","0","0","0","0","0","0","0","0","0","0","0","0","0","0","0","0","0","0","0","0","0","0","0","0","0","0","0","0","0","0","0","0","0","0","0","0","0","0","0","186","0","0","0"
"Croatia","2022-02-06","0","0","0","0","0","0","0","0","0","0","0","0","0","0","0","0","0","50","0","0","0","0","0","0","0","0","0","0","0","0","0","0","0","0","50","0","0","0","0","0","50","50","0","50","0","0","0","0","0","0","0","0","0","0","0","0","0","0","50","0","0","0","0","100","0","0","0","0","0","0","0","0","0","50","0","0","0","550","0","0","0","0","0","0","0","0","100","0","0","0","0","0","0","0","0","0","0","0","0","0","0","0","0","0","0","0","0","0","0","0","0","100","0","0","0","0","50","0","0","0","0","0","0","0","0","0","7441","69066","4046","1648","450","0","0","0","100","0","50","0","50","1898","0","0","0","1399","150","50","3446","3446","2098","250","1948","2847","50","0","3896","0","500","0","0","0","0","0","0","450","0","0","0","0","0","0","0","0","0","0","0","0","0","0","0","0","0","0","0","0","0","0","0","0","150","0","0","0","0","0","0","0","0","0","0","0","0","0","0","0","0","0","0","0","0","0","0","0","0","0","0","0","0","0","0","0","0","0","0","0","50","0","0","0"
"Croatia","2022-02-20","0","0","0","0","0","0","0","0","0","0","0","0","0","0","0","0","0","0","0","0","0","0","0","0","0","0","0","0","0","0","0","0","0","0","0","0","0","0","0","31","0","0","0","0","0","0","0","0","0","0","0","0","0","0","0","0","0","0","0","0","0","0","0","0","0","0","0","0","0","0","0","0","0","0","0","0","0","61","0","0","0","0","0","0","0","0","0","0","0","0","0","0","0","0","0","0","0","0","0","0","0","0","0","0","0","0","0","0","0","0","0","0","0","0","0","0","0","0","0","0","0","0","0","0","0","0","2577","36430","1516","1001","61","0","31","122","31","0","31","31","0","728","0","0","31","334","122","0","1152","1698","1031","31","637","1425","0","0","6820","0","698","91","0","0","0","0","0","182","0","0","0","0","0","0","0","0","0","0","31","0","0","0","0","0","0","0","0","31","0","0","0","0","122","0","0","0","0","0","0","0","0","0","0","0","0","0","0","0","0","0","0","0","0","0","0","0","0","0","0","0","0","0","0","0","0","0","0","0","364","0","0","0"
"Croatia","2022-03-06","0","0","0","0","0","0","0","0","0","0","0","0","0","0","0","0","0","0","0","0","0","0","0","0","0","0","0","0","0","0","0","0","0","0","0","0","21","0","0","0","0","0","0","0","0","0","0","0","0","0","0","0","0","0","0","0","0","0","0","0","0","0","0","0","0","0","0","0","0","0","0","0","0","0","0","0","0","21","0","0","0","0","0","0","0","0","0","0","0","0","0","0","0","0","0","0","0","0","0","0","0","0","0","0","0","0","0","0","0","0","0","0","0","0","0","0","0","0","0","0","0","0","0","0","0","0","688","11006","501","313","21","0","0","0","0","21","0","21","0","146","0","0","0","42","0","0","209","522","271","0","188","271","0","0","7233","42","417","63","0","0","0","0","0","84","0","0","0","0","0","0","0","0","0","0","0","0","0","0","0","0","0","0","42","126","0","0","0","0","271","0","0","0","0","0","0","0","0","0","0","0","0","0","0","0","0","0","0","0","0","0","0","0","0","0","0","0","0","0","0","0","0","0","0","0","84","0","0","0"
"Croatia","2022-03-20","0","0","0","0","0","0","0","0","0","0","0","0","0","0","0","0","0","0","0","0","0","0","0","0","0","0","0","0","0","0","0","0","0","0","0","0","0","0","0","0","0","0","0","0","0","0","0","0","0","0","0","0","0","0","0","0","0","0","0","0","0","0","0","0","0","0","0","0","0","0","0","0","0","0","0","0","0","0","0","0","0","0","0","0","0","0","0","0","0","0","0","0","0","0","0","0","0","0","0","0","0","0","0","0","0","0","0","0","0","0","0","0","0","0","0","0","0","0","0","0","0","0","0","0","0","0","188","6020","542","63","0","0","0","0","0","0","0","0","0","105","21","0","0","63","0","0","42","42","84","21","0","84","0","0","10478","0","646","0","84","0","0","0","0","334","0","0","0","21","21","0","0","0","0","0","0","21","0","0","0","0","0","0","63","167","0","0","0","0","1063","0","0","0","0","0","0","0","0","0","0","0","0","0","0","0","0","0","0","0","0","0","0","0","0","0","0","0","0","0","0","0","0","0","0","0","21","0","0","0"
"Croatia","2022-04-03","0","0","0","0","0","0","0","0","0","0","0","0","0","0","0","0","0","0","0","0","0","0","0","0","0","0","0","0","0","0","0","0","0","0","0","0","0","0","0","0","0","0","0","0","0","0","0","0","0","0","0","0","0","0","0","0","0","0","0","0","0","0","0","0","0","0","0","0","0","0","0","0","0","0","0","0","0","0","0","0","0","0","0","0","0","0","0","0","0","0","0","0","0","0","0","0","0","0","0","0","0","0","0","0","0","0","0","0","0","0","0","0","0","0","0","0","0","0","0","0","0","0","0","0","0","0","56","2364","75","112","0","0","0","0","0","0","0","0","0","0","0","0","0","0","0","0","19","19","0","0","0","38","0","0","12839","19","410","0","56","0","0","19","0","615","0","19","0","56","0","0","0","0","0","0","38","0","0","0","0","0","0","0","0","224","0","19","0","0","1638","0","0","0","0","0","0","0","0","0","0","0","0","0","0","0","0","0","0","0","0","0","0","0","0","0","0","0","0","0","0","0","0","0","0","0","94","0","0","0"
"Croatia","2022-04-17","0","0","0","0","0","0","0","0","0","0","0","0","0","0","0","0","0","0","0","0","0","0","0","0","0","0","0","0","0","0","0","0","0","0","0","0","0","0","0","0","0","0","0","0","0","0","0","0","0","0","0","0","0","0","0","0","0","0","0","0","0","0","0","0","0","0","0","0","0","0","0","0","0","0","0","0","0","0","0","0","0","0","0","0","0","0","0","0","0","0","0","0","0","0","0","0","0","0","0","0","0","0","0","0","0","0","0","0","0","0","0","0","0","0","0","0","0","0","0","0","0","0","0","0","0","0","14","710","56","0","0","0","0","0","0","0","0","0","0","14","0","0","0","0","0","0","28","0","14","0","14","14","0","0","7544","14","84","42","0","0","0","0","0","251","0","0","0","56","14","0","14","0","0","0","0","0","14","0","0","0","14","0","0","404","0","0","0","0","1462","0","0","0","0","0","0","0","0","0","0","0","0","0","0","0","0","0","0","0","0","0","0","0","0","0","0","0","0","0","0","0","0","0","0","0","14","0","0","0"
"Croatia","2022-05-01","0","0","0","0","0","0","0","0","0","0","0","0","0","0","0","0","0","0","0","0","0","0","0","0","0","0","0","0","0","0","0","0","0","0","0","0","0","0","0","0","0","0","0","0","0","0","0","0","0","0","0","0","0","0","0","0","0","0","0","0","0","0","0","0","0","0","0","0","0","0","0","0","0","0","0","0","0","0","0","0","0","0","0","0","0","0","0","0","0","0","0","0","0","0","0","0","0","0","0","0","0","0","0","0","0","0","0","0","0","0","0","0","0","0","0","0","0","0","0","0","0","0","0","0","0","0","17","184","0","0","0","0","0","0","0","0","0","0","0","0","0","0","0","0","0","0","17","17","0","0","0","0","0","0","6477","34","34","34","17","17","51","0","0","184","0","0","0","0","34","0","0","0","0","0","0","0","0","0","0","0","17","0","0","752","0","0","0","0","1553","0","0","0","0","0","0","0","0","0","0","0","0","0","0","0","0","0","0","0","0","0","0","0","0","0","0","0","0","0","0","0","0","0","0","0","34","0","0","0"
"Croatia","2022-05-15","0","0","0","0","0","0","0","0","0","0","0","0","0","0","0","0","0","0","0","0","0","0","0","0","0","0","0","0","0","0","0","0","0","0","0","0","0","0","0","0","0","0","0","0","0","0","0","0","0","0","0","0","0","0","0","0","0","0","0","0","0","0","0","0","0","0","0","0","0","0","0","0","0","0","0","0","0","0","0","0","0","0","0","0","0","0","0","0","0","0","0","0","0","0","0","0","0","0","0","0","0","0","0","0","0","0","0","0","0","0","0","0","0","0","0","0","0","0","0","0","0","0","0","0","0","0","0","31","0","0","0","0","0","0","0","0","0","0","0","0","0","0","0","0","0","0","0","0","0","0","0","0","0","0","5884","0","31","16","46","153","107","0","61","77","16","0","0","16","77","0","0","0","0","0","16","0","0","0","0","0","0","16","16","578","0","0","0","0","1141","0","16","31","0","0","0","0","0","0","0","46","0","0","0","0","0","0","0","0","0","31","0","0","0","0","0","0","0","0","0","0","0","0","0","0","77","0","0","0"
"Croatia","2022-05-29","0","0","0","0","0","0","0","0","0","0","0","0","0","0","0","0","0","0","0","0","0","0","0","0","0","0","0","0","0","0","0","0","0","0","0","0","0","0","0","0","0","0","0","0","0","0","0","0","0","0","0","0","0","0","0","0","0","0","0","0","0","0","0","0","0","0","0","0","0","0","0","0","0","0","0","0","0","0","0","0","0","0","0","0","0","0","0","0","0","0","0","0","0","0","0","0","0","0","0","0","0","0","0","0","0","0","0","0","0","0","0","0","0","0","0","0","0","0","0","0","0","0","0","0","0","0","0","30","0","0","0","0","0","0","0","0","0","0","0","0","0","0","0","0","0","0","0","0","0","0","0","0","0","0","2785","30","20","0","10","79","178","0","89","99","0","0","0","0","40","0","0","0","10","0","40","10","0","0","70","10","0","0","0","445","0","0","0","20","672","0","40","50","0","10","0","0","0","0","10","30","0","0","0","0","0","89","0","0","0","99","0","0","0","0","0","0","0","0","0","0","0","0","0","0","10","0","0","0"
"Croatia","2022-06-12","0","0","0","0","0","0","0","0","0","0","0","0","0","0","0","0","0","0","0","0","0","0","0","0","0","0","0","0","0","0","0","0","0","0","0","0","0","0","0","0","0","0","0","0","0","0","0","0","0","0","0","0","0","0","0","0","0","0","0","0","0","0","0","0","0","0","0","0","0","0","0","0","0","0","0","0","0","0","0","0","0","0","0","0","0","0","0","0","0","0","0","0","0","0","0","0","0","0","0","0","0","0","0","0","0","0","0","0","0","0","0","0","0","0","0","0","0","0","0","0","0","0","0","0","0","0","0","39","0","0","0","0","0","0","0","0","0","0","0","0","0","0","0","0","0","0","10","0","0","0","0","0","0","0","1002","0","0","20","0","280","155","0","78","29","0","0","0","0","0","10","0","20","10","0","0","0","0","0","39","10","0","0","0","328","0","0","0","10","232","0","174","20","0","0","0","0","0","0","116","366","0","0","20","0","68","106","0","20","0","58","39","10","0","0","10","68","20","29","0","0","0","0","0","0","20","0","0","0"
"Croatia","2022-06-26","0","0","0","0","0","0","0","0","0","0","0","0","0","0","0","0","0","0","0","0","0","0","0","0","0","0","0","0","0","0","0","0","0","0","0","0","0","0","0","0","0","0","0","0","0","0","0","0","0","0","0","0","0","0","0","0","0","0","0","0","0","0","0","0","0","0","0","0","0","0","0","0","0","0","0","0","0","0","0","0","0","0","0","0","0","0","0","0","0","0","0","0","0","0","0","0","0","0","0","0","0","0","0","0","0","0","0","0","0","0","0","0","0","0","0","0","0","0","0","0","0","0","0","0","0","0","0","13","0","0","0","0","0","0","0","0","0","0","0","0","0","0","0","0","0","0","0","0","0","0","0","0","0","0","799","0","0","0","0","287","250","0","63","38","0","0","13","0","13","13","0","13","0","13","0","0","0","38","0","13","0","0","0","262","25","0","0","13","200","13","362","138","0","0","25","0","0","0","250","1085","0","0","25","38","387","400","0","0","0","312","25","0","0","0","0","88","138","212","0","13","0","0","13","0","100","0","0","0"
"Croatia","2022-07-10","0","0","0","0","0","0","0","0","0","0","0","0","0","0","0","0","0","0","0","0","0","0","0","0","0","0","0","0","0","0","0","0","0","0","0","0","0","0","0","0","0","0","0","0","0","0","0","0","0","0","0","0","0","0","0","0","0","0","0","0","0","0","0","0","0","0","0","0","0","0","0","0","0","0","0","0","0","0","0","0","0","0","0","0","0","0","0","0","0","0","0","0","0","0","0","0","0","0","0","0","0","0","0","0","0","0","0","0","0","0","0","0","0","0","0","0","0","0","0","0","0","0","0","0","0","0","0","0","0","0","0","0","0","0","0","0","0","0","0","0","0","0","0","0","0","0","35","0","0","0","0","18","0","0","558","0","0","0","0","750","53","0","35","35","0","0","0","0","0","35","0","105","0","0","0","0","0","0","18","35","0","0","0","53","18","0","0","35","123","0","646","367","0","0","18","0","0","0","820","3627","18","18","53","35","1674","1517","35","140","0","245","88","18","18","0","140","245","314","872","53","105","0","0","18","157","558","0","0","0"
"Croatia","2022-07-24","0","0","0","0","0","0","0","0","0","0","0","0","0","0","0","0","0","0","0","0","0","0","0","0","0","0","0","0","0","0","0","0","0","0","0","0","0","0","0","0","0","0","0","0","0","0","0","0","0","0","0","0","0","0","0","0","0","0","0","0","0","0","0","0","0","0","0","0","0","0","0","0","0","0","0","0","0","0","0","0","0","0","0","0","0","0","0","0","0","0","0","0","0","0","0","0","0","0","0","0","0","0","0","0","0","0","0","0","0","0","0","0","0","0","0","0","0","0","0","0","0","0","0","0","0","0","0","0","0","0","0","0","0","0","0","0","0","0","0","0","0","0","0","0","0","0","21","0","0","0","0","0","0","0","144","0","0","0","0","267","21","0","21","21","0","0","0","41","0","0","0","0","0","0","0","0","0","0","21","41","0","0","0","41","41","0","0","62","21","0","267","246","21","0","0","0","21","21","1024","5465","62","103","82","41","3132","2763","62","164","0","103","123","62","41","0","103","574","512","1290","41","185","0","62","41","328","737","0","0","0"
"Croatia","2022-08-07","0","0","0","0","0","0","0","0","0","0","0","0","0","0","0","0","0","0","0","0","0","0","0","0","0","0","0","0","0","0","0","0","0","0","0","0","0","0","0","0","0","0","0","0","0","0","0","0","0","0","0","0","0","0","0","0","0","0","0","0","0","0","0","0","0","0","0","0","0","0","0","0","0","0","0","0","0","0","0","0","0","0","0","0","0","0","0","0","0","0","0","0","0","0","0","0","0","0","0","0","0","0","0","0","0","0","0","0","0","0","0","0","0","0","0","0","0","0","0","0","0","0","0","0","0","0","0","0","0","0","0","0","0","0","0","0","0","0","0","0","0","0","0","0","0","0","0","0","0","0","0","0","0","0","61","0","0","0","0","121","0","0","21","0","0","0","0","0","0","21","0","0","0","0","0","0","0","0","0","0","0","0","0","21","0","0","21","41","0","0","101","221","0","0","0","21","21","21","783","4553","41","61","101","0","2929","2106","0","61","0","61","101","41","21","81","121","321","582","1725","101","201","0","0","21","241","783","0","0","0"
"Croatia","2022-08-21","0","0","0","0","0","0","0","0","0","0","0","0","0","0","0","0","0","0","0","0","0","0","0","0","0","0","0","0","0","0","0","0","0","0","0","0","0","0","0","0","0","0","0","0","0","0","0","0","0","0","0","0","0","0","0","0","0","0","0","0","0","0","0","0","0","0","0","0","0","0","0","0","0","0","0","0","0","0","0","0","0","0","0","0","0","0","0","0","0","0","0","0","0","0","0","0","0","0","0","0","0","0","0","0","0","0","0","0","0","0","0","0","0","0","0","0","0","0","0","0","0","0","0","0","0","0","0","20","0","0","0","0","0","0","0","0","0","0","0","0","0","0","0","0","0","0","20","0","0","0","0","0","0","0","0","0","0","0","0","39","0","0","0","0","0","0","0","0","0","0","0","0","0","0","0","0","0","0","0","0","0","0","0","0","0","0","0","0","0","0","77","77","20","0","0","0","97","97","557","3630","39","77","20","0","2977","2094","20","77","20","20","135","20","20","77","58","231","481","1191","58","58","0","20","20","231","730","0","0","0"
"Croatia","2022-09-04","0","0","0","0","0","0","0","0","0","0","0","0","0","0","0","0","0","0","0","0","0","0","0","0","0","0","0","0","0","0","0","0","0","0","0","0","0","0","0","0","0","0","0","0","0","0","0","0","0","0","0","0","0","0","0","0","0","0","0","0","0","0","0","0","0","0","0","0","0","0","0","0","0","0","0","0","0","0","0","0","0","0","0","0","0","0","0","0","0","0","0","0","0","0","0","0","0","0","0","0","0","0","0","0","0","0","0","0","0","0","0","0","0","0","0","0","0","0","0","0","0","0","0","0","0","0","0","0","0","0","0","0","0","0","0","0","0","0","0","0","0","0","0","0","0","0","0","0","0","0","0","0","0","0","0","0","0","0","0","0","0","0","0","0","0","0","0","0","0","0","0","0","0","0","0","0","0","0","0","0","0","0","0","0","0","0","32","16","0","0","16","79","0","0","0","0","47","47","547","2563","16","79","94","16","2656","1719","0","79","0","16","79","0","32","0","94","110","188","766","16","32","0","0","0","250","266","0","0","0"
"Croatia","2022-09-18","0","0","0","0","0","0","0","0","0","0","0","0","0","0","0","0","0","0","0","0","0","0","0","0","0","0","0","0","0","0","0","0","0","0","0","0","0","0","0","0","0","0","0","0","0","0","0","0","0","0","0","0","0","0","0","0","0","0","0","0","0","0","0","0","0","0","0","0","0","0","0","0","0","0","0","0","0","0","0","0","0","0","0","0","0","0","0","0","0","0","0","0","0","0","0","0","0","0","0","0","0","0","0","0","0","0","0","0","0","0","0","0","0","0","0","0","0","0","0","0","0","0","0","0","0","0","0","0","0","0","0","0","0","0","0","0","0","0","0","0","0","0","0","0","0","0","0","0","0","0","0","0","0","0","0","0","0","0","0","0","0","0","0","0","0","0","0","0","0","0","0","0","0","0","0","0","0","0","0","0","0","0","0","0","0","0","39","0","0","0","0","26","0","0","0","0","52","104","387","2035","0","65","26","0","2177","1636","13","65","0","0","39","0","13","0","26","91","142","722","26","39","13","0","0","207","477","0","0","0"
"Croatia","2022-10-02","0","0","0","0","0","0","0","0","0","0","0","0","0","0","0","0","0","0","0","0","0","0","0","0","0","0","0","0","0","0","0","0","0","0","0","0","0","0","0","0","0","0","0","0","0","0","0","0","0","0","0","0","0","0","0","0","0","0","0","0","0","0","0","0","0","0","0","0","0","0","0","0","0","0","0","0","0","0","0","0","0","0","0","0","0","0","0","0","0","0","0","0","0","0","0","0","0","0","0","0","0","0","0","0","0","0","0","0","0","0","0","0","0","0","0","0","0","0","0","0","0","0","0","0","0","0","0","0","0","0","0","0","0","0","0","0","0","0","0","0","0","0","0","0","0","0","0","0","0","0","0","0","0","0","0","0","0","0","0","0","0","0","0","0","0","0","0","0","0","0","0","0","0","0","0","0","0","0","0","0","0","0","0","0","0","0","0","178","0","0","89","89","0","0","89","0","89","89","267","1156","0","0","0","0","3112","1957","89","89","0","0","0","0","0","0","178","0","178","623","0","0","0","0","0","356","267","0","0","0"
"Croatia","2022-10-16","0","0","0","0","0","0","0","0","0","0","0","0","0","0","0","0","0","0","0","0","0","0","0","0","0","0","0","0","0","0","0","0","0","0","0","0","0","0","0","0","0","0","0","0","0","0","0","0","0","0","0","0","0","0","0","0","0","0","0","0","0","0","0","0","0","0","0","0","0","0","0","0","0","0","0","0","0","0","0","0","0","0","0","0","0","0","0","0","0","0","0","0","0","0","0","0","0","0","0","0","0","0","0","0","0","0","0","0","0","0","0","0","0","0","0","0","0","0","0","0","0","0","0","0","0","0","0","0","0","0","0","0","0","0","0","0","0","0","0","0","0","0","0","0","0","0","0","0","0","0","0","0","0","0","0","0","0","0","0","0","0","0","0","0","0","0","0","0","0","0","0","0","0","0","0","0","0","0","0","0","0","0","0","0","0","0","0","0","0","0","0","0","0","0","0","0","0","0","0","0","0","0","0","0","0","0","0","0","0","0","0","0","0","0","0","0","0","0","0","0","0","0","0","0","0","0","0","8036"
"Croatia","2022-10-30","0","0","0","0","0","0","0","0","0","0","0","0","0","0","0","0","0","0","0","0","0","0","0","0","0","0","0","0","0","0","0","0","0","0","0","0","0","0","0","0","0","0","0","0","0","0","0","0","0","0","0","0","0","0","0","0","0","0","0","0","0","0","0","0","0","0","0","0","0","0","0","0","0","0","0","0","0","0","0","0","0","0","0","0","0","0","0","0","0","0","0","0","0","0","0","0","0","0","0","0","0","0","0","0","0","0","0","0","0","0","0","0","0","0","0","0","0","0","0","0","0","0","0","0","0","0","0","0","0","0","0","0","0","0","0","0","0","0","0","0","0","0","0","0","0","0","0","0","0","0","0","0","0","0","0","0","0","0","0","0","0","0","0","0","0","0","0","0","0","0","0","0","0","0","0","0","0","0","0","0","0","0","0","0","0","0","0","0","0","0","0","0","0","0","0","0","0","0","0","0","0","0","0","0","0","0","0","0","0","0","0","0","0","0","0","0","0","0","0","0","0","0","0","0","0","0","0","5895"
